image_path,label,gradable,split
DR_grading/train/007-3100-100.jpg,1,1,train
synthetic_ungradable/synth_ungradable_00353_bright.jpg,5,0,train
DR_grading/train/007-3198-100.jpg,2,1,train
synthetic_ungradable/synth_ungradable_00905_bright.jpg,5,0,train
DR_grading/train/007-3293-200.jpg,2,1,train
DR_grading/train/007-4070-200.jpg,2,1,train
synthetic_ungradable/synth_ungradable_00938_blur.jpg,5,0,train
DR_grading/train/007-1047-000.jpg,1,1,train
synthetic_ungradable/synth_ungradable_00065_bright.jpg,5,0,train
DR_grading/train/007-6886-400.jpg,4,1,train
synthetic_ungradable/synth_ungradable_00056_dark.jpg,5,0,train
DR_grading/train/007-6236-300.jpg,2,1,train
DR_grading/train/007-6122-300.jpg,2,1,train
synthetic_ungradable/synth_ungradable_00584_blur.jpg,5,0,train
synthetic_ungradable/synth_ungradable_00374_bright.jpg,5,0,train
synthetic_ungradable/synth_ungradable_00275_blur.jpg,5,0,train
synthetic_ungradable/synth_ungradable_00746_dark.jpg,5,0,train
synthetic_ungradable/synth_ungradable_00128_blur.jpg,5,0,train
DR_grading/train/007-3710-200.jpg,2,1,train
DR_grading/train/007-4186-200.jpg,2,1,train
synthetic_ungradable/synth_ungradable_00674_blur.jpg,5,0,train
DR_grading/train/007-7181-400.jpg,4,1,train
DR_grading/train/007-6799-400.jpg,4,1,train
DR_grading/train/20170330213316497.jpg,0,1,train
DR_grading/train/007-5265-300.jpg,2,1,train
synthetic_ungradable/synth_ungradable_00099_blur.jpg,5,0,train
DR_grading/train/007-0560-000.jpg,0,1,train
synthetic_ungradable/synth_ungradable_00964_blur.jpg,5,0,train
synthetic_ungradable/synth_ungradable_00792_dark.jpg,5,0,train
synthetic_ungradable/synth_ungradable_00029_bright.jpg,5,0,train
synthetic_ungradable/synth_ungradable_00628_blur.jpg,5,0,train
synthetic_ungradable/synth_ungradable_00944_blur.jpg,5,0,train
synthetic_ungradable/synth_ungradable_00572_dark.jpg,5,0,train
synthetic_ungradable/synth_ungradable_00907_bright.jpg,5,0,train
DR_grading/train/007-3812-200.jpg,2,1,train
synthetic_ungradable/synth_ungradable_00450_blur.jpg,5,0,train
DR_grading/train/20170407222112733.jpg,0,1,train
DR_grading/train/20170226231939446.jpg,0,1,train
DR_grading/train/007-2697-100.jpg,1,1,train
synthetic_ungradable/synth_ungradable_00254_blur.jpg,5,0,train
synthetic_ungradable/synth_ungradable_00124_blur.jpg,5,0,train
DR_grading/train/007-3569-200.jpg,2,1,train
synthetic_ungradable/synth_ungradable_00251_blur.jpg,5,0,train
synthetic_ungradable/synth_ungradable_00585_dark.jpg,5,0,train
DR_grading/train/20170214145428338.jpg,0,1,train
synthetic_ungradable/synth_ungradable_00824_dark.jpg,5,0,train
synthetic_ungradable/synth_ungradable_00507_blur.jpg,5,0,train
synthetic_ungradable/synth_ungradable_00889_blur.jpg,5,0,train
synthetic_ungradable/synth_ungradable_00070_blur.jpg,5,0,train
DR_grading/train/007-5415-300.jpg,2,1,train
DR_grading/train/007-1203-000.jpg,0,1,train
synthetic_ungradable/synth_ungradable_00247_bright.jpg,5,0,train
DR_grading/train/007-3659-200.jpg,2,1,train
synthetic_ungradable/synth_ungradable_00212_dark.jpg,5,0,train
synthetic_ungradable/synth_ungradable_00909_blur.jpg,5,0,train
DR_grading/train/20170221161327553.jpg,0,1,train
DR_grading/train/20170220140114740.jpg,0,1,train
DR_grading/train/007-6297-400.jpg,4,1,train
DR_grading/train/007-6640-400.jpg,4,1,train
synthetic_ungradable/synth_ungradable_00361_blur.jpg,5,0,train
DR_grading/train/007-6828-400.jpg,4,1,train
synthetic_ungradable/synth_ungradable_00678_blur.jpg,5,0,train
DR_grading/train/007-6763-400.jpg,4,1,train
DR_grading/train/20170405144029792.jpg,0,1,train
DR_grading/train/007-6834-400.jpg,4,1,train
DR_grading/train/007-5165-300.jpg,2,1,train
synthetic_ungradable/synth_ungradable_00987_dark.jpg,5,0,train
DR_grading/train/007-3475-200.jpg,2,1,train
synthetic_ungradable/synth_ungradable_00111_blur.jpg,5,0,train
DR_grading/train/20170408223500289.jpg,0,1,train
DR_grading/train/007-0115-000.jpg,0,1,train
synthetic_ungradable/synth_ungradable_00383_dark.jpg,5,0,train
DR_grading/train/007-0052-000.jpg,0,1,train
DR_grading/train/007-4843-300.jpg,2,1,train
synthetic_ungradable/synth_ungradable_00755_dark.jpg,5,0,train
synthetic_ungradable/synth_ungradable_00324_bright.jpg,5,0,train
DR_grading/train/007-3931-200.jpg,3,1,train
synthetic_ungradable/synth_ungradable_00787_bright.jpg,5,0,train
synthetic_ungradable/synth_ungradable_00368_blur.jpg,5,0,train
DR_grading/train/007-2741-100.jpg,2,1,train
synthetic_ungradable/synth_ungradable_00069_dark.jpg,5,0,train
synthetic_ungradable/synth_ungradable_00857_bright.jpg,5,0,train
DR_grading/train/007-3778-200.jpg,2,1,train
DR_grading/train/007-2480-100.jpg,1,1,train
DR_grading/train/007-1754-100.jpg,2,1,train
DR_grading/train/20170331112121587.jpg,0,1,train
DR_grading/train/20170124162501604.jpg,0,1,train
synthetic_ungradable/synth_ungradable_00478_bright.jpg,5,0,train
synthetic_ungradable/synth_ungradable_00281_blur.jpg,5,0,train
DR_grading/train/007-4185-200.jpg,2,1,train
DR_grading/train/007-4337-200.jpg,3,1,train
DR_grading/train/20170224170411991.jpg,0,1,train
synthetic_ungradable/synth_ungradable_00210_blur.jpg,5,0,train
synthetic_ungradable/synth_ungradable_00297_blur.jpg,5,0,train
DR_grading/train/007-2624-100.jpg,2,1,train
DR_grading/train/007-6549-400.jpg,4,1,train
synthetic_ungradable/synth_ungradable_00651_blur.jpg,5,0,train
DR_grading/train/007-6984-400.jpg,4,1,train
DR_grading/train/20170324075706591.jpg,0,1,train
DR_grading/train/007-5947-300.jpg,2,1,train
synthetic_ungradable/synth_ungradable_00916_blur.jpg,5,0,train
synthetic_ungradable/synth_ungradable_00993_dark.jpg,5,0,train
synthetic_ungradable/synth_ungradable_00429_bright.jpg,5,0,train
DR_grading/train/20170221104145522.jpg,0,1,train
synthetic_ungradable/synth_ungradable_00239_dark.jpg,5,0,train
synthetic_ungradable/synth_ungradable_00879_dark.jpg,5,0,train
synthetic_ungradable/synth_ungradable_00620_blur.jpg,5,0,train
synthetic_ungradable/synth_ungradable_00256_bright.jpg,5,0,train
synthetic_ungradable/synth_ungradable_00611_dark.jpg,5,0,train
synthetic_ungradable/synth_ungradable_00544_blur.jpg,5,0,train
synthetic_ungradable/synth_ungradable_00771_blur.jpg,5,0,train
DR_grading/train/007-1283-000.jpg,0,1,train
DR_grading/train/007-4399-200.jpg,2,1,train
DR_grading/train/007-1121-000.jpg,0,1,train
synthetic_ungradable/synth_ungradable_00759_dark.jpg,5,0,train
synthetic_ungradable/synth_ungradable_00382_dark.jpg,5,0,train
DR_grading/train/007-3267-100.jpg,1,1,train
synthetic_ungradable/synth_ungradable_00973_blur.jpg,5,0,train
synthetic_ungradable/synth_ungradable_00352_blur.jpg,5,0,train
DR_grading/train/20170327103857079.jpg,0,1,train
DR_grading/train/007-0077-000.jpg,0,1,train
DR_grading/train/007-5554-300.jpg,2,1,train
DR_grading/train/007-0718-000.jpg,0,1,train
synthetic_ungradable/synth_ungradable_00494_blur.jpg,5,0,train
synthetic_ungradable/synth_ungradable_00393_blur.jpg,5,0,train
DR_grading/train/007-1792-100.jpg,0,1,train
synthetic_ungradable/synth_ungradable_00464_bright.jpg,5,0,train
synthetic_ungradable/synth_ungradable_00886_blur.jpg,5,0,train
DR_grading/train/007-4791-300.jpg,2,1,train
synthetic_ungradable/synth_ungradable_00366_bright.jpg,5,0,train
DR_grading/train/007-2232-100.jpg,1,1,train
DR_grading/train/007-0041-000.jpg,0,1,train
synthetic_ungradable/synth_ungradable_00744_dark.jpg,5,0,train
synthetic_ungradable/synth_ungradable_00529_bright.jpg,5,0,train
synthetic_ungradable/synth_ungradable_00802_blur.jpg,5,0,train
DR_grading/train/20170324085722015.jpg,0,1,train
DR_grading/train/007-6956-400.jpg,4,1,train
DR_grading/train/007-0651-000.jpg,2,1,train
DR_grading/train/007-4686-200.jpg,2,1,train
DR_grading/train/007-3629-200.jpg,2,1,train
DR_grading/train/007-1158-000.jpg,0,1,train
synthetic_ungradable/synth_ungradable_00306_bright.jpg,5,0,train
DR_grading/train/007-6245-300.jpg,2,1,train
synthetic_ungradable/synth_ungradable_00862_dark.jpg,5,0,train
DR_grading/train/007-1008-000.jpg,0,1,train
synthetic_ungradable/synth_ungradable_00530_blur.jpg,5,0,train
synthetic_ungradable/synth_ungradable_00654_bright.jpg,5,0,train
DR_grading/train/007-2695-100.jpg,1,1,train
synthetic_ungradable/synth_ungradable_00233_blur.jpg,5,0,train
synthetic_ungradable/synth_ungradable_00120_dark.jpg,5,0,train
DR_grading/train/20170408225905445.jpg,0,1,train
synthetic_ungradable/synth_ungradable_00949_blur.jpg,5,0,train
synthetic_ungradable/synth_ungradable_00617_blur.jpg,5,0,train
DR_grading/train/20170208143852512.jpg,0,1,train
synthetic_ungradable/synth_ungradable_00307_blur.jpg,5,0,train
synthetic_ungradable/synth_ungradable_00135_blur.jpg,5,0,train
synthetic_ungradable/synth_ungradable_00554_bright.jpg,5,0,train
DR_grading/train/007-4886-300.jpg,2,1,train
synthetic_ungradable/synth_ungradable_00583_bright.jpg,5,0,train
DR_grading/train/007-4978-300.jpg,2,1,train
synthetic_ungradable/synth_ungradable_00670_blur.jpg,5,0,train
synthetic_ungradable/synth_ungradable_00834_blur.jpg,5,0,train
synthetic_ungradable/synth_ungradable_00109_dark.jpg,5,0,train
DR_grading/train/007-5023-300.jpg,2,1,train
DR_grading/train/007-6666-400.jpg,4,1,train
DR_grading/train/20170408232758270.jpg,0,1,train
DR_grading/train/007-4351-200.jpg,2,1,train
DR_grading/train/20170407231602454.jpg,0,1,train
synthetic_ungradable/synth_ungradable_00211_bright.jpg,5,0,train
DR_grading/train/007-1806-100.jpg,0,1,train
DR_grading/train/007-0154-000.jpg,0,1,train
synthetic_ungradable/synth_ungradable_00679_blur.jpg,5,0,train
DR_grading/train/007-1125-000.jpg,0,1,train
DR_grading/train/007-1411-000.jpg,0,1,train
synthetic_ungradable/synth_ungradable_00411_blur.jpg,5,0,train
DR_grading/train/20170224110136437.jpg,0,1,train
synthetic_ungradable/synth_ungradable_00782_bright.jpg,5,0,train
DR_grading/train/007-2632-100.jpg,1,1,train
synthetic_ungradable/synth_ungradable_00874_dark.jpg,5,0,train
DR_grading/train/20170220095322315.jpg,0,1,train
DR_grading/train/007-4747-200.jpg,2,1,train
synthetic_ungradable/synth_ungradable_00785_blur.jpg,5,0,train
DR_grading/train/007-2124-100.jpg,1,1,train
DR_grading/train/20170220175651790.jpg,0,1,train
synthetic_ungradable/synth_ungradable_00807_dark.jpg,5,0,train
synthetic_ungradable/synth_ungradable_00712_dark.jpg,5,0,train
DR_grading/train/007-3942-200.jpg,2,1,train
DR_grading/train/007-1979-100.jpg,2,1,train
DR_grading/train/007-3986-200.jpg,2,1,train
DR_grading/train/007-5976-300.jpg,2,1,train
synthetic_ungradable/synth_ungradable_00602_blur.jpg,5,0,train
synthetic_ungradable/synth_ungradable_00270_bright.jpg,5,0,train
DR_grading/train/007-1927-100.jpg,2,1,train
synthetic_ungradable/synth_ungradable_00231_blur.jpg,5,0,train
synthetic_ungradable/synth_ungradable_00049_bright.jpg,5,0,train
synthetic_ungradable/synth_ungradable_00462_dark.jpg,5,0,train
DR_grading/train/007-5071-300.jpg,2,1,train
synthetic_ungradable/synth_ungradable_00855_bright.jpg,5,0,train
synthetic_ungradable/synth_ungradable_00693_bright.jpg,5,0,train
DR_grading/train/007-0770-000.jpg,0,1,train
DR_grading/train/007-2130-100.jpg,0,1,train
synthetic_ungradable/synth_ungradable_00526_dark.jpg,5,0,train
synthetic_ungradable/synth_ungradable_00173_dark.jpg,5,0,train
synthetic_ungradable/synth_ungradable_00720_dark.jpg,5,0,train
synthetic_ungradable/synth_ungradable_00414_blur.jpg,5,0,train
synthetic_ungradable/synth_ungradable_00237_blur.jpg,5,0,train
DR_grading/train/007-2764-100.jpg,1,1,train
DR_grading/train/007-5019-300.jpg,2,1,train
DR_grading/train/007-3850-200.jpg,2,1,train
synthetic_ungradable/synth_ungradable_00023_blur.jpg,5,0,train
DR_grading/train/007-6988-400.jpg,4,1,train
synthetic_ungradable/synth_ungradable_00063_dark.jpg,5,0,train
synthetic_ungradable/synth_ungradable_00289_blur.jpg,5,0,train
synthetic_ungradable/synth_ungradable_00188_dark.jpg,5,0,train
synthetic_ungradable/synth_ungradable_00701_bright.jpg,5,0,train
DR_grading/train/007-6220-300.jpg,2,1,train
DR_grading/train/007-4329-200.jpg,2,1,train
synthetic_ungradable/synth_ungradable_00354_dark.jpg,5,0,train
synthetic_ungradable/synth_ungradable_00416_blur.jpg,5,0,train
DR_grading/train/007-2438-100.jpg,2,1,train
synthetic_ungradable/synth_ungradable_00930_blur.jpg,5,0,train
synthetic_ungradable/synth_ungradable_00196_bright.jpg,5,0,train
synthetic_ungradable/synth_ungradable_00579_dark.jpg,5,0,train
DR_grading/train/20170308092312055.jpg,0,1,train
DR_grading/train/20170327092530674.jpg,0,1,train
DR_grading/train/007-0932-000.jpg,0,1,train
synthetic_ungradable/synth_ungradable_00433_bright.jpg,5,0,train
synthetic_ungradable/synth_ungradable_00100_dark.jpg,5,0,train
DR_grading/train/20170226093758363.jpg,0,1,train
synthetic_ungradable/synth_ungradable_00394_blur.jpg,5,0,train
DR_grading/train/20170329100407573.jpg,0,1,train
synthetic_ungradable/synth_ungradable_00220_bright.jpg,5,0,train
DR_grading/train/007-1907-100.jpg,2,1,train
DR_grading/train/20170406110331629.jpg,0,1,train
DR_grading/train/007-2175-100.jpg,2,1,train
synthetic_ungradable/synth_ungradable_00344_bright.jpg,5,0,train
DR_grading/train/20170323141914278.jpg,0,1,train
synthetic_ungradable/synth_ungradable_00888_bright.jpg,5,0,train
DR_grading/train/007-1435-000.jpg,0,1,train
synthetic_ungradable/synth_ungradable_00552_blur.jpg,5,0,train
synthetic_ungradable/synth_ungradable_00743_blur.jpg,5,0,train
DR_grading/train/007-1215-000.jpg,0,1,train
synthetic_ungradable/synth_ungradable_00538_blur.jpg,5,0,train
synthetic_ungradable/synth_ungradable_00906_blur.jpg,5,0,train
DR_grading/train/007-2510-100.jpg,2,1,train
synthetic_ungradable/synth_ungradable_00115_bright.jpg,5,0,train
synthetic_ungradable/synth_ungradable_00829_blur.jpg,5,0,train
DR_grading/train/007-2966-100.jpg,0,1,train
synthetic_ungradable/synth_ungradable_00808_bright.jpg,5,0,train
DR_grading/train/007-4296-200.jpg,2,1,train
DR_grading/train/007-6464-400.jpg,4,1,train
synthetic_ungradable/synth_ungradable_00305_blur.jpg,5,0,train
DR_grading/train/20170122105713241.jpg,0,1,train
synthetic_ungradable/synth_ungradable_00479_dark.jpg,5,0,train
DR_grading/train/007-4376-200.jpg,2,1,train
DR_grading/train/007-0271-000.jpg,0,1,train
synthetic_ungradable/synth_ungradable_00570_dark.jpg,5,0,train
synthetic_ungradable/synth_ungradable_00618_bright.jpg,5,0,train
DR_grading/train/20170407083344969.jpg,0,1,train
DR_grading/train/20170407130846505.jpg,0,1,train
synthetic_ungradable/synth_ungradable_00078_bright.jpg,5,0,train
DR_grading/train/007-3810-200.jpg,2,1,train
synthetic_ungradable/synth_ungradable_00032_blur.jpg,5,0,train
DR_grading/train/20170324140847654.jpg,0,1,train
DR_grading/train/007-0009-000.jpg,0,1,train
DR_grading/train/007-6439-400.jpg,4,1,train
synthetic_ungradable/synth_ungradable_00351_blur.jpg,5,0,train
synthetic_ungradable/synth_ungradable_00163_blur.jpg,5,0,train
synthetic_ungradable/synth_ungradable_00203_bright.jpg,5,0,train
DR_grading/train/007-7498-601.jpg,2,1,train
DR_grading/train/007-1167-000.jpg,0,1,train
DR_grading/train/007-1931-100.jpg,2,1,train
synthetic_ungradable/synth_ungradable_00495_bright.jpg,5,0,train
DR_grading/train/20170407215111570.jpg,0,1,train
DR_grading/train/007-6194-300.jpg,2,1,train
DR_grading/train/007-0501-000.jpg,0,1,train
synthetic_ungradable/synth_ungradable_00610_blur.jpg,5,0,train
synthetic_ungradable/synth_ungradable_00432_bright.jpg,5,0,train
DR_grading/train/20170329102416314.jpg,0,1,train
synthetic_ungradable/synth_ungradable_00218_blur.jpg,5,0,train
DR_grading/train/007-0825-000.jpg,0,1,train
DR_grading/train/007-4779-200.jpg,2,1,train
synthetic_ungradable/synth_ungradable_00630_blur.jpg,5,0,train
DR_grading/train/007-4997-300.jpg,2,1,train
DR_grading/train/20170223145817474.jpg,0,1,train
synthetic_ungradable/synth_ungradable_00059_blur.jpg,5,0,train
synthetic_ungradable/synth_ungradable_00298_dark.jpg,5,0,train
DR_grading/train/007-5202-300.jpg,2,1,train
synthetic_ungradable/synth_ungradable_00073_dark.jpg,5,0,train
synthetic_ungradable/synth_ungradable_00162_blur.jpg,5,0,train
DR_grading/train/007-1579-000.jpg,0,1,train
DR_grading/train/007-6811-400.jpg,4,1,train
DR_grading/train/007-4491-200.jpg,2,1,train
DR_grading/train/007-2348-100.jpg,1,1,train
synthetic_ungradable/synth_ungradable_00591_dark.jpg,5,0,train
synthetic_ungradable/synth_ungradable_00316_dark.jpg,5,0,train
synthetic_ungradable/synth_ungradable_00045_bright.jpg,5,0,train
DR_grading/train/007-2352-100.jpg,0,1,train
DR_grading/train/007-6318-400.jpg,4,1,train
synthetic_ungradable/synth_ungradable_00427_blur.jpg,5,0,train
synthetic_ungradable/synth_ungradable_00581_blur.jpg,5,0,train
synthetic_ungradable/synth_ungradable_00076_bright.jpg,5,0,train
DR_grading/train/007-5986-300.jpg,2,1,train
DR_grading/train/20170217105824807.jpg,0,1,train
synthetic_ungradable/synth_ungradable_00780_dark.jpg,5,0,train
DR_grading/train/007-1238-000.jpg,0,1,train
DR_grading/train/20170203145751000.jpg,0,1,train
DR_grading/train/20170226220519495.jpg,0,1,train
synthetic_ungradable/synth_ungradable_00937_dark.jpg,5,0,train
synthetic_ungradable/synth_ungradable_00030_blur.jpg,5,0,train
DR_grading/train/007-7251-400.jpg,4,1,train
DR_grading/train/007-4701-200.jpg,2,1,train
DR_grading/train/007-6893-400.jpg,4,1,train
synthetic_ungradable/synth_ungradable_00974_bright.jpg,5,0,train
DR_grading/train/007-7206-400.jpg,4,1,train
synthetic_ungradable/synth_ungradable_00514_blur.jpg,5,0,train
DR_grading/train/007-5612-300.jpg,2,1,train
DR_grading/train/007-3368-200.jpg,2,1,train
DR_grading/train/007-2765-100.jpg,2,1,train
DR_grading/train/007-2806-100.jpg,2,1,train
synthetic_ungradable/synth_ungradable_00044_blur.jpg,5,0,train
DR_grading/train/20170323081646616.jpg,0,1,train
synthetic_ungradable/synth_ungradable_00168_dark.jpg,5,0,train
synthetic_ungradable/synth_ungradable_00303_blur.jpg,5,0,train
synthetic_ungradable/synth_ungradable_00990_bright.jpg,5,0,train
synthetic_ungradable/synth_ungradable_00555_bright.jpg,5,0,train
DR_grading/train/20170328084550454.jpg,0,1,train
synthetic_ungradable/synth_ungradable_00607_blur.jpg,5,0,train
DR_grading/train/007-1855-100.jpg,2,1,train
synthetic_ungradable/synth_ungradable_00757_blur.jpg,5,0,train
synthetic_ungradable/synth_ungradable_00438_blur.jpg,5,0,train
synthetic_ungradable/synth_ungradable_00582_blur.jpg,5,0,train
DR_grading/train/007-4402-200.jpg,2,1,train
synthetic_ungradable/synth_ungradable_00527_dark.jpg,5,0,train
synthetic_ungradable/synth_ungradable_00342_blur.jpg,5,0,train
DR_grading/train/007-5351-300.jpg,2,1,train
synthetic_ungradable/synth_ungradable_00367_blur.jpg,5,0,train
synthetic_ungradable/synth_ungradable_00185_bright.jpg,5,0,train
DR_grading/train/007-3628-200.jpg,2,1,train
DR_grading/train/20170228000229136.jpg,0,1,train
DR_grading/train/007-4472-200.jpg,2,1,train
synthetic_ungradable/synth_ungradable_00300_blur.jpg,5,0,train
DR_grading/train/007-0892-000.jpg,0,1,train
synthetic_ungradable/synth_ungradable_00832_bright.jpg,5,0,train
synthetic_ungradable/synth_ungradable_00543_dark.jpg,5,0,train
DR_grading/train/20170407092042980.jpg,0,1,train
synthetic_ungradable/synth_ungradable_00350_dark.jpg,5,0,train
DR_grading/train/007-1735-000.jpg,0,1,train
DR_grading/train/007-2506-100.jpg,2,1,train
synthetic_ungradable/synth_ungradable_00978_dark.jpg,5,0,train
synthetic_ungradable/synth_ungradable_00175_dark.jpg,5,0,train
synthetic_ungradable/synth_ungradable_00482_dark.jpg,5,0,train
DR_grading/train/20170331092345763.jpg,0,1,train
DR_grading/train/007-7005-400.jpg,4,1,train
synthetic_ungradable/synth_ungradable_00123_blur.jpg,5,0,train
synthetic_ungradable/synth_ungradable_00599_dark.jpg,5,0,train
DR_grading/train/007-1092-000.jpg,0,1,train
DR_grading/train/20170408230124364.jpg,0,1,train
DR_grading/train/007-3555-200.jpg,2,1,train
DR_grading/train/007-2886-100.jpg,0,1,train
synthetic_ungradable/synth_ungradable_00485_blur.jpg,5,0,train
synthetic_ungradable/synth_ungradable_00331_blur.jpg,5,0,train
synthetic_ungradable/synth_ungradable_00788_dark.jpg,5,0,train
synthetic_ungradable/synth_ungradable_00194_bright.jpg,5,0,train
synthetic_ungradable/synth_ungradable_00637_blur.jpg,5,0,train
synthetic_ungradable/synth_ungradable_00471_bright.jpg,5,0,train
DR_grading/train/20170224113109074.jpg,0,1,train
synthetic_ungradable/synth_ungradable_00322_bright.jpg,5,0,train
DR_grading/train/20170323101805685.jpg,0,1,train
synthetic_ungradable/synth_ungradable_00266_bright.jpg,5,0,train
DR_grading/train/007-5671-300.jpg,2,1,train
DR_grading/train/007-2915-100.jpg,2,1,train
synthetic_ungradable/synth_ungradable_00067_blur.jpg,5,0,train
DR_grading/train/20170407092851317.jpg,0,1,train
DR_grading/train/007-3577-200.jpg,2,1,train
DR_grading/train/20170323085109242.jpg,0,1,train
synthetic_ungradable/synth_ungradable_00480_blur.jpg,5,0,train
DR_grading/train/007-6167-300.jpg,2,1,train
DR_grading/train/007-6726-400.jpg,2,1,train
DR_grading/train/007-0930-000.jpg,0,1,train
DR_grading/train/007-4805-300.jpg,2,1,train
synthetic_ungradable/synth_ungradable_00887_dark.jpg,5,0,train
synthetic_ungradable/synth_ungradable_00422_blur.jpg,5,0,train
DR_grading/train/20170324090524051.jpg,0,1,train
DR_grading/train/20170310100246469.jpg,0,1,train
synthetic_ungradable/synth_ungradable_00764_blur.jpg,5,0,train
synthetic_ungradable/synth_ungradable_00519_blur.jpg,5,0,train
DR_grading/train/20170324093012531.jpg,0,1,train
synthetic_ungradable/synth_ungradable_00613_blur.jpg,5,0,train
DR_grading/train/007-0246-000.jpg,0,1,train
DR_grading/train/007-5594-300.jpg,2,1,train
DR_grading/train/007-5112-300.jpg,2,1,train
synthetic_ungradable/synth_ungradable_00453_blur.jpg,5,0,train
synthetic_ungradable/synth_ungradable_00730_bright.jpg,5,0,train
synthetic_ungradable/synth_ungradable_00534_blur.jpg,5,0,train
synthetic_ungradable/synth_ungradable_00965_bright.jpg,5,0,train
DR_grading/train/007-3871-200.jpg,2,1,train
DR_grading/train/20170224220101554.jpg,0,1,train
synthetic_ungradable/synth_ungradable_00261_blur.jpg,5,0,train
synthetic_ungradable/synth_ungradable_00535_blur.jpg,5,0,train
synthetic_ungradable/synth_ungradable_00968_blur.jpg,5,0,train
synthetic_ungradable/synth_ungradable_00240_dark.jpg,5,0,train
synthetic_ungradable/synth_ungradable_00819_blur.jpg,5,0,train
synthetic_ungradable/synth_ungradable_00692_bright.jpg,5,0,train
synthetic_ungradable/synth_ungradable_00420_bright.jpg,5,0,train
DR_grading/train/20170330220158270.jpg,0,1,train
DR_grading/train/20170301142643263.jpg,0,1,train
synthetic_ungradable/synth_ungradable_00365_bright.jpg,5,0,train
DR_grading/train/007-2492-100.jpg,1,1,train
DR_grading/train/007-6466-400.jpg,4,1,train
synthetic_ungradable/synth_ungradable_00588_bright.jpg,5,0,train
synthetic_ungradable/synth_ungradable_00736_blur.jpg,5,0,train
DR_grading/train/007-2256-100.jpg,0,1,train
synthetic_ungradable/synth_ungradable_00941_blur.jpg,5,0,train
synthetic_ungradable/synth_ungradable_00071_dark.jpg,5,0,train
DR_grading/train/007-0362-000.jpg,0,1,train
synthetic_ungradable/synth_ungradable_00259_blur.jpg,5,0,train
synthetic_ungradable/synth_ungradable_00051_blur.jpg,5,0,train
synthetic_ungradable/synth_ungradable_00198_dark.jpg,5,0,train
DR_grading/train/20170214214211574.jpg,0,1,train
synthetic_ungradable/synth_ungradable_00650_blur.jpg,5,0,train
synthetic_ungradable/synth_ungradable_00332_dark.jpg,5,0,train
DR_grading/train/20170407234350948.jpg,0,1,train
synthetic_ungradable/synth_ungradable_00593_dark.jpg,5,0,train
DR_grading/train/007-2849-100.jpg,2,1,train
DR_grading/train/007-6557-400.jpg,4,1,train
DR_grading/train/007-3997-200.jpg,2,1,train
DR_grading/train/007-0982-000.jpg,0,1,train
DR_grading/train/007-0390-000.jpg,0,1,train
DR_grading/train/007-5590-300.jpg,2,1,train
synthetic_ungradable/synth_ungradable_00426_dark.jpg,5,0,train
DR_grading/train/007-1732-000.jpg,0,1,train
DR_grading/train/007-0100-000.jpg,0,1,train
synthetic_ungradable/synth_ungradable_00590_blur.jpg,5,0,train
DR_grading/train/007-5877-300.jpg,2,1,train
DR_grading/train/007-7535-601.jpg,2,1,train
DR_grading/train/007-3153-100.jpg,2,1,train
synthetic_ungradable/synth_ungradable_00985_dark.jpg,5,0,train
synthetic_ungradable/synth_ungradable_00398_bright.jpg,5,0,train
DR_grading/train/007-3287-200.jpg,2,1,train
synthetic_ungradable/synth_ungradable_00436_dark.jpg,5,0,train
synthetic_ungradable/synth_ungradable_00192_blur.jpg,5,0,train
DR_grading/train/20170227100228221.jpg,0,1,train
synthetic_ungradable/synth_ungradable_00614_dark.jpg,5,0,train
DR_grading/train/007-0397-000.jpg,0,1,train
synthetic_ungradable/synth_ungradable_00576_blur.jpg,5,0,train
synthetic_ungradable/synth_ungradable_00986_bright.jpg,5,0,train
DR_grading/train/007-2957-100.jpg,2,1,train
synthetic_ungradable/synth_ungradable_00706_dark.jpg,5,0,train
DR_grading/train/007-6142-300.jpg,3,1,train
synthetic_ungradable/synth_ungradable_00141_dark.jpg,5,0,train
DR_grading/train/007-6705-400.jpg,4,1,train
synthetic_ungradable/synth_ungradable_00002_blur.jpg,5,0,train
DR_grading/train/007-1559-000.jpg,0,1,train
DR_grading/train/007-1010-000.jpg,0,1,train
DR_grading/train/007-5204-300.jpg,2,1,train
synthetic_ungradable/synth_ungradable_00339_blur.jpg,5,0,train
DR_grading/train/007-4015-200.jpg,2,1,train
DR_grading/train/007-2415-100.jpg,1,1,train
synthetic_ungradable/synth_ungradable_00483_bright.jpg,5,0,train
synthetic_ungradable/synth_ungradable_00265_blur.jpg,5,0,train
synthetic_ungradable/synth_ungradable_00376_bright.jpg,5,0,train
synthetic_ungradable/synth_ungradable_00741_blur.jpg,5,0,train
DR_grading/train/007-3477-200.jpg,2,1,train
synthetic_ungradable/synth_ungradable_00439_bright.jpg,5,0,train
synthetic_ungradable/synth_ungradable_00271_dark.jpg,5,0,train
synthetic_ungradable/synth_ungradable_00184_dark.jpg,5,0,train
synthetic_ungradable/synth_ungradable_00939_dark.jpg,5,0,train
synthetic_ungradable/synth_ungradable_00244_dark.jpg,5,0,train
synthetic_ungradable/synth_ungradable_00931_blur.jpg,5,0,train
synthetic_ungradable/synth_ungradable_00445_blur.jpg,5,0,train
synthetic_ungradable/synth_ungradable_00596_blur.jpg,5,0,train
synthetic_ungradable/synth_ungradable_00817_blur.jpg,5,0,train
DR_grading/train/007-4410-200.jpg,2,1,train
DR_grading/train/20170329093012953.jpg,0,1,train
synthetic_ungradable/synth_ungradable_00486_bright.jpg,5,0,train
synthetic_ungradable/synth_ungradable_00680_blur.jpg,5,0,train
synthetic_ungradable/synth_ungradable_00415_blur.jpg,5,0,train
synthetic_ungradable/synth_ungradable_00273_bright.jpg,5,0,train
DR_grading/train/007-6228-300.jpg,2,1,train
DR_grading/train/007-1082-000.jpg,0,1,train
DR_grading/train/007-0672-000.jpg,0,1,train
synthetic_ungradable/synth_ungradable_00250_blur.jpg,5,0,train
synthetic_ungradable/synth_ungradable_00413_dark.jpg,5,0,train
DR_grading/train/20170329080834348.jpg,0,1,train
DR_grading/train/007-6394-400.jpg,4,1,train
synthetic_ungradable/synth_ungradable_00715_dark.jpg,5,0,train
synthetic_ungradable/synth_ungradable_00310_blur.jpg,5,0,train
synthetic_ungradable/synth_ungradable_00926_dark.jpg,5,0,train
synthetic_ungradable/synth_ungradable_00381_dark.jpg,5,0,train
DR_grading/train/007-6921-400.jpg,4,1,train
synthetic_ungradable/synth_ungradable_00425_bright.jpg,5,0,train
DR_grading/train/007-3393-200.jpg,2,1,train
synthetic_ungradable/synth_ungradable_00532_bright.jpg,5,0,train
synthetic_ungradable/synth_ungradable_00752_blur.jpg,5,0,train
synthetic_ungradable/synth_ungradable_00765_bright.jpg,5,0,train
DR_grading/train/007-6855-400.jpg,4,1,train
synthetic_ungradable/synth_ungradable_00408_dark.jpg,5,0,train
DR_grading/train/20170224113232654.jpg,0,1,train
synthetic_ungradable/synth_ungradable_00694_dark.jpg,5,0,train
DR_grading/train/007-2433-100.jpg,2,1,train
synthetic_ungradable/synth_ungradable_00548_blur.jpg,5,0,train
synthetic_ungradable/synth_ungradable_00936_bright.jpg,5,0,train
DR_grading/train/20170222183911260.jpg,0,1,train
DR_grading/train/007-4318-200.jpg,2,1,train
DR_grading/train/007-6761-400.jpg,4,1,train
DR_grading/train/20170324111244129.jpg,0,1,train
synthetic_ungradable/synth_ungradable_00182_blur.jpg,5,0,train
DR_grading/train/007-1404-000.jpg,0,1,train
DR_grading/train/007-1917-100.jpg,0,1,train
synthetic_ungradable/synth_ungradable_00170_blur.jpg,5,0,train
synthetic_ungradable/synth_ungradable_00292_blur.jpg,5,0,train
synthetic_ungradable/synth_ungradable_00561_dark.jpg,5,0,train
DR_grading/train/007-3288-200.jpg,2,1,train
DR_grading/train/007-4551-200.jpg,0,1,train
DR_grading/train/20170215223846997.jpg,0,1,train
synthetic_ungradable/synth_ungradable_00849_blur.jpg,5,0,train
synthetic_ungradable/synth_ungradable_00272_blur.jpg,5,0,train
DR_grading/train/20170406094448477.jpg,0,1,train
DR_grading/train/007-5362-300.jpg,2,1,train
DR_grading/train/20170221162224426.jpg,0,1,train
synthetic_ungradable/synth_ungradable_00371_blur.jpg,5,0,train
DR_grading/train/007-3672-200.jpg,2,1,train
synthetic_ungradable/synth_ungradable_00721_dark.jpg,5,0,train
synthetic_ungradable/synth_ungradable_00733_blur.jpg,5,0,train
synthetic_ungradable/synth_ungradable_00777_bright.jpg,5,0,train
synthetic_ungradable/synth_ungradable_00518_blur.jpg,5,0,train
synthetic_ungradable/synth_ungradable_00334_bright.jpg,5,0,train
synthetic_ungradable/synth_ungradable_00845_dark.jpg,5,0,train
DR_grading/train/007-4041-200.jpg,2,1,train
DR_grading/train/007-0493-000.jpg,0,1,train
DR_grading/train/20170323172134956.jpg,0,1,train
synthetic_ungradable/synth_ungradable_00015_bright.jpg,5,0,train
synthetic_ungradable/synth_ungradable_00707_blur.jpg,5,0,train
synthetic_ungradable/synth_ungradable_00900_blur.jpg,5,0,train
DR_grading/train/007-3579-200.jpg,3,1,train
DR_grading/train/007-5152-300.jpg,2,1,train
synthetic_ungradable/synth_ungradable_00903_bright.jpg,5,0,train
synthetic_ungradable/synth_ungradable_00465_bright.jpg,5,0,train
DR_grading/train/007-3250-100.jpg,1,1,train
synthetic_ungradable/synth_ungradable_00199_bright.jpg,5,0,train
DR_grading/train/20170224212928266.jpg,0,1,train
DR_grading/train/007-5699-300.jpg,2,1,train
DR_grading/train/20170324083513388.jpg,0,1,train
DR_grading/train/007-6103-300.jpg,2,1,train
synthetic_ungradable/synth_ungradable_00998_dark.jpg,5,0,train
synthetic_ungradable/synth_ungradable_00727_bright.jpg,5,0,train
DR_grading/train/007-1797-100.jpg,0,1,train
DR_grading/train/007-1586-000.jpg,0,1,train
DR_grading/train/007-4328-200.jpg,2,1,train
synthetic_ungradable/synth_ungradable_00567_dark.jpg,5,0,train
synthetic_ungradable/synth_ungradable_00043_bright.jpg,5,0,train
synthetic_ungradable/synth_ungradable_00274_dark.jpg,5,0,train
DR_grading/train/20170225105517257.jpg,0,1,train
synthetic_ungradable/synth_ungradable_00101_blur.jpg,5,0,train
DR_grading/train/007-4700-200.jpg,2,1,train
DR_grading/train/20170327094724718.jpg,0,1,train
DR_grading/train/20170324083212839.jpg,0,1,train
synthetic_ungradable/synth_ungradable_00107_bright.jpg,5,0,train
DR_grading/train/007-1134-000.jpg,0,1,train
synthetic_ungradable/synth_ungradable_00497_dark.jpg,5,0,train
DR_grading/train/007-1246-000.jpg,0,1,train
synthetic_ungradable/synth_ungradable_00881_blur.jpg,5,0,train
synthetic_ungradable/synth_ungradable_00756_bright.jpg,5,0,train
synthetic_ungradable/synth_ungradable_00619_blur.jpg,5,0,train
DR_grading/train/007-6149-300.jpg,2,1,train
DR_grading/train/007-2161-100.jpg,1,1,train
synthetic_ungradable/synth_ungradable_00809_bright.jpg,5,0,train
DR_grading/train/007-5738-300.jpg,2,1,train
synthetic_ungradable/synth_ungradable_00072_dark.jpg,5,0,train
DR_grading/train/007-5364-300.jpg,2,1,train
DR_grading/train/007-6362-400.jpg,4,1,train
DR_grading/train/20170329095905784.jpg,0,1,train
DR_grading/train/007-1982-100.jpg,0,1,train
synthetic_ungradable/synth_ungradable_00481_blur.jpg,5,0,train
DR_grading/train/20170221161840282.jpg,0,1,train
synthetic_ungradable/synth_ungradable_00506_dark.jpg,5,0,train
DR_grading/train/20170224104635011.jpg,0,1,train
DR_grading/train/20170209163147270.jpg,0,1,train
DR_grading/train/007-1957-100.jpg,2,1,train
DR_grading/train/007-0167-000.jpg,0,1,train
DR_grading/train/007-1498-000.jpg,0,1,train
DR_grading/train/20170226204645085.jpg,0,1,train
synthetic_ungradable/synth_ungradable_00311_blur.jpg,5,0,train
synthetic_ungradable/synth_ungradable_00962_bright.jpg,5,0,train
synthetic_ungradable/synth_ungradable_00405_dark.jpg,5,0,train
DR_grading/train/007-4641-200.jpg,2,1,train
DR_grading/train/20170405090223906.jpg,0,1,train
synthetic_ungradable/synth_ungradable_00309_bright.jpg,5,0,train
synthetic_ungradable/synth_ungradable_00226_dark.jpg,5,0,train
DR_grading/train/20170324080917203.jpg,0,1,train
synthetic_ungradable/synth_ungradable_00710_blur.jpg,5,0,train
DR_grading/train/007-5656-300.jpg,2,1,train
DR_grading/train/20170328091056768.jpg,0,1,train
DR_grading/train/007-1145-000.jpg,0,1,train
synthetic_ungradable/synth_ungradable_00148_blur.jpg,5,0,train
DR_grading/train/007-3299-200.jpg,2,1,train
DR_grading/train/007-0525-000.jpg,0,1,train
synthetic_ungradable/synth_ungradable_00925_bright.jpg,5,0,train
synthetic_ungradable/synth_ungradable_00942_blur.jpg,5,0,train
synthetic_ungradable/synth_ungradable_00836_dark.jpg,5,0,train
synthetic_ungradable/synth_ungradable_00575_blur.jpg,5,0,train
synthetic_ungradable/synth_ungradable_00557_bright.jpg,5,0,train
DR_grading/train/007-1543-000.jpg,0,1,train
DR_grading/train/007-4646-200.jpg,2,1,train
DR_grading/train/007-2877-100.jpg,1,1,train
DR_grading/train/007-6714-400.jpg,4,1,train
DR_grading/train/007-7503-601.jpg,0,1,train
synthetic_ungradable/synth_ungradable_00286_bright.jpg,5,0,train
DR_grading/train/007-5740-300.jpg,2,1,train
DR_grading/train/007-3107-100.jpg,0,1,train
synthetic_ungradable/synth_ungradable_00598_blur.jpg,5,0,train
synthetic_ungradable/synth_ungradable_00932_blur.jpg,5,0,train
DR_grading/train/007-3705-200.jpg,3,1,train
DR_grading/train/007-3339-200.jpg,2,1,train
DR_grading/train/007-4923-300.jpg,2,1,train
DR_grading/train/007-1394-000.jpg,0,1,train
DR_grading/train/20170408220315153.jpg,0,1,train
synthetic_ungradable/synth_ungradable_00806_blur.jpg,5,0,train
synthetic_ungradable/synth_ungradable_00904_dark.jpg,5,0,train
DR_grading/train/007-4427-200.jpg,2,1,train
DR_grading/train/007-1665-000.jpg,0,1,train
synthetic_ungradable/synth_ungradable_00767_blur.jpg,5,0,train
synthetic_ungradable/synth_ungradable_00609_blur.jpg,5,0,train
DR_grading/train/007-5700-300.jpg,2,1,train
DR_grading/train/20170328145803149.jpg,0,1,train
DR_grading/train/20170216181312400.jpg,0,1,train
DR_grading/train/007-0193-000.jpg,0,1,train
synthetic_ungradable/synth_ungradable_00493_blur.jpg,5,0,train
DR_grading/train/007-0113-000.jpg,0,1,train
synthetic_ungradable/synth_ungradable_00277_blur.jpg,5,0,train
DR_grading/train/007-7639-601.jpg,0,1,train
synthetic_ungradable/synth_ungradable_00358_dark.jpg,5,0,train
DR_grading/train/007-4900-300.jpg,2,1,train
synthetic_ungradable/synth_ungradable_00236_bright.jpg,5,0,train
synthetic_ungradable/synth_ungradable_00551_dark.jpg,5,0,train
DR_grading/train/007-4439-200.jpg,2,1,train
DR_grading/train/007-4828-300.jpg,2,1,train
synthetic_ungradable/synth_ungradable_00208_blur.jpg,5,0,train
DR_grading/train/20170206181327355.jpg,0,1,train
DR_grading/train/20170221162616970.jpg,0,1,train
synthetic_ungradable/synth_ungradable_00058_blur.jpg,5,0,train
synthetic_ungradable/synth_ungradable_00631_blur.jpg,5,0,train
DR_grading/train/20170408233232742.jpg,0,1,train
DR_grading/train/007-3480-200.jpg,2,1,train
DR_grading/train/007-3213-100.jpg,1,1,train
synthetic_ungradable/synth_ungradable_00363_dark.jpg,5,0,train
synthetic_ungradable/synth_ungradable_00505_bright.jpg,5,0,train
DR_grading/train/20170120222412717.jpg,0,1,train
DR_grading/train/007-1774-100.jpg,1,1,train
DR_grading/train/007-5754-300.jpg,3,1,train
DR_grading/train/007-6472-400.jpg,4,1,train
DR_grading/train/007-3694-200.jpg,2,1,train
DR_grading/train/20170408220426215.jpg,0,1,train
DR_grading/train/007-5322-300.jpg,2,1,train
synthetic_ungradable/synth_ungradable_00118_blur.jpg,5,0,train
DR_grading/train/007-2786-100.jpg,1,1,train
DR_grading/train/007-3112-100.jpg,2,1,train
synthetic_ungradable/synth_ungradable_00522_dark.jpg,5,0,train
synthetic_ungradable/synth_ungradable_00513_blur.jpg,5,0,train
synthetic_ungradable/synth_ungradable_00081_blur.jpg,5,0,train
synthetic_ungradable/synth_ungradable_00915_dark.jpg,5,0,train
DR_grading/train/007-5015-300.jpg,2,1,train
synthetic_ungradable/synth_ungradable_00380_blur.jpg,5,0,train
DR_grading/train/20170324082847204.jpg,0,1,train
DR_grading/train/20170209165155852.jpg,0,1,train
synthetic_ungradable/synth_ungradable_00084_blur.jpg,5,0,train
DR_grading/train/20170328153647268.jpg,0,1,train
synthetic_ungradable/synth_ungradable_00329_bright.jpg,5,0,train
synthetic_ungradable/synth_ungradable_00006_bright.jpg,5,0,train
synthetic_ungradable/synth_ungradable_00745_bright.jpg,5,0,train
DR_grading/train/007-0112-000.jpg,0,1,train
synthetic_ungradable/synth_ungradable_00914_bright.jpg,5,0,train
synthetic_ungradable/synth_ungradable_00873_bright.jpg,5,0,train
synthetic_ungradable/synth_ungradable_00451_dark.jpg,5,0,train
synthetic_ungradable/synth_ungradable_00490_blur.jpg,5,0,train
DR_grading/train/007-1237-000.jpg,0,1,train
synthetic_ungradable/synth_ungradable_00287_blur.jpg,5,0,train
synthetic_ungradable/synth_ungradable_00948_bright.jpg,5,0,train
DR_grading/train/007-1409-000.jpg,0,1,train
DR_grading/train/007-5764-300.jpg,2,1,train
DR_grading/train/007-0295-000.jpg,0,1,train
synthetic_ungradable/synth_ungradable_00705_blur.jpg,5,0,train
DR_grading/train/007-3688-200.jpg,2,1,train
DR_grading/train/20170213170633871.jpg,0,1,train
DR_grading/train/20170227092138383.jpg,0,1,train
DR_grading/train/007-5330-300.jpg,2,1,train
DR_grading/train/007-6207-300.jpg,2,1,train
DR_grading/train/20170324093303394.jpg,0,1,train
DR_grading/train/20170215092125739.jpg,0,1,train
synthetic_ungradable/synth_ungradable_00327_bright.jpg,5,0,train
synthetic_ungradable/synth_ungradable_00442_bright.jpg,5,0,train
synthetic_ungradable/synth_ungradable_00774_bright.jpg,5,0,train
DR_grading/train/20170324082848774.jpg,0,1,train
DR_grading/train/007-7438-601.jpg,0,1,train
DR_grading/train/007-5614-300.jpg,2,1,train
synthetic_ungradable/synth_ungradable_00177_blur.jpg,5,0,train
DR_grading/train/007-2150-100.jpg,2,1,train
synthetic_ungradable/synth_ungradable_00704_blur.jpg,5,0,train
synthetic_ungradable/synth_ungradable_00086_dark.jpg,5,0,train
DR_grading/train/007-3933-200.jpg,2,1,train
DR_grading/train/007-0790-000.jpg,0,1,train
synthetic_ungradable/synth_ungradable_00457_bright.jpg,5,0,train
DR_grading/train/007-5041-300.jpg,2,1,train
synthetic_ungradable/synth_ungradable_00054_bright.jpg,5,0,train
DR_grading/train/20170209165039458.jpg,0,1,train
synthetic_ungradable/synth_ungradable_00643_blur.jpg,5,0,train
synthetic_ungradable/synth_ungradable_00677_blur.jpg,5,0,train
synthetic_ungradable/synth_ungradable_00221_blur.jpg,5,0,train
synthetic_ungradable/synth_ungradable_00113_blur.jpg,5,0,train
synthetic_ungradable/synth_ungradable_00982_bright.jpg,5,0,train
DR_grading/train/007-7554-601.jpg,2,1,train
synthetic_ungradable/synth_ungradable_00999_blur.jpg,5,0,train
synthetic_ungradable/synth_ungradable_00174_dark.jpg,5,0,train
synthetic_ungradable/synth_ungradable_00781_bright.jpg,5,0,train
synthetic_ungradable/synth_ungradable_00589_blur.jpg,5,0,train
DR_grading/train/007-5087-300.jpg,2,1,train
synthetic_ungradable/synth_ungradable_00018_dark.jpg,5,0,train
synthetic_ungradable/synth_ungradable_00423_bright.jpg,5,0,train
DR_grading/train/007-2818-100.jpg,2,1,train
synthetic_ungradable/synth_ungradable_00285_bright.jpg,5,0,train
DR_grading/train/007-5916-300.jpg,2,1,train
synthetic_ungradable/synth_ungradable_00428_blur.jpg,5,0,train
DR_grading/train/007-3590-200.jpg,2,1,train
DR_grading/train/007-2153-100.jpg,0,1,train
synthetic_ungradable/synth_ungradable_00669_blur.jpg,5,0,train
synthetic_ungradable/synth_ungradable_00031_dark.jpg,5,0,train
synthetic_ungradable/synth_ungradable_00940_blur.jpg,5,0,train
synthetic_ungradable/synth_ungradable_00722_dark.jpg,5,0,train
synthetic_ungradable/synth_ungradable_00994_blur.jpg,5,0,train
synthetic_ungradable/synth_ungradable_00214_dark.jpg,5,0,train
synthetic_ungradable/synth_ungradable_00813_bright.jpg,5,0,train
synthetic_ungradable/synth_ungradable_00326_bright.jpg,5,0,train
synthetic_ungradable/synth_ungradable_00560_blur.jpg,5,0,train
DR_grading/train/007-2273-100.jpg,1,1,train
synthetic_ungradable/synth_ungradable_00700_dark.jpg,5,0,train
DR_grading/train/007-3948-200.jpg,2,1,train
DR_grading/train/007-1249-000.jpg,0,1,train
synthetic_ungradable/synth_ungradable_00341_blur.jpg,5,0,train
synthetic_ungradable/synth_ungradable_00629_bright.jpg,5,0,train
synthetic_ungradable/synth_ungradable_00147_bright.jpg,5,0,train
DR_grading/train/007-7174-400.jpg,4,1,train
synthetic_ungradable/synth_ungradable_00360_dark.jpg,5,0,train
synthetic_ungradable/synth_ungradable_00083_blur.jpg,5,0,train
synthetic_ungradable/synth_ungradable_00048_blur.jpg,5,0,train
synthetic_ungradable/synth_ungradable_00468_blur.jpg,5,0,train
synthetic_ungradable/synth_ungradable_00155_bright.jpg,5,0,train
synthetic_ungradable/synth_ungradable_00772_blur.jpg,5,0,train
DR_grading/train/007-3347-200.jpg,2,1,train
DR_grading/train/007-0066-000.jpg,0,1,train
DR_grading/train/007-0359-000.jpg,0,1,train
DR_grading/train/20170327095114395.jpg,0,1,train
DR_grading/train/007-4284-200.jpg,2,1,train
synthetic_ungradable/synth_ungradable_00500_blur.jpg,5,0,train
DR_grading/train/007-5730-300.jpg,2,1,train
synthetic_ungradable/synth_ungradable_00179_blur.jpg,5,0,train
DR_grading/train/007-5841-300.jpg,2,1,train
DR_grading/train/007-4486-200.jpg,2,1,train
synthetic_ungradable/synth_ungradable_00950_dark.jpg,5,0,train
DR_grading/train/007-2496-100.jpg,2,1,train
DR_grading/train/007-3168-100.jpg,2,1,train
synthetic_ungradable/synth_ungradable_00528_blur.jpg,5,0,train
synthetic_ungradable/synth_ungradable_00346_blur.jpg,5,0,train
DR_grading/train/007-7213-400.jpg,4,1,train
DR_grading/train/007-4459-200.jpg,2,1,train
DR_grading/train/007-0614-000.jpg,0,1,train
DR_grading/train/007-0209-000.jpg,0,1,train
DR_grading/train/20170214100028230.jpg,0,1,train
synthetic_ungradable/synth_ungradable_00601_blur.jpg,5,0,train
DR_grading/train/20170221161526000.jpg,0,1,train
synthetic_ungradable/synth_ungradable_00243_bright.jpg,5,0,train
DR_grading/train/007-6975-400.jpg,4,1,train
DR_grading/train/007-7420-601.jpg,0,1,train
DR_grading/train/007-1542-000.jpg,0,1,train
synthetic_ungradable/synth_ungradable_00312_blur.jpg,5,0,train
synthetic_ungradable/synth_ungradable_00435_blur.jpg,5,0,train
DR_grading/train/007-5086-300.jpg,2,1,train
DR_grading/train/20170327090618698.jpg,0,1,train
synthetic_ungradable/synth_ungradable_00308_blur.jpg,5,0,train
synthetic_ungradable/synth_ungradable_00430_blur.jpg,5,0,train
synthetic_ungradable/synth_ungradable_00660_blur.jpg,5,0,train
synthetic_ungradable/synth_ungradable_00370_bright.jpg,5,0,train
synthetic_ungradable/synth_ungradable_00566_blur.jpg,5,0,train
synthetic_ungradable/synth_ungradable_00979_bright.jpg,5,0,train
synthetic_ungradable/synth_ungradable_00181_blur.jpg,5,0,train
DR_grading/train/007-3809-200.jpg,2,1,train
synthetic_ungradable/synth_ungradable_00621_bright.jpg,5,0,train
synthetic_ungradable/synth_ungradable_00818_dark.jpg,5,0,train
DR_grading/train/007-1751-000.jpg,0,1,train
synthetic_ungradable/synth_ungradable_00952_bright.jpg,5,0,train
DR_grading/train/007-5275-300.jpg,2,1,train
DR_grading/train/007-0726-000.jpg,0,1,train
synthetic_ungradable/synth_ungradable_00922_bright.jpg,5,0,train
DR_grading/train/007-1048-000.jpg,0,1,train
synthetic_ungradable/synth_ungradable_00296_dark.jpg,5,0,train
synthetic_ungradable/synth_ungradable_00966_blur.jpg,5,0,train
synthetic_ungradable/synth_ungradable_00461_bright.jpg,5,0,train
DR_grading/train/20170227155724235.jpg,0,1,train
DR_grading/train/007-6671-400.jpg,4,1,train
synthetic_ungradable/synth_ungradable_00377_dark.jpg,5,0,train
synthetic_ungradable/synth_ungradable_00798_blur.jpg,5,0,train
DR_grading/train/007-2774-100.jpg,2,1,train
synthetic_ungradable/synth_ungradable_00105_blur.jpg,5,0,train
synthetic_ungradable/synth_ungradable_00126_blur.jpg,5,0,train
DR_grading/train/20170331101919123.jpg,0,1,train
synthetic_ungradable/synth_ungradable_00838_dark.jpg,5,0,train
synthetic_ungradable/synth_ungradable_00355_dark.jpg,5,0,train
DR_grading/train/007-8005-601.jpg,2,1,train
synthetic_ungradable/synth_ungradable_00682_bright.jpg,5,0,train
synthetic_ungradable/synth_ungradable_00812_blur.jpg,5,0,train
DR_grading/train/007-1793-100.jpg,2,1,train
synthetic_ungradable/synth_ungradable_00209_blur.jpg,5,0,train
DR_grading/train/007-4143-200.jpg,2,1,train
synthetic_ungradable/synth_ungradable_00140_blur.jpg,5,0,train
DR_grading/train/20170401171223455.jpg,0,1,train
DR_grading/train/20170125090829476.jpg,0,1,train
DR_grading/train/007-8417-603.jpg,2,1,train
DR_grading/train/20170213165734780.jpg,0,1,train
DR_grading/train/007-3851-200.jpg,2,1,train
DR_grading/train/007-3608-200.jpg,2,1,train
DR_grading/train/007-4204-200.jpg,3,1,train
synthetic_ungradable/synth_ungradable_00711_dark.jpg,5,0,train
DR_grading/train/007-5065-300.jpg,2,1,train
synthetic_ungradable/synth_ungradable_00892_blur.jpg,5,0,train
synthetic_ungradable/synth_ungradable_00859_blur.jpg,5,0,train
synthetic_ungradable/synth_ungradable_00010_dark.jpg,5,0,train
DR_grading/train/20170224160527519.jpg,0,1,train
DR_grading/train/007-5353-300.jpg,2,1,train
synthetic_ungradable/synth_ungradable_00282_blur.jpg,5,0,train
synthetic_ungradable/synth_ungradable_00810_bright.jpg,5,0,train
DR_grading/train/007-2420-100.jpg,0,1,train
synthetic_ungradable/synth_ungradable_00291_dark.jpg,5,0,train
synthetic_ungradable/synth_ungradable_00754_blur.jpg,5,0,train
synthetic_ungradable/synth_ungradable_00626_bright.jpg,5,0,train
synthetic_ungradable/synth_ungradable_00943_bright.jpg,5,0,train
synthetic_ungradable/synth_ungradable_00861_blur.jpg,5,0,train
synthetic_ungradable/synth_ungradable_00129_bright.jpg,5,0,train
DR_grading/train/007-4775-200.jpg,2,1,train
synthetic_ungradable/synth_ungradable_00323_dark.jpg,5,0,train
DR_grading/train/007-6367-400.jpg,4,1,train
synthetic_ungradable/synth_ungradable_00843_dark.jpg,5,0,train
synthetic_ungradable/synth_ungradable_00963_blur.jpg,5,0,train
DR_grading/train/007-6602-400.jpg,4,1,train
synthetic_ungradable/synth_ungradable_00865_blur.jpg,5,0,train
synthetic_ungradable/synth_ungradable_00921_dark.jpg,5,0,train
synthetic_ungradable/synth_ungradable_00695_bright.jpg,5,0,train
synthetic_ungradable/synth_ungradable_00215_dark.jpg,5,0,train
DR_grading/train/20170209164220825.jpg,0,1,train
DR_grading/train/007-0350-000.jpg,0,1,train
synthetic_ungradable/synth_ungradable_00158_blur.jpg,5,0,train
DR_grading/train/007-4302-200.jpg,2,1,train
synthetic_ungradable/synth_ungradable_00988_blur.jpg,5,0,train
synthetic_ungradable/synth_ungradable_00841_blur.jpg,5,0,train
synthetic_ungradable/synth_ungradable_00634_blur.jpg,5,0,train
synthetic_ungradable/synth_ungradable_00516_bright.jpg,5,0,train
DR_grading/train/20170126115404314.jpg,0,1,train
DR_grading/train/007-4880-300.jpg,2,1,train
synthetic_ungradable/synth_ungradable_00597_dark.jpg,5,0,train
synthetic_ungradable/synth_ungradable_00195_dark.jpg,5,0,train
DR_grading/train/007-5013-300.jpg,2,1,train
synthetic_ungradable/synth_ungradable_00869_blur.jpg,5,0,train
synthetic_ungradable/synth_ungradable_00410_bright.jpg,5,0,train
synthetic_ungradable/synth_ungradable_00096_bright.jpg,5,0,train
DR_grading/train/007-2465-100.jpg,1,1,train
DR_grading/train/007-7324-601.jpg,0,1,train
synthetic_ungradable/synth_ungradable_00156_bright.jpg,5,0,train
synthetic_ungradable/synth_ungradable_00419_blur.jpg,5,0,train
DR_grading/train/007-1195-000.jpg,0,1,train
synthetic_ungradable/synth_ungradable_00477_blur.jpg,5,0,train
DR_grading/train/007-2518-100.jpg,1,1,train
synthetic_ungradable/synth_ungradable_00668_dark.jpg,5,0,train
DR_grading/train/007-7429-601.jpg,0,1,train
DR_grading/train/007-8331-602.jpg,0,1,train
DR_grading/train/20170220083337455.jpg,0,1,train
synthetic_ungradable/synth_ungradable_00447_bright.jpg,5,0,train
synthetic_ungradable/synth_ungradable_00553_bright.jpg,5,0,train
synthetic_ungradable/synth_ungradable_00178_blur.jpg,5,0,train
synthetic_ungradable/synth_ungradable_00390_dark.jpg,5,0,train
synthetic_ungradable/synth_ungradable_00578_bright.jpg,5,0,train
DR_grading/train/20170221080927786.jpg,0,1,train
DR_grading/train/007-0320-000.jpg,0,1,train
DR_grading/train/20170407222105403.jpg,0,1,train
DR_grading/train/007-3172-100.jpg,1,1,train
DR_grading/train/007-4136-200.jpg,2,1,train
synthetic_ungradable/synth_ungradable_00820_blur.jpg,5,0,train
DR_grading/train/007-7685-601.jpg,0,1,train
synthetic_ungradable/synth_ungradable_00984_blur.jpg,5,0,train
DR_grading/train/20170223171709606.jpg,0,1,train
synthetic_ungradable/synth_ungradable_00664_blur.jpg,5,0,train
synthetic_ungradable/synth_ungradable_00142_blur.jpg,5,0,train
DR_grading/train/007-5452-300.jpg,3,1,train
DR_grading/train/007-5597-300.jpg,2,1,train
synthetic_ungradable/synth_ungradable_00864_dark.jpg,5,0,train
synthetic_ungradable/synth_ungradable_00421_bright.jpg,5,0,train
synthetic_ungradable/synth_ungradable_00636_blur.jpg,5,0,train
DR_grading/train/20170220085833145.jpg,0,1,train
synthetic_ungradable/synth_ungradable_00799_bright.jpg,5,0,train
DR_grading/train/007-7224-400.jpg,4,1,train
synthetic_ungradable/synth_ungradable_00615_bright.jpg,5,0,train
synthetic_ungradable/synth_ungradable_00294_blur.jpg,5,0,train
synthetic_ungradable/synth_ungradable_00923_blur.jpg,5,0,train
DR_grading/train/20170408231654502.jpg,0,1,train
DR_grading/train/20170408231646827.jpg,0,1,train
synthetic_ungradable/synth_ungradable_00088_blur.jpg,5,0,train
synthetic_ungradable/synth_ungradable_00041_blur.jpg,5,0,train
DR_grading/train/007-5054-300.jpg,2,1,train
DR_grading/train/007-7871-601.jpg,0,1,train
synthetic_ungradable/synth_ungradable_00131_bright.jpg,5,0,train
DR_grading/train/007-4738-200.jpg,2,1,train
DR_grading/train/007-0293-000.jpg,0,1,train
DR_grading/train/007-1242-000.jpg,0,1,train
DR_grading/train/20170408233133830.jpg,0,1,train
DR_grading/train/20170124131319634.jpg,0,1,train
DR_grading/train/007-3325-200.jpg,2,1,train
synthetic_ungradable/synth_ungradable_00164_blur.jpg,5,0,train
synthetic_ungradable/synth_ungradable_00724_bright.jpg,5,0,train
synthetic_ungradable/synth_ungradable_00290_blur.jpg,5,0,train
DR_grading/train/007-4734-200.jpg,2,1,train
DR_grading/train/007-5092-300.jpg,2,1,train
DR_grading/train/20170327102502414.jpg,0,1,train
DR_grading/train/007-4678-200.jpg,2,1,train
DR_grading/train/20170222092246735.jpg,0,1,train
synthetic_ungradable/synth_ungradable_00778_bright.jpg,5,0,train
synthetic_ungradable/synth_ungradable_00839_blur.jpg,5,0,train
synthetic_ungradable/synth_ungradable_00348_blur.jpg,5,0,train
DR_grading/train/20170408220639838.jpg,0,1,train
synthetic_ungradable/synth_ungradable_00571_blur.jpg,5,0,train
synthetic_ungradable/synth_ungradable_00917_dark.jpg,5,0,train
synthetic_ungradable/synth_ungradable_00976_blur.jpg,5,0,train
DR_grading/train/20170405085537286.jpg,0,1,train
DR_grading/train/007-1884-100.jpg,1,1,train
DR_grading/train/007-1449-000.jpg,0,1,train
DR_grading/train/007-6663-400.jpg,4,1,train
DR_grading/train/007-6804-400.jpg,4,1,train
synthetic_ungradable/synth_ungradable_00136_bright.jpg,5,0,train
synthetic_ungradable/synth_ungradable_00458_blur.jpg,5,0,train
synthetic_ungradable/synth_ungradable_00375_blur.jpg,5,0,train
DR_grading/train/20170215104327523.jpg,0,1,train
synthetic_ungradable/synth_ungradable_00333_blur.jpg,5,0,train
DR_grading/train/007-1772-100.jpg,0,1,train
DR_grading/train/007-0703-000.jpg,0,1,train
DR_grading/train/007-6860-400.jpg,4,1,train
synthetic_ungradable/synth_ungradable_00816_blur.jpg,5,0,train
DR_grading/train/007-7621-601.jpg,0,1,train
DR_grading/train/20170323162238639.jpg,0,1,train
DR_grading/train/20170208173110046.jpg,0,1,train
DR_grading/train/007-3164-100.jpg,2,1,train
DR_grading/train/20170326081646277.jpg,0,1,train
synthetic_ungradable/synth_ungradable_00910_dark.jpg,5,0,train
DR_grading/train/007-0245-000.jpg,0,1,train
DR_grading/train/007-6863-400.jpg,4,1,train
synthetic_ungradable/synth_ungradable_00328_blur.jpg,5,0,train
DR_grading/train/007-5673-300.jpg,3,1,train
synthetic_ungradable/synth_ungradable_00318_dark.jpg,5,0,train
DR_grading/train/007-3799-200.jpg,2,1,train
DR_grading/train/007-4557-200.jpg,2,1,train
DR_grading/train/007-5901-300.jpg,2,1,train
synthetic_ungradable/synth_ungradable_00167_blur.jpg,5,0,train
synthetic_ungradable/synth_ungradable_00012_blur.jpg,5,0,train
DR_grading/train/20170221141931314.jpg,0,1,train
synthetic_ungradable/synth_ungradable_00171_blur.jpg,5,0,train
synthetic_ungradable/synth_ungradable_00649_dark.jpg,5,0,train
DR_grading/train/007-6943-400.jpg,4,1,train
synthetic_ungradable/synth_ungradable_00260_blur.jpg,5,0,train
DR_grading/train/007-0844-000.jpg,0,1,train
DR_grading/train/007-4422-200.jpg,2,1,train
synthetic_ungradable/synth_ungradable_00901_dark.jpg,5,0,train
synthetic_ungradable/synth_ungradable_00672_blur.jpg,5,0,train
synthetic_ungradable/synth_ungradable_00258_bright.jpg,5,0,train
synthetic_ungradable/synth_ungradable_00844_blur.jpg,5,0,train
synthetic_ungradable/synth_ungradable_00867_blur.jpg,5,0,train
DR_grading/train/007-0031-000.jpg,0,1,train
synthetic_ungradable/synth_ungradable_00138_bright.jpg,5,0,train
synthetic_ungradable/synth_ungradable_00893_blur.jpg,5,0,train
DR_grading/train/007-7191-400.jpg,4,1,train
synthetic_ungradable/synth_ungradable_00549_bright.jpg,5,0,train
synthetic_ungradable/synth_ungradable_00319_bright.jpg,5,0,train
DR_grading/train/007-6465-400.jpg,4,1,train
DR_grading/train/20170327075631732.jpg,0,1,train
DR_grading/train/007-2133-100.jpg,2,1,train
synthetic_ungradable/synth_ungradable_00558_blur.jpg,5,0,train
synthetic_ungradable/synth_ungradable_00139_blur.jpg,5,0,train
DR_grading/train/007-5851-300.jpg,2,1,train
synthetic_ungradable/synth_ungradable_00531_blur.jpg,5,0,train
synthetic_ungradable/synth_ungradable_00224_blur.jpg,5,0,train
synthetic_ungradable/synth_ungradable_00723_blur.jpg,5,0,train
synthetic_ungradable/synth_ungradable_00786_blur.jpg,5,0,train
DR_grading/train/20170223094344910.jpg,0,1,train
DR_grading/train/007-3045-100.jpg,1,1,train
synthetic_ungradable/synth_ungradable_00409_bright.jpg,5,0,train
synthetic_ungradable/synth_ungradable_00325_bright.jpg,5,0,train
DR_grading/train/007-4420-200.jpg,2,1,train
synthetic_ungradable/synth_ungradable_00299_blur.jpg,5,0,train
DR_grading/train/007-1106-000.jpg,0,1,train
DR_grading/train/007-6319-400.jpg,2,1,train
synthetic_ungradable/synth_ungradable_00025_dark.jpg,5,0,train
DR_grading/train/007-4528-200.jpg,2,1,train
synthetic_ungradable/synth_ungradable_00714_dark.jpg,5,0,train
DR_grading/train/20170120153040093.jpg,0,1,train
synthetic_ungradable/synth_ungradable_00193_bright.jpg,5,0,train
synthetic_ungradable/synth_ungradable_00440_blur.jpg,5,0,train
synthetic_ungradable/synth_ungradable_00573_dark.jpg,5,0,train
synthetic_ungradable/synth_ungradable_00946_dark.jpg,5,0,train
synthetic_ungradable/synth_ungradable_00997_blur.jpg,5,0,train
synthetic_ungradable/synth_ungradable_00503_blur.jpg,5,0,train
synthetic_ungradable/synth_ungradable_00605_blur.jpg,5,0,train
DR_grading/train/007-5564-300.jpg,2,1,train
DR_grading/train/007-4725-200.jpg,2,1,train
DR_grading/train/20170407215253772.jpg,0,1,train
synthetic_ungradable/synth_ungradable_00846_blur.jpg,5,0,train
synthetic_ungradable/synth_ungradable_00003_dark.jpg,5,0,train
DR_grading/train/007-3384-200.jpg,2,1,train
DR_grading/train/20170120214751267.jpg,0,1,train
synthetic_ungradable/synth_ungradable_00467_blur.jpg,5,0,train
synthetic_ungradable/synth_ungradable_00321_bright.jpg,5,0,train
synthetic_ungradable/synth_ungradable_00005_bright.jpg,5,0,train
synthetic_ungradable/synth_ungradable_00222_blur.jpg,5,0,train
DR_grading/train/20170212142057186.jpg,0,1,train
synthetic_ungradable/synth_ungradable_00547_bright.jpg,5,0,train
synthetic_ungradable/synth_ungradable_00228_bright.jpg,5,0,train
synthetic_ungradable/synth_ungradable_00039_blur.jpg,5,0,train
synthetic_ungradable/synth_ungradable_00542_bright.jpg,5,0,train
synthetic_ungradable/synth_ungradable_00242_blur.jpg,5,0,train
synthetic_ungradable/synth_ungradable_00898_blur.jpg,5,0,train
DR_grading/train/007-2566-100.jpg,1,1,train
DR_grading/train/20170401095608158.jpg,0,1,train
DR_grading/train/007-3472-200.jpg,2,1,train
synthetic_ungradable/synth_ungradable_00842_blur.jpg,5,0,train
DR_grading/train/007-0669-000.jpg,0,1,train
DR_grading/train/20170301105426466.jpg,0,1,train
DR_grading/train/007-2682-100.jpg,1,1,train
synthetic_ungradable/synth_ungradable_00661_dark.jpg,5,0,train
DR_grading/train/007-1321-000.jpg,2,1,train
synthetic_ungradable/synth_ungradable_00314_blur.jpg,5,0,train
synthetic_ungradable/synth_ungradable_00691_blur.jpg,5,0,train
DR_grading/train/007-0411-000.jpg,0,1,train
synthetic_ungradable/synth_ungradable_00424_bright.jpg,5,0,train
synthetic_ungradable/synth_ungradable_00594_blur.jpg,5,0,train
DR_grading/train/007-1094-000.jpg,0,1,train
synthetic_ungradable/synth_ungradable_00622_bright.jpg,5,0,train
DR_grading/train/20170408220102721.jpg,0,1,train
DR_grading/train/20170120223901509.jpg,0,1,train
synthetic_ungradable/synth_ungradable_00227_blur.jpg,5,0,train
DR_grading/train/007-6969-400.jpg,4,1,train
DR_grading/train/20170125160603162.jpg,0,1,train
DR_grading/train/007-4084-200.jpg,2,1,train
synthetic_ungradable/synth_ungradable_00066_bright.jpg,5,0,train
synthetic_ungradable/synth_ungradable_00024_bright.jpg,5,0,train
synthetic_ungradable/synth_ungradable_00144_bright.jpg,5,0,train
synthetic_ungradable/synth_ungradable_00536_dark.jpg,5,0,train
synthetic_ungradable/synth_ungradable_00811_bright.jpg,5,0,train
DR_grading/train/007-4243-200.jpg,2,1,train
synthetic_ungradable/synth_ungradable_00085_blur.jpg,5,0,train
DR_grading/train/20170407111938734.jpg,0,1,train
DR_grading/train/007-1916-100.jpg,0,1,train
DR_grading/train/007-4375-200.jpg,2,1,train
DR_grading/train/007-1295-000.jpg,0,1,train
DR_grading/train/007-1248-000.jpg,0,1,train
DR_grading/train/007-0375-000.jpg,0,1,train
synthetic_ungradable/synth_ungradable_00362_blur.jpg,5,0,train
DR_grading/train/007-4390-200.jpg,2,1,train
DR_grading/train/007-3255-100.jpg,1,1,train
DR_grading/train/20170227231503064.jpg,0,1,train
DR_grading/train/007-0767-000.jpg,0,1,train
DR_grading/train/007-2437-100.jpg,2,1,train
DR_grading/train/007-4848-300.jpg,2,1,train
DR_grading/train/007-3442-200.jpg,2,1,train
synthetic_ungradable/synth_ungradable_00665_bright.jpg,5,0,train
synthetic_ungradable/synth_ungradable_00364_dark.jpg,5,0,train
synthetic_ungradable/synth_ungradable_00077_dark.jpg,5,0,train
synthetic_ungradable/synth_ungradable_00027_blur.jpg,5,0,train
DR_grading/train/007-4716-200.jpg,2,1,train
synthetic_ungradable/synth_ungradable_00525_blur.jpg,5,0,train
DR_grading/train/007-4796-300.jpg,2,1,train
synthetic_ungradable/synth_ungradable_00055_dark.jpg,5,0,train
synthetic_ungradable/synth_ungradable_00638_dark.jpg,5,0,train
synthetic_ungradable/synth_ungradable_00302_blur.jpg,5,0,train
synthetic_ungradable/synth_ungradable_00718_blur.jpg,5,0,train
synthetic_ungradable/synth_ungradable_00624_blur.jpg,5,0,train
synthetic_ungradable/synth_ungradable_00007_bright.jpg,5,0,train
synthetic_ungradable/synth_ungradable_00803_blur.jpg,5,0,train
DR_grading/train/007-4905-300.jpg,2,1,train
synthetic_ungradable/synth_ungradable_00336_blur.jpg,5,0,train
synthetic_ungradable/synth_ungradable_00047_blur.jpg,5,0,train
DR_grading/train/20170228223720726.jpg,0,1,train
synthetic_ungradable/synth_ungradable_00106_blur.jpg,5,0,train
synthetic_ungradable/synth_ungradable_00349_blur.jpg,5,0,train
DR_grading/train/007-6117-300.jpg,2,1,train
synthetic_ungradable/synth_ungradable_00238_bright.jpg,5,0,train
synthetic_ungradable/synth_ungradable_00213_dark.jpg,5,0,train
DR_grading/train/007-6665-400.jpg,4,1,train
DR_grading/train/007-5968-300.jpg,2,1,train
synthetic_ungradable/synth_ungradable_00793_blur.jpg,5,0,train
DR_grading/train/20170323095139979.jpg,0,1,train
DR_grading/train/007-3464-200.jpg,2,1,train
DR_grading/train/20170323092204273.jpg,0,1,train
synthetic_ungradable/synth_ungradable_00523_bright.jpg,5,0,train
synthetic_ungradable/synth_ungradable_00232_blur.jpg,5,0,train
synthetic_ungradable/synth_ungradable_00644_blur.jpg,5,0,train
DR_grading/train/20170408090406755.jpg,0,1,train
synthetic_ungradable/synth_ungradable_00533_blur.jpg,5,0,train
DR_grading/train/20170226225853947.jpg,0,1,train
synthetic_ungradable/synth_ungradable_00603_blur.jpg,5,0,train
DR_grading/train/007-4675-200.jpg,2,1,train
DR_grading/train/007-0344-000.jpg,0,1,train
DR_grading/train/007-2663-100.jpg,2,1,train
synthetic_ungradable/synth_ungradable_00060_blur.jpg,5,0,train
DR_grading/train/007-5434-300.jpg,2,1,train
synthetic_ungradable/synth_ungradable_00092_blur.jpg,5,0,train
synthetic_ungradable/synth_ungradable_00666_blur.jpg,5,0,train
synthetic_ungradable/synth_ungradable_00280_dark.jpg,5,0,train
DR_grading/train/007-7596-601.jpg,2,1,train
synthetic_ungradable/synth_ungradable_00359_blur.jpg,5,0,train
DR_grading/train/007-1161-000.jpg,0,1,train
DR_grading/train/007-4875-300.jpg,2,1,train
synthetic_ungradable/synth_ungradable_00847_dark.jpg,5,0,train
DR_grading/train/007-4503-200.jpg,2,1,train
synthetic_ungradable/synth_ungradable_00110_blur.jpg,5,0,train
synthetic_ungradable/synth_ungradable_00042_dark.jpg,5,0,train
synthetic_ungradable/synth_ungradable_00125_blur.jpg,5,0,train
synthetic_ungradable/synth_ungradable_00204_bright.jpg,5,0,train
synthetic_ungradable/synth_ungradable_00052_blur.jpg,5,0,train
synthetic_ungradable/synth_ungradable_00545_bright.jpg,5,0,train
synthetic_ungradable/synth_ungradable_00068_bright.jpg,5,0,train
DR_grading/train/20170207144517107.jpg,0,1,train
DR_grading/train/007-6936-400.jpg,4,1,train
synthetic_ungradable/synth_ungradable_00183_blur.jpg,5,0,train
synthetic_ungradable/synth_ungradable_00137_dark.jpg,5,0,train
synthetic_ungradable/synth_ungradable_00899_bright.jpg,5,0,train
synthetic_ungradable/synth_ungradable_00796_dark.jpg,5,0,train
synthetic_ungradable/synth_ungradable_00132_bright.jpg,5,0,train
synthetic_ungradable/synth_ungradable_00080_blur.jpg,5,0,train
DR_grading/train/20170327111337500.jpg,0,1,train
DR_grading/train/007-4587-200.jpg,2,1,train
synthetic_ungradable/synth_ungradable_00541_blur.jpg,5,0,train
DR_grading/train/007-6284-400.jpg,4,1,train
synthetic_ungradable/synth_ungradable_00983_bright.jpg,5,0,train
synthetic_ungradable/synth_ungradable_00165_bright.jpg,5,0,train
synthetic_ungradable/synth_ungradable_00248_bright.jpg,5,0,train
synthetic_ungradable/synth_ungradable_00446_bright.jpg,5,0,train
DR_grading/train/007-0808-000.jpg,0,1,train
synthetic_ungradable/synth_ungradable_00858_blur.jpg,5,0,train
DR_grading/train/007-6509-400.jpg,4,1,train
synthetic_ungradable/synth_ungradable_00097_blur.jpg,5,0,train
DR_grading/train/007-6637-400.jpg,4,1,train
synthetic_ungradable/synth_ungradable_00737_dark.jpg,5,0,train
DR_grading/train/007-1563-000.jpg,0,1,train
synthetic_ungradable/synth_ungradable_00102_blur.jpg,5,0,train
synthetic_ungradable/synth_ungradable_00434_blur.jpg,5,0,train
synthetic_ungradable/synth_ungradable_00074_bright.jpg,5,0,train
DR_grading/train/007-5259-300.jpg,3,1,train
DR_grading/train/007-0142-000.jpg,0,1,train
synthetic_ungradable/synth_ungradable_00918_blur.jpg,5,0,train
DR_grading/train/20170323085924938.jpg,0,1,train
DR_grading/train/007-4715-200.jpg,2,1,train
DR_grading/train/007-8566-604.jpg,0,1,train
synthetic_ungradable/synth_ungradable_00762_blur.jpg,5,0,train
synthetic_ungradable/synth_ungradable_00989_bright.jpg,5,0,train
synthetic_ungradable/synth_ungradable_00388_bright.jpg,5,0,train
synthetic_ungradable/synth_ungradable_00235_blur.jpg,5,0,train
DR_grading/train/007-4391-200.jpg,2,1,train
synthetic_ungradable/synth_ungradable_00267_blur.jpg,5,0,train
DR_grading/train/007-4958-300.jpg,2,1,train
synthetic_ungradable/synth_ungradable_00117_blur.jpg,5,0,train
DR_grading/train/20170224114432990.jpg,0,1,train
synthetic_ungradable/synth_ungradable_00673_bright.jpg,5,0,train
synthetic_ungradable/synth_ungradable_00249_bright.jpg,5,0,train
DR_grading/train/007-3587-200.jpg,2,1,train
DR_grading/train/007-0836-000.jpg,0,1,train
synthetic_ungradable/synth_ungradable_00094_blur.jpg,5,0,train
synthetic_ungradable/synth_ungradable_00033_blur.jpg,5,0,train
DR_grading/train/007-6426-400.jpg,4,1,train
DR_grading/train/007-3283-200.jpg,2,1,train
synthetic_ungradable/synth_ungradable_00448_blur.jpg,5,0,train
synthetic_ungradable/synth_ungradable_00716_blur.jpg,5,0,train
DR_grading/train/007-0945-000.jpg,0,1,train
DR_grading/train/007-6483-400.jpg,4,1,train
synthetic_ungradable/synth_ungradable_00000_bright.jpg,5,0,train
DR_grading/train/20170215142210754.jpg,0,1,train
DR_grading/train/007-7701-601.jpg,2,1,train
DR_grading/train/007-2745-100.jpg,0,1,train
DR_grading/train/007-7025-400.jpg,4,1,train
synthetic_ungradable/synth_ungradable_00082_blur.jpg,5,0,train
DR_grading/train/007-3253-100.jpg,1,1,train
synthetic_ungradable/synth_ungradable_00676_bright.jpg,5,0,train
DR_grading/train/007-1433-000.jpg,0,1,train
DR_grading/train/007-3110-100.jpg,2,1,train
synthetic_ungradable/synth_ungradable_00770_blur.jpg,5,0,train
DR_grading/train/20170224220303302.jpg,0,1,train
DR_grading/train/007-1925-100.jpg,1,1,train
DR_grading/train/007-6910-400.jpg,4,1,train
DR_grading/train/007-6878-400.jpg,4,1,train
synthetic_ungradable/synth_ungradable_00404_blur.jpg,5,0,train
DR_grading/train/20170221155007652.jpg,0,1,train
DR_grading/train/007-3181-100.jpg,1,1,train
DR_grading/train/007-4543-200.jpg,2,1,train
synthetic_ungradable/synth_ungradable_00104_dark.jpg,5,0,train
synthetic_ungradable/synth_ungradable_00688_bright.jpg,5,0,train
DR_grading/train/007-7027-400.jpg,4,1,train
synthetic_ungradable/synth_ungradable_00826_bright.jpg,5,0,train
synthetic_ungradable/synth_ungradable_00062_blur.jpg,5,0,train
synthetic_ungradable/synth_ungradable_00852_dark.jpg,5,0,train
DR_grading/train/007-1923-100.jpg,2,1,train
synthetic_ungradable/synth_ungradable_00223_bright.jpg,5,0,train
synthetic_ungradable/synth_ungradable_00145_blur.jpg,5,0,train
DR_grading/train/007-2660-100.jpg,2,1,train
synthetic_ungradable/synth_ungradable_00373_bright.jpg,5,0,train
DR_grading/train/20170223094729353.jpg,0,1,train
DR_grading/train/20170407235248562.jpg,0,1,train
DR_grading/train/20170323104718939.jpg,0,1,train
DR_grading/train/007-3004-100.jpg,2,1,train
DR_grading/train/007-5556-300.jpg,3,1,train
DR_grading/train/007-3398-200.jpg,2,1,train
synthetic_ungradable/synth_ungradable_00009_blur.jpg,5,0,train
synthetic_ungradable/synth_ungradable_00449_blur.jpg,5,0,train
synthetic_ungradable/synth_ungradable_00708_bright.jpg,5,0,train
synthetic_ungradable/synth_ungradable_00255_blur.jpg,5,0,train
synthetic_ungradable/synth_ungradable_00882_blur.jpg,5,0,train
synthetic_ungradable/synth_ungradable_00389_blur.jpg,5,0,train
synthetic_ungradable/synth_ungradable_00908_dark.jpg,5,0,train
synthetic_ungradable/synth_ungradable_00924_dark.jpg,5,0,train
DR_grading/train/007-5828-300.jpg,2,1,train
DR_grading/train/007-2158-100.jpg,2,1,train
synthetic_ungradable/synth_ungradable_00460_bright.jpg,5,0,train
DR_grading/train/007-4028-200.jpg,2,1,train
DR_grading/train/007-2111-100.jpg,2,1,train
DR_grading/train/007-2137-100.jpg,0,1,train
synthetic_ungradable/synth_ungradable_00958_dark.jpg,5,0,train
synthetic_ungradable/synth_ungradable_00501_dark.jpg,5,0,train
synthetic_ungradable/synth_ungradable_00739_dark.jpg,5,0,train
DR_grading/train/007-5630-300.jpg,2,1,train
synthetic_ungradable/synth_ungradable_00868_dark.jpg,5,0,train
synthetic_ungradable/synth_ungradable_00731_dark.jpg,5,0,train
synthetic_ungradable/synth_ungradable_00539_blur.jpg,5,0,train
DR_grading/train/007-0804-000.jpg,0,1,train
synthetic_ungradable/synth_ungradable_00697_blur.jpg,5,0,train
DR_grading/train/007-5458-300.jpg,2,1,train
DR_grading/train/007-8151-601.jpg,0,1,train
DR_grading/train/007-6333-400.jpg,4,1,train
DR_grading/train/20170206105408182.jpg,0,1,train
synthetic_ungradable/synth_ungradable_00372_blur.jpg,5,0,train
synthetic_ungradable/synth_ungradable_00667_dark.jpg,5,0,train
DR_grading/train/007-7164-400.jpg,4,1,train
synthetic_ungradable/synth_ungradable_00357_blur.jpg,5,0,train
synthetic_ungradable/synth_ungradable_00967_blur.jpg,5,0,train
synthetic_ungradable/synth_ungradable_00783_dark.jpg,5,0,train
synthetic_ungradable/synth_ungradable_00735_blur.jpg,5,0,train
DR_grading/train/007-4116-200.jpg,2,1,train
synthetic_ungradable/synth_ungradable_00970_dark.jpg,5,0,train
DR_grading/train/007-5237-300.jpg,2,1,train
DR_grading/train/007-2860-100.jpg,2,1,train
DR_grading/train/20170214101434814.jpg,0,1,train
DR_grading/train/007-3870-200.jpg,2,1,train
DR_grading/train/007-2934-100.jpg,2,1,train
DR_grading/train/007-8171-601.jpg,2,1,train
DR_grading/train/20170406082747949.jpg,0,1,train
DR_grading/train/007-5553-300.jpg,2,1,train
DR_grading/train/007-6354-400.jpg,4,1,train
synthetic_ungradable/synth_ungradable_00885_blur.jpg,5,0,train
synthetic_ungradable/synth_ungradable_00079_blur.jpg,5,0,train
DR_grading/train/007-1460-000.jpg,0,1,train
synthetic_ungradable/synth_ungradable_00814_blur.jpg,5,0,train
DR_grading/train/20170323093944125.jpg,0,1,train
synthetic_ungradable/synth_ungradable_00671_bright.jpg,5,0,train
DR_grading/train/20170408225147906.jpg,0,1,train
synthetic_ungradable/synth_ungradable_00057_dark.jpg,5,0,train
synthetic_ungradable/synth_ungradable_00133_blur.jpg,5,0,train
DR_grading/train/20170207174505090.jpg,0,1,train
synthetic_ungradable/synth_ungradable_00933_blur.jpg,5,0,train
DR_grading/train/007-6089-300.jpg,2,1,train
synthetic_ungradable/synth_ungradable_00823_blur.jpg,5,0,train
DR_grading/train/007-2456-100.jpg,1,1,train
synthetic_ungradable/synth_ungradable_00504_blur.jpg,5,0,train
DR_grading/train/20170408213251773.jpg,0,1,train
synthetic_ungradable/synth_ungradable_00347_bright.jpg,5,0,train
synthetic_ungradable/synth_ungradable_00386_dark.jpg,5,0,train
DR_grading/train/007-1175-000.jpg,0,1,train
synthetic_ungradable/synth_ungradable_00894_dark.jpg,5,0,train
synthetic_ungradable/synth_ungradable_00828_dark.jpg,5,0,train
DR_grading/train/007-5479-300.jpg,2,1,train
synthetic_ungradable/synth_ungradable_00475_dark.jpg,5,0,train
DR_grading/train/20170328145703859.jpg,0,1,train
DR_grading/train/007-7106-400.jpg,4,1,train
DR_grading/train/20170224111214174.jpg,0,1,train
synthetic_ungradable/synth_ungradable_00652_bright.jpg,5,0,train
synthetic_ungradable/synth_ungradable_00172_dark.jpg,5,0,train
DR_grading/train/007-4799-300.jpg,2,1,train
synthetic_ungradable/synth_ungradable_00038_blur.jpg,5,0,train
synthetic_ungradable/synth_ungradable_00713_blur.jpg,5,0,train
synthetic_ungradable/synth_ungradable_00090_blur.jpg,5,0,train
DR_grading/train/007-8805-605.jpg,4,1,train
DR_grading/train/007-3805-200.jpg,2,1,train
synthetic_ungradable/synth_ungradable_00875_blur.jpg,5,0,train
DR_grading/train/20170227160255086.jpg,0,1,train
DR_grading/train/007-2969-100.jpg,2,1,train
DR_grading/train/007-0587-000.jpg,0,1,train
DR_grading/train/007-7051-400.jpg,2,1,train
DR_grading/train/007-6885-400.jpg,4,1,train
DR_grading/train/007-3132-100.jpg,1,1,train
synthetic_ungradable/synth_ungradable_00499_blur.jpg,5,0,train
synthetic_ungradable/synth_ungradable_00338_blur.jpg,5,0,train
DR_grading/train/007-7198-400.jpg,4,1,train
synthetic_ungradable/synth_ungradable_00028_blur.jpg,5,0,train
DR_grading/train/007-7166-400.jpg,4,1,train
DR_grading/train/20170222150401576.jpg,0,1,train
DR_grading/train/007-0697-000.jpg,0,1,train
synthetic_ungradable/synth_ungradable_00945_blur.jpg,5,0,train
synthetic_ungradable/synth_ungradable_00169_blur.jpg,5,0,train
DR_grading/train/007-4235-200.jpg,2,1,train
DR_grading/train/007-0822-000.jpg,0,1,train
DR_grading/train/20170226083551331.jpg,0,1,train
DR_grading/train/007-2887-100.jpg,2,1,train
synthetic_ungradable/synth_ungradable_00912_blur.jpg,5,0,train
synthetic_ungradable/synth_ungradable_00491_dark.jpg,5,0,train
synthetic_ungradable/synth_ungradable_00953_blur.jpg,5,0,train
DR_grading/train/20170324095301169.jpg,0,1,train
DR_grading/train/007-4431-200.jpg,2,1,train
synthetic_ungradable/synth_ungradable_00587_bright.jpg,5,0,train
synthetic_ungradable/synth_ungradable_00750_blur.jpg,5,0,train
synthetic_ungradable/synth_ungradable_00657_blur.jpg,5,0,train
synthetic_ungradable/synth_ungradable_00234_blur.jpg,5,0,train
synthetic_ungradable/synth_ungradable_00732_blur.jpg,5,0,train
DR_grading/train/007-5602-300.jpg,3,1,train
DR_grading/train/007-0123-000.jpg,0,1,train
DR_grading/train/20170328101707998.jpg,0,1,train
DR_grading/train/007-7901-601.jpg,0,1,train
DR_grading/train/007-7263-400.jpg,4,1,train
DR_grading/train/007-6977-400.jpg,4,1,train
synthetic_ungradable/synth_ungradable_00934_dark.jpg,5,0,train
DR_grading/train/20170324095037893.jpg,0,1,train
DR_grading/train/20161118155836727.jpg,0,1,train
synthetic_ungradable/synth_ungradable_00108_dark.jpg,5,0,train
DR_grading/train/007-3412-200.jpg,2,1,train
synthetic_ungradable/synth_ungradable_00568_dark.jpg,5,0,train
DR_grading/train/007-2039-100.jpg,2,1,train
DR_grading/train/007-6750-400.jpg,4,1,train
synthetic_ungradable/synth_ungradable_00890_bright.jpg,5,0,train
synthetic_ungradable/synth_ungradable_00947_blur.jpg,5,0,train
DR_grading/train/20170208102039256.jpg,0,1,train
DR_grading/train/007-4072-200.jpg,3,1,train
DR_grading/train/007-0599-000.jpg,0,1,train
DR_grading/train/007-6583-400.jpg,4,1,train
synthetic_ungradable/synth_ungradable_00884_blur.jpg,5,0,train
DR_grading/train/007-4970-300.jpg,2,1,train
synthetic_ungradable/synth_ungradable_00850_blur.jpg,5,0,train
synthetic_ungradable/synth_ungradable_00734_blur.jpg,5,0,train
synthetic_ungradable/synth_ungradable_00717_blur.jpg,5,0,train
synthetic_ungradable/synth_ungradable_00454_blur.jpg,5,0,train
synthetic_ungradable/synth_ungradable_00264_blur.jpg,5,0,train
synthetic_ungradable/synth_ungradable_00075_blur.jpg,5,0,train
DR_grading/train/20170327173128689.jpg,0,1,train
synthetic_ungradable/synth_ungradable_00444_bright.jpg,5,0,train
synthetic_ungradable/synth_ungradable_00395_dark.jpg,5,0,train
synthetic_ungradable/synth_ungradable_00176_bright.jpg,5,0,train
DR_grading/train/20170323085948932.jpg,0,1,train
DR_grading/train/20170327100837150.jpg,0,1,train
DR_grading/train/007-0640-000.jpg,0,1,train
DR_grading/train/007-7006-400.jpg,4,1,train
synthetic_ungradable/synth_ungradable_00595_bright.jpg,5,0,train
synthetic_ungradable/synth_ungradable_00061_dark.jpg,5,0,train
DR_grading/train/007-4495-200.jpg,2,1,train
synthetic_ungradable/synth_ungradable_00872_blur.jpg,5,0,train
DR_grading/train/007-5142-300.jpg,2,1,train
DR_grading/train/20170215091730330.jpg,0,1,train
synthetic_ungradable/synth_ungradable_00278_blur.jpg,5,0,train
synthetic_ungradable/synth_ungradable_00036_bright.jpg,5,0,train
DR_grading/train/007-0432-000.jpg,0,1,train
synthetic_ungradable/synth_ungradable_00662_blur.jpg,5,0,train
DR_grading/train/007-6767-400.jpg,4,1,train
DR_grading/train/20170324083949673.jpg,0,1,train
synthetic_ungradable/synth_ungradable_00977_blur.jpg,5,0,train
DR_grading/train/20170227165345933.jpg,0,1,train
synthetic_ungradable/synth_ungradable_00738_bright.jpg,5,0,train
synthetic_ungradable/synth_ungradable_00191_blur.jpg,5,0,train
synthetic_ungradable/synth_ungradable_00919_blur.jpg,5,0,train
synthetic_ungradable/synth_ungradable_00456_bright.jpg,5,0,train
synthetic_ungradable/synth_ungradable_00675_bright.jpg,5,0,train
synthetic_ungradable/synth_ungradable_00760_dark.jpg,5,0,train
DR_grading/train/007-2824-100.jpg,1,1,train
DR_grading/train/20170227112324405.jpg,0,1,train
synthetic_ungradable/synth_ungradable_00728_bright.jpg,5,0,train
synthetic_ungradable/synth_ungradable_00412_dark.jpg,5,0,train
DR_grading/train/007-0940-000.jpg,0,1,train
synthetic_ungradable/synth_ungradable_00825_blur.jpg,5,0,train
DR_grading/train/20170221103828836.jpg,0,1,train
synthetic_ungradable/synth_ungradable_00616_bright.jpg,5,0,train
synthetic_ungradable/synth_ungradable_00114_blur.jpg,5,0,train
synthetic_ungradable/synth_ungradable_00417_blur.jpg,5,0,train
DR_grading/train/20170120221359397.jpg,0,1,train
synthetic_ungradable/synth_ungradable_00969_blur.jpg,5,0,train
synthetic_ungradable/synth_ungradable_00604_dark.jpg,5,0,train
DR_grading/train/007-7152-400.jpg,4,1,train
synthetic_ungradable/synth_ungradable_00089_blur.jpg,5,0,train
synthetic_ungradable/synth_ungradable_00848_bright.jpg,5,0,train
DR_grading/train/20170314170514447.jpg,0,1,train
DR_grading/train/007-4838-300.jpg,2,1,train
synthetic_ungradable/synth_ungradable_00753_blur.jpg,5,0,train
synthetic_ungradable/synth_ungradable_00498_blur.jpg,5,0,train
DR_grading/train/20170406115405680.jpg,0,1,train
DR_grading/train/007-5230-300.jpg,2,1,train
synthetic_ungradable/synth_ungradable_00011_bright.jpg,5,0,train
synthetic_ungradable/synth_ungradable_00396_blur.jpg,5,0,train
synthetic_ungradable/synth_ungradable_00284_bright.jpg,5,0,train
DR_grading/train/007-3286-200.jpg,3,1,train
DR_grading/train/007-2426-100.jpg,2,1,train
DR_grading/train/007-6186-300.jpg,2,1,train
synthetic_ungradable/synth_ungradable_00690_dark.jpg,5,0,train
DR_grading/train/007-4648-200.jpg,2,1,train
DR_grading/train/007-3817-200.jpg,2,1,train
synthetic_ungradable/synth_ungradable_00689_blur.jpg,5,0,train
synthetic_ungradable/synth_ungradable_00851_bright.jpg,5,0,train
synthetic_ungradable/synth_ungradable_00159_dark.jpg,5,0,train
synthetic_ungradable/synth_ungradable_00895_blur.jpg,5,0,train
DR_grading/train/007-4759-200.jpg,2,1,train
synthetic_ungradable/synth_ungradable_00257_blur.jpg,5,0,train
synthetic_ungradable/synth_ungradable_00335_bright.jpg,5,0,train
DR_grading/train/007-2680-100.jpg,2,1,train
DR_grading/train/007-2330-100.jpg,2,1,train
synthetic_ungradable/synth_ungradable_00515_bright.jpg,5,0,train
DR_grading/train/20170209134240203.jpg,0,1,train
DR_grading/train/007-3531-200.jpg,2,1,train
synthetic_ungradable/synth_ungradable_00768_bright.jpg,5,0,train
DR_grading/train/007-7534-601.jpg,2,1,train
synthetic_ungradable/synth_ungradable_00761_blur.jpg,5,0,train
DR_grading/train/007-5579-300.jpg,2,1,train
DR_grading/train/007-3988-200.jpg,2,1,train
DR_grading/train/007-7255-400.jpg,4,1,train
DR_grading/train/20170324140245887.jpg,0,1,train
synthetic_ungradable/synth_ungradable_00521_blur.jpg,5,0,train
synthetic_ungradable/synth_ungradable_00022_bright.jpg,5,0,train
synthetic_ungradable/synth_ungradable_00356_blur.jpg,5,0,train
DR_grading/train/007-2310-100.jpg,2,1,train
DR_grading/train/20170323094905895.jpg,0,1,train
DR_grading/train/007-5334-300.jpg,3,1,train
synthetic_ungradable/synth_ungradable_00340_bright.jpg,5,0,train
synthetic_ungradable/synth_ungradable_00431_bright.jpg,5,0,train
synthetic_ungradable/synth_ungradable_00473_dark.jpg,5,0,train
synthetic_ungradable/synth_ungradable_00217_dark.jpg,5,0,train
synthetic_ungradable/synth_ungradable_00911_blur.jpg,5,0,train
DR_grading/train/007-2355-100.jpg,2,1,train
DR_grading/train/007-6676-400.jpg,4,1,train
DR_grading/train/20170228225523381.jpg,0,1,train
DR_grading/train/007-5516-300.jpg,2,1,train
synthetic_ungradable/synth_ungradable_00093_bright.jpg,5,0,train
DR_grading/train/20170217172406226.jpg,0,1,train
DR_grading/train/007-5255-300.jpg,2,1,train
DR_grading/train/007-0851-000.jpg,2,1,train
DR_grading/train/007-1981-100.jpg,0,1,train
DR_grading/train/007-1268-000.jpg,0,1,train
synthetic_ungradable/synth_ungradable_00696_blur.jpg,5,0,train
DR_grading/train/007-6255-300.jpg,2,1,train
synthetic_ungradable/synth_ungradable_00996_bright.jpg,5,0,train
synthetic_ungradable/synth_ungradable_00153_blur.jpg,5,0,train
DR_grading/train/007-6687-400.jpg,4,1,train
DR_grading/train/007-0510-000.jpg,0,1,train
DR_grading/train/007-2477-100.jpg,2,1,train
synthetic_ungradable/synth_ungradable_00789_dark.jpg,5,0,train
synthetic_ungradable/synth_ungradable_00580_blur.jpg,5,0,train
synthetic_ungradable/synth_ungradable_00703_dark.jpg,5,0,train
DR_grading/train/007-5636-300.jpg,2,1,train
DR_grading/train/007-0096-000.jpg,1,1,train
DR_grading/train/007-6361-400.jpg,4,1,train
DR_grading/train/007-5300-300.jpg,2,1,train
synthetic_ungradable/synth_ungradable_00487_dark.jpg,5,0,train
synthetic_ungradable/synth_ungradable_00559_dark.jpg,5,0,train
DR_grading/train/007-4341-200.jpg,2,1,train
DR_grading/train/007-4693-200.jpg,2,1,train
synthetic_ungradable/synth_ungradable_00801_blur.jpg,5,0,train
synthetic_ungradable/synth_ungradable_00512_blur.jpg,5,0,train
synthetic_ungradable/synth_ungradable_00633_blur.jpg,5,0,train
DR_grading/train/007-2178-100.jpg,2,1,train
DR_grading/train/20170221145500161.jpg,0,1,train
DR_grading/train/20170226205347603.jpg,0,1,train
DR_grading/train/007-2114-100.jpg,2,1,train
synthetic_ungradable/synth_ungradable_00790_blur.jpg,5,0,train
synthetic_ungradable/synth_ungradable_00116_dark.jpg,5,0,train
synthetic_ungradable/synth_ungradable_00740_bright.jpg,5,0,train
DR_grading/train/007-4887-300.jpg,2,1,train
DR_grading/train/007-0483-000.jpg,0,1,train
synthetic_ungradable/synth_ungradable_00830_blur.jpg,5,0,train
synthetic_ungradable/synth_ungradable_00119_blur.jpg,5,0,train
synthetic_ungradable/synth_ungradable_00656_dark.jpg,5,0,train
DR_grading/train/007-1497-000.jpg,0,1,train
synthetic_ungradable/synth_ungradable_00635_blur.jpg,5,0,train
synthetic_ungradable/synth_ungradable_00369_blur.jpg,5,0,train
synthetic_ungradable/synth_ungradable_00268_dark.jpg,5,0,train
synthetic_ungradable/synth_ungradable_00655_blur.jpg,5,0,train
synthetic_ungradable/synth_ungradable_00935_dark.jpg,5,0,train
synthetic_ungradable/synth_ungradable_00822_dark.jpg,5,0,train
synthetic_ungradable/synth_ungradable_00866_blur.jpg,5,0,train
synthetic_ungradable/synth_ungradable_00046_blur.jpg,5,0,train
DR_grading/train/007-6997-400.jpg,4,1,train
DR_grading/train/007-5943-300.jpg,2,1,train
synthetic_ungradable/synth_ungradable_00991_dark.jpg,5,0,train
synthetic_ungradable/synth_ungradable_00876_blur.jpg,5,0,train
synthetic_ungradable/synth_ungradable_00773_blur.jpg,5,0,train
DR_grading/train/007-2367-100.jpg,1,1,train
DR_grading/train/007-6016-300.jpg,2,1,train
synthetic_ungradable/synth_ungradable_00004_dark.jpg,5,0,train
DR_grading/train/007-2451-100.jpg,1,1,train
DR_grading/train/20170227083936461.jpg,0,1,train
synthetic_ungradable/synth_ungradable_00263_blur.jpg,5,0,train
DR_grading/train/007-3893-200.jpg,2,1,train
DR_grading/train/007-4085-200.jpg,2,1,train
synthetic_ungradable/synth_ungradable_00443_blur.jpg,5,0,train
DR_grading/train/007-4788-300.jpg,2,1,train
DR_grading/train/007-1104-000.jpg,0,1,train
synthetic_ungradable/synth_ungradable_00837_bright.jpg,5,0,train
DR_grading/train/007-4178-200.jpg,2,1,train
synthetic_ungradable/synth_ungradable_00304_blur.jpg,5,0,train
DR_grading/train/007-5989-300.jpg,2,1,train
DR_grading/train/007-5171-300.jpg,2,1,train
synthetic_ungradable/synth_ungradable_00313_blur.jpg,5,0,train
synthetic_ungradable/synth_ungradable_00149_blur.jpg,5,0,train
DR_grading/train/007-5626-300.jpg,2,1,train
DR_grading/train/007-5821-300.jpg,2,1,train
synthetic_ungradable/synth_ungradable_00574_blur.jpg,5,0,train
synthetic_ungradable/synth_ungradable_00050_bright.jpg,5,0,train
DR_grading/train/007-2995-100.jpg,0,1,train
synthetic_ungradable/synth_ungradable_00726_blur.jpg,5,0,train
synthetic_ungradable/synth_ungradable_00833_dark.jpg,5,0,train
DR_grading/train/20170331094112192.jpg,0,1,train
DR_grading/train/20170323085657869.jpg,0,1,train
DR_grading/train/007-0069-000.jpg,0,1,train
synthetic_ungradable/synth_ungradable_00470_blur.jpg,5,0,train
synthetic_ungradable/synth_ungradable_00971_bright.jpg,5,0,train
synthetic_ungradable/synth_ungradable_00653_dark.jpg,5,0,train
synthetic_ungradable/synth_ungradable_00399_blur.jpg,5,0,train
synthetic_ungradable/synth_ungradable_00511_dark.jpg,5,0,train
synthetic_ungradable/synth_ungradable_00320_bright.jpg,5,0,train
synthetic_ungradable/synth_ungradable_00019_blur.jpg,5,0,train
synthetic_ungradable/synth_ungradable_00684_blur.jpg,5,0,train
synthetic_ungradable/synth_ungradable_00035_blur.jpg,5,0,train
synthetic_ungradable/synth_ungradable_00902_bright.jpg,5,0,train
DR_grading/train/007-0552-000.jpg,0,1,train
synthetic_ungradable/synth_ungradable_00827_bright.jpg,5,0,train
DR_grading/train/007-4680-200.jpg,2,1,train
synthetic_ungradable/synth_ungradable_00407_blur.jpg,5,0,train
synthetic_ungradable/synth_ungradable_00920_blur.jpg,5,0,train
synthetic_ungradable/synth_ungradable_00537_dark.jpg,5,0,train
synthetic_ungradable/synth_ungradable_00758_dark.jpg,5,0,train
DR_grading/train/20170329093954690.jpg,0,1,train
DR_grading/train/20170331090026449.jpg,0,1,train
DR_grading/train/007-1382-000.jpg,0,1,train
synthetic_ungradable/synth_ungradable_00245_blur.jpg,5,0,train
DR_grading/train/007-6190-300.jpg,2,1,train
DR_grading/train/007-0633-000.jpg,0,1,train
synthetic_ungradable/synth_ungradable_00784_bright.jpg,5,0,train
DR_grading/train/007-4574-200.jpg,2,1,train
synthetic_ungradable/synth_ungradable_00489_blur.jpg,5,0,train
synthetic_ungradable/synth_ungradable_00154_blur.jpg,5,0,train
synthetic_ungradable/synth_ungradable_00961_bright.jpg,5,0,train
synthetic_ungradable/synth_ungradable_00853_bright.jpg,5,0,train
DR_grading/train/007-4446-200.jpg,2,1,train
synthetic_ungradable/synth_ungradable_00625_blur.jpg,5,0,train
synthetic_ungradable/synth_ungradable_00685_blur.jpg,5,0,train
DR_grading/train/007-7517-601.jpg,0,1,train
synthetic_ungradable/synth_ungradable_00569_bright.jpg,5,0,train
DR_grading/train/007-4830-300.jpg,2,1,train
synthetic_ungradable/synth_ungradable_00017_bright.jpg,5,0,train
synthetic_ungradable/synth_ungradable_00127_dark.jpg,5,0,train
DR_grading/train/20170209151045082.jpg,0,1,train
DR_grading/train/007-4259-200.jpg,2,1,train
DR_grading/train/20170328105401273.jpg,0,1,train
synthetic_ungradable/synth_ungradable_00927_dark.jpg,5,0,train
synthetic_ungradable/synth_ungradable_00980_blur.jpg,5,0,train
DR_grading/train/007-5665-300.jpg,2,1,train
synthetic_ungradable/synth_ungradable_00190_blur.jpg,5,0,train
DR_grading/train/007-6091-300.jpg,2,1,train
synthetic_ungradable/synth_ungradable_00992_blur.jpg,5,0,train
DR_grading/train/007-2115-100.jpg,2,1,train
DR_grading/train/007-0236-000.jpg,0,1,train
synthetic_ungradable/synth_ungradable_00606_bright.jpg,5,0,train
synthetic_ungradable/synth_ungradable_00180_bright.jpg,5,0,train
synthetic_ungradable/synth_ungradable_00301_blur.jpg,5,0,train
synthetic_ungradable/synth_ungradable_00496_bright.jpg,5,0,train
DR_grading/train/007-4608-200.jpg,2,1,train
DR_grading/train/20170327091025156.jpg,0,1,train
DR_grading/train/20170401095655999.jpg,0,1,train
DR_grading/train/007-3069-100.jpg,1,1,train
synthetic_ungradable/synth_ungradable_00517_bright.jpg,5,0,train
DR_grading/train/007-2725-100.jpg,1,1,train
DR_grading/train/007-2258-100.jpg,2,1,train
synthetic_ungradable/synth_ungradable_00476_blur.jpg,5,0,train
synthetic_ungradable/synth_ungradable_00157_blur.jpg,5,0,train
DR_grading/train/007-6569-400.jpg,4,1,train
DR_grading/train/007-5335-300.jpg,2,1,train
synthetic_ungradable/synth_ungradable_00016_bright.jpg,5,0,train
DR_grading/train/20170224220806889.jpg,0,1,train
DR_grading/train/007-1073-000.jpg,0,1,train
DR_grading/train/007-6298-400.jpg,4,1,train
synthetic_ungradable/synth_ungradable_00546_blur.jpg,5,0,train
DR_grading/train/20170224105612339.jpg,0,1,train
synthetic_ungradable/synth_ungradable_00658_dark.jpg,5,0,train
DR_grading/train/007-0550-000.jpg,0,1,train
DR_grading/train/20170209140451728.jpg,0,1,train
DR_grading/train/20170405092854949.jpg,0,1,train
DR_grading/train/007-2573-100.jpg,0,1,train
synthetic_ungradable/synth_ungradable_00959_blur.jpg,5,0,train
DR_grading/train/007-2053-100.jpg,1,1,train
synthetic_ungradable/synth_ungradable_00283_blur.jpg,5,0,train
synthetic_ungradable/synth_ungradable_00797_blur.jpg,5,0,train
DR_grading/train/007-3037-100.jpg,0,1,train
synthetic_ungradable/synth_ungradable_00225_dark.jpg,5,0,train
synthetic_ungradable/synth_ungradable_00026_blur.jpg,5,0,train
DR_grading/train/007-4241-200.jpg,2,1,train
synthetic_ungradable/synth_ungradable_00437_blur.jpg,5,0,train
DR_grading/train/007-6573-400.jpg,4,1,train
DR_grading/train/20170217100112164.jpg,0,1,train
synthetic_ungradable/synth_ungradable_00229_blur.jpg,5,0,train
synthetic_ungradable/synth_ungradable_00037_bright.jpg,5,0,train
synthetic_ungradable/synth_ungradable_00749_blur.jpg,5,0,train
DR_grading/train/20170327103629372.jpg,0,1,train
DR_grading/train/007-0314-000.jpg,0,1,train
synthetic_ungradable/synth_ungradable_00469_dark.jpg,5,0,train
DR_grading/train/007-3224-100.jpg,2,1,train
DR_grading/train/20170408212538144.jpg,0,1,train
synthetic_ungradable/synth_ungradable_00687_bright.jpg,5,0,train
DR_grading/train/007-5467-300.jpg,2,1,train
synthetic_ungradable/synth_ungradable_00639_dark.jpg,5,0,train
DR_grading/train/20170220151908278.jpg,0,1,train
DR_grading/train/20170227234712975.jpg,0,1,train
DR_grading/train/007-4903-300.jpg,3,1,train
DR_grading/train/007-0824-000.jpg,0,1,train
DR_grading/train/007-5703-300.jpg,3,1,train
DR_grading/train/007-5026-300.jpg,2,1,train
DR_grading/train/007-6093-300.jpg,3,1,train
DR_grading/train/007-3806-200.jpg,2,1,train
synthetic_ungradable/synth_ungradable_00800_dark.jpg,5,0,train
DR_grading/train/007-4841-300.jpg,2,1,train
synthetic_ungradable/synth_ungradable_00160_blur.jpg,5,0,train
synthetic_ungradable/synth_ungradable_00956_blur.jpg,5,0,train
DR_grading/train/007-1042-000.jpg,0,1,train
synthetic_ungradable/synth_ungradable_00821_dark.jpg,5,0,train
DR_grading/train/007-4893-300.jpg,2,1,train
synthetic_ungradable/synth_ungradable_00877_dark.jpg,5,0,train
synthetic_ungradable/synth_ungradable_00913_blur.jpg,5,0,train
synthetic_ungradable/synth_ungradable_00152_blur.jpg,5,0,train
DR_grading/train/20170323141155955.jpg,0,1,train
DR_grading/train/007-8317-602.jpg,0,1,train
synthetic_ungradable/synth_ungradable_00509_dark.jpg,5,0,train
DR_grading/train/20170106170829250.jpg,0,1,train
DR_grading/train/007-2921-100.jpg,2,1,train
DR_grading/train/007-6548-400.jpg,4,1,train
synthetic_ungradable/synth_ungradable_00103_blur.jpg,5,0,train
DR_grading/train/007-2737-100.jpg,2,1,train
DR_grading/train/20170330153216510.jpg,0,1,train
synthetic_ungradable/synth_ungradable_00586_dark.jpg,5,0,train
DR_grading/train/20170215165117445.jpg,0,1,train
DR_grading/train/20170216090543323.jpg,0,1,train
synthetic_ungradable/synth_ungradable_00053_bright.jpg,5,0,train
synthetic_ungradable/synth_ungradable_00151_blur.jpg,5,0,train
synthetic_ungradable/synth_ungradable_00403_blur.jpg,5,0,train
DR_grading/train/007-1770-100.jpg,2,1,train
synthetic_ungradable/synth_ungradable_00207_blur.jpg,5,0,train
DR_grading/train/007-3875-200.jpg,2,1,train
DR_grading/train/007-5029-300.jpg,2,1,train
DR_grading/train/007-5329-300.jpg,2,1,train
synthetic_ungradable/synth_ungradable_00008_bright.jpg,5,0,train
DR_grading/train/007-0521-000.jpg,0,1,train
DR_grading/train/007-1978-100.jpg,1,1,train
DR_grading/train/007-2227-100.jpg,1,1,train
synthetic_ungradable/synth_ungradable_00452_bright.jpg,5,0,train
synthetic_ungradable/synth_ungradable_00253_blur.jpg,5,0,train
DR_grading/train/007-3804-200.jpg,2,1,train
synthetic_ungradable/synth_ungradable_00896_bright.jpg,5,0,train
DR_grading/train/20170224104635817.jpg,0,1,train
synthetic_ungradable/synth_ungradable_00880_bright.jpg,5,0,train
DR_grading/train/007-7124-400.jpg,4,1,train
DR_grading/train/20170221093313426.jpg,0,1,train
synthetic_ungradable/synth_ungradable_00623_dark.jpg,5,0,train
synthetic_ungradable/synth_ungradable_00345_blur.jpg,5,0,train
DR_grading/train/007-6678-400.jpg,4,1,train
synthetic_ungradable/synth_ungradable_00262_blur.jpg,5,0,train
DR_grading/train/007-3455-200.jpg,2,1,train
DR_grading/train/007-1684-000.jpg,0,1,train
DR_grading/train/20170223151510068.jpg,0,1,train
synthetic_ungradable/synth_ungradable_00150_dark.jpg,5,0,train
synthetic_ungradable/synth_ungradable_00472_bright.jpg,5,0,train
synthetic_ungradable/synth_ungradable_00640_blur.jpg,5,0,train
DR_grading/train/20170407221420858.jpg,0,1,train
DR_grading/train/007-5690-300.jpg,2,1,train
synthetic_ungradable/synth_ungradable_00550_bright.jpg,5,0,train
DR_grading/train/20170323093821503.jpg,0,1,train
synthetic_ungradable/synth_ungradable_00928_dark.jpg,5,0,train
synthetic_ungradable/synth_ungradable_00488_blur.jpg,5,0,train
DR_grading/train/007-4211-200.jpg,2,1,train
DR_grading/train/007-8428-603.jpg,2,1,train
synthetic_ungradable/synth_ungradable_00146_dark.jpg,5,0,train
DR_grading/train/007-1904-100.jpg,1,1,train
DR_grading/train/007-5037-300.jpg,2,1,train
synthetic_ungradable/synth_ungradable_00402_bright.jpg,5,0,train
synthetic_ungradable/synth_ungradable_00954_dark.jpg,5,0,train
DR_grading/train/007-6591-400.jpg,4,1,train
synthetic_ungradable/synth_ungradable_00659_blur.jpg,5,0,train
DR_grading/train/007-0129-000.jpg,0,1,train
synthetic_ungradable/synth_ungradable_00463_bright.jpg,5,0,train
DR_grading/train/007-5494-300.jpg,2,1,train
synthetic_ungradable/synth_ungradable_00186_blur.jpg,5,0,train
DR_grading/train/007-3416-200.jpg,2,1,train
DR_grading/train/007-6356-400.jpg,4,1,train
synthetic_ungradable/synth_ungradable_00608_blur.jpg,5,0,train
synthetic_ungradable/synth_ungradable_00143_blur.jpg,5,0,train
synthetic_ungradable/synth_ungradable_00751_bright.jpg,5,0,train
DR_grading/train/20170330151213043.jpg,0,1,train
synthetic_ungradable/synth_ungradable_00981_blur.jpg,5,0,train
synthetic_ungradable/synth_ungradable_00197_blur.jpg,5,0,train
DR_grading/train/20170225195614603.jpg,0,1,train
synthetic_ungradable/synth_ungradable_00883_dark.jpg,5,0,train
synthetic_ungradable/synth_ungradable_00279_bright.jpg,5,0,train
synthetic_ungradable/synth_ungradable_00293_dark.jpg,5,0,train
DR_grading/train/007-2206-100.jpg,0,1,train
synthetic_ungradable/synth_ungradable_00400_bright.jpg,5,0,train
synthetic_ungradable/synth_ungradable_00122_bright.jpg,5,0,train
DR_grading/train/20170227225502933.jpg,0,1,train
synthetic_ungradable/synth_ungradable_00202_blur.jpg,5,0,train
DR_grading/train/007-4188-200.jpg,2,1,train
synthetic_ungradable/synth_ungradable_00835_blur.jpg,5,0,train
synthetic_ungradable/synth_ungradable_00246_blur.jpg,5,0,train
DR_grading/train/007-0275-000.jpg,0,1,train
DR_grading/train/007-7148-400.jpg,4,1,train
DR_grading/train/007-3278-100.jpg,1,1,train
DR_grading/train/007-7729-601.jpg,2,1,train
DR_grading/train/20170207175645289.jpg,0,1,train
DR_grading/train/007-0806-000.jpg,0,1,train
DR_grading/train/007-3868-200.jpg,2,1,train
DR_grading/train/007-1912-100.jpg,1,1,train
synthetic_ungradable/synth_ungradable_00384_bright.jpg,5,0,train
DR_grading/train/007-6428-400.jpg,4,1,train
synthetic_ungradable/synth_ungradable_00854_blur.jpg,5,0,train
DR_grading/train/007-6842-400.jpg,4,1,train
synthetic_ungradable/synth_ungradable_00219_blur.jpg,5,0,train
synthetic_ungradable/synth_ungradable_00641_dark.jpg,5,0,train
synthetic_ungradable/synth_ungradable_00001_bright.jpg,5,0,train
synthetic_ungradable/synth_ungradable_00112_bright.jpg,5,0,train
synthetic_ungradable/synth_ungradable_00698_dark.jpg,5,0,train
DR_grading/train/007-2929-100.jpg,2,1,train
synthetic_ungradable/synth_ungradable_00951_bright.jpg,5,0,train
DR_grading/train/007-3795-200.jpg,2,1,train
DR_grading/train/007-3377-200.jpg,2,1,train
DR_grading/train/007-2577-100.jpg,0,1,train
DR_grading/train/007-2234-100.jpg,1,1,train
DR_grading/train/007-4244-200.jpg,2,1,train
DR_grading/train/007-2076-100.jpg,2,1,train
DR_grading/train/007-4383-200.jpg,2,1,train
DR_grading/train/007-5541-300.jpg,2,1,train
synthetic_ungradable/synth_ungradable_00441_blur.jpg,5,0,train
DR_grading/train/007-5039-300.jpg,2,1,train
DR_grading/train/007-1783-100.jpg,0,1,train
DR_grading/train/007-8207-601.jpg,0,1,train
DR_grading/train/20170223094629597.jpg,0,1,train
DR_grading/train/20170407130352565.jpg,0,1,train
DR_grading/train/007-2744-100.jpg,1,1,train
DR_grading/train/007-4062-200.jpg,3,1,train
DR_grading/train/20170120223140633.jpg,0,1,train
synthetic_ungradable/synth_ungradable_00663_dark.jpg,5,0,train
DR_grading/train/20170330085440333.jpg,0,1,train
DR_grading/train/007-3341-200.jpg,2,1,train
DR_grading/train/007-4105-200.jpg,2,1,train
DR_grading/train/20170330085537655.jpg,0,1,train
synthetic_ungradable/synth_ungradable_00317_dark.jpg,5,0,train
synthetic_ungradable/synth_ungradable_00648_bright.jpg,5,0,train
DR_grading/train/007-1741-000.jpg,0,1,train
DR_grading/train/007-3012-100.jpg,2,1,train
synthetic_ungradable/synth_ungradable_00709_blur.jpg,5,0,train
DR_grading/train/007-2837-100.jpg,1,1,train
DR_grading/train/007-1438-000.jpg,0,1,train
synthetic_ungradable/synth_ungradable_00972_dark.jpg,5,0,train
synthetic_ungradable/synth_ungradable_00627_dark.jpg,5,0,train
synthetic_ungradable/synth_ungradable_00632_dark.jpg,5,0,train
DR_grading/train/007-1643-000.jpg,0,1,train
DR_grading/train/007-1044-000.jpg,0,1,train
DR_grading/train/007-5586-300.jpg,2,1,train
DR_grading/train/007-0108-000.jpg,0,1,train
DR_grading/train/007-8485-604.jpg,2,1,train
DR_grading/train/007-4202-200.jpg,2,1,train
DR_grading/train/007-4652-200.jpg,2,1,train
DR_grading/train/007-5962-300.jpg,2,1,train
DR_grading/train/20170408224549139.jpg,0,1,train
DR_grading/train/007-3540-200.jpg,2,1,train
DR_grading/train/20170406082540787.jpg,0,1,train
DR_grading/train/007-1534-000.jpg,0,1,train
DR_grading/train/007-8560-604.jpg,0,1,train
DR_grading/train/20170407105555914.jpg,0,1,train
DR_grading/train/007-6895-400.jpg,4,1,train
synthetic_ungradable/synth_ungradable_00795_blur.jpg,5,0,train
synthetic_ungradable/synth_ungradable_00645_blur.jpg,5,0,train
DR_grading/train/007-8259-602.jpg,2,1,train
DR_grading/train/007-7114-400.jpg,4,1,train
synthetic_ungradable/synth_ungradable_00556_blur.jpg,5,0,train
synthetic_ungradable/synth_ungradable_00681_dark.jpg,5,0,train
synthetic_ungradable/synth_ungradable_00577_blur.jpg,5,0,train
DR_grading/train/007-6320-400.jpg,4,1,train
DR_grading/train/007-3597-200.jpg,2,1,train
DR_grading/train/007-1710-000.jpg,0,1,train
DR_grading/train/007-7501-601.jpg,0,1,train
synthetic_ungradable/synth_ungradable_00524_dark.jpg,5,0,train
DR_grading/train/007-5790-300.jpg,2,1,train
synthetic_ungradable/synth_ungradable_00540_blur.jpg,5,0,train
DR_grading/train/007-4482-200.jpg,2,1,train
DR_grading/train/007-1876-100.jpg,2,1,train
synthetic_ungradable/synth_ungradable_00748_blur.jpg,5,0,train
DR_grading/train/007-4288-200.jpg,2,1,train
DR_grading/train/007-6716-400.jpg,4,1,train
synthetic_ungradable/synth_ungradable_00484_blur.jpg,5,0,train
DR_grading/train/007-3551-200.jpg,2,1,train
synthetic_ungradable/synth_ungradable_00095_blur.jpg,5,0,train
DR_grading/train/20170329084401502.jpg,0,1,train
synthetic_ungradable/synth_ungradable_00563_dark.jpg,5,0,train
DR_grading/train/007-0539-000.jpg,0,1,train
synthetic_ungradable/synth_ungradable_00742_blur.jpg,5,0,train
synthetic_ungradable/synth_ungradable_00863_blur.jpg,5,0,train
DR_grading/train/007-6182-300.jpg,2,1,train
DR_grading/train/007-0383-000.jpg,0,1,train
DR_grading/train/007-6626-400.jpg,4,1,train
synthetic_ungradable/synth_ungradable_00891_bright.jpg,5,0,train
DR_grading/train/007-4355-200.jpg,2,1,train
DR_grading/train/007-6376-400.jpg,4,1,train
synthetic_ungradable/synth_ungradable_00206_dark.jpg,5,0,train
synthetic_ungradable/synth_ungradable_00392_dark.jpg,5,0,train
synthetic_ungradable/synth_ungradable_00794_bright.jpg,5,0,train
synthetic_ungradable/synth_ungradable_00870_blur.jpg,5,0,train
synthetic_ungradable/synth_ungradable_00397_blur.jpg,5,0,train
synthetic_ungradable/synth_ungradable_00766_blur.jpg,5,0,train
DR_grading/train/007-4926-300.jpg,2,1,train
DR_grading/train/007-0609-000.jpg,0,1,train
DR_grading/train/007-0452-000.jpg,0,1,train
DR_grading/train/007-3424-200.jpg,2,1,train
synthetic_ungradable/synth_ungradable_00642_blur.jpg,5,0,train
DR_grading/train/007-1944-100.jpg,0,1,train
synthetic_ungradable/synth_ungradable_00612_dark.jpg,5,0,train
DR_grading/train/20170207103824784.jpg,0,1,train
synthetic_ungradable/synth_ungradable_00960_blur.jpg,5,0,train
DR_grading/train/007-1037-000.jpg,0,1,train
synthetic_ungradable/synth_ungradable_00725_dark.jpg,5,0,train
synthetic_ungradable/synth_ungradable_00683_dark.jpg,5,0,train
synthetic_ungradable/synth_ungradable_00098_dark.jpg,5,0,train
synthetic_ungradable/synth_ungradable_00804_blur.jpg,5,0,train
DR_grading/train/007-3413-200.jpg,2,1,train
DR_grading/train/007-2640-100.jpg,2,1,train
synthetic_ungradable/synth_ungradable_00406_dark.jpg,5,0,train
synthetic_ungradable/synth_ungradable_00502_blur.jpg,5,0,train
DR_grading/train/007-4217-200.jpg,2,1,train
DR_grading/train/007-1734-000.jpg,0,1,train
synthetic_ungradable/synth_ungradable_00929_blur.jpg,5,0,train
synthetic_ungradable/synth_ungradable_00779_blur.jpg,5,0,train
synthetic_ungradable/synth_ungradable_00200_dark.jpg,5,0,train
synthetic_ungradable/synth_ungradable_00134_bright.jpg,5,0,train
DR_grading/train/20170224105714794.jpg,0,1,train
synthetic_ungradable/synth_ungradable_00040_blur.jpg,5,0,train
DR_grading/train/007-1277-000.jpg,0,1,train
synthetic_ungradable/synth_ungradable_00230_blur.jpg,5,0,train
DR_grading/train/007-6214-300.jpg,3,1,train
DR_grading/train/007-2341-100.jpg,1,1,train
synthetic_ungradable/synth_ungradable_00378_bright.jpg,5,0,train
synthetic_ungradable/synth_ungradable_00288_blur.jpg,5,0,train
synthetic_ungradable/synth_ungradable_00418_blur.jpg,5,0,train
DR_grading/train/007-5381-300.jpg,2,1,train
synthetic_ungradable/synth_ungradable_00391_dark.jpg,5,0,train
synthetic_ungradable/synth_ungradable_00592_bright.jpg,5,0,train
DR_grading/train/007-6066-300.jpg,2,1,train
DR_grading/train/20170208174537830.jpg,0,1,train
DR_grading/train/20170208101614671.jpg,0,1,train
DR_grading/train/007-6261-300.jpg,2,1,train
synthetic_ungradable/synth_ungradable_00647_blur.jpg,5,0,train
DR_grading/train/007-1971-100.jpg,1,1,train
DR_grading/train/007-5223-300.jpg,3,1,train
synthetic_ungradable/synth_ungradable_00520_bright.jpg,5,0,train
DR_grading/train/20170324093304975.jpg,0,1,train
synthetic_ungradable/synth_ungradable_00064_blur.jpg,5,0,train
DR_grading/train/007-1509-000.jpg,0,1,train
synthetic_ungradable/synth_ungradable_00014_dark.jpg,5,0,train
DR_grading/train/007-1240-000.jpg,0,1,train
DR_grading/train/007-0347-000.jpg,1,1,train
synthetic_ungradable/synth_ungradable_00492_blur.jpg,5,0,train
synthetic_ungradable/synth_ungradable_00379_dark.jpg,5,0,train
synthetic_ungradable/synth_ungradable_00187_bright.jpg,5,0,train
synthetic_ungradable/synth_ungradable_00763_bright.jpg,5,0,train
synthetic_ungradable/synth_ungradable_00216_dark.jpg,5,0,train
synthetic_ungradable/synth_ungradable_00791_blur.jpg,5,0,train
DR_grading/train/007-5797-300.jpg,2,1,train
synthetic_ungradable/synth_ungradable_00878_bright.jpg,5,0,train
synthetic_ungradable/synth_ungradable_00337_blur.jpg,5,0,train
DR_grading/train/007-3312-200.jpg,2,1,train
synthetic_ungradable/synth_ungradable_00719_dark.jpg,5,0,train
DR_grading/train/007-1178-000.jpg,0,1,train
synthetic_ungradable/synth_ungradable_00295_bright.jpg,5,0,train
DR_grading/train/007-2945-100.jpg,1,1,train
DR_grading/train/007-5527-300.jpg,3,1,train
DR_grading/train/007-0996-000.jpg,0,1,train
DR_grading/train/20170326080816565.jpg,0,1,train
DR_grading/train/007-1689-000.jpg,2,1,train
synthetic_ungradable/synth_ungradable_00455_blur.jpg,5,0,train
DR_grading/train/007-0333-000.jpg,0,1,train
synthetic_ungradable/synth_ungradable_00815_dark.jpg,5,0,train
DR_grading/train/007-0827-000.jpg,0,1,train
synthetic_ungradable/synth_ungradable_00269_bright.jpg,5,0,train
synthetic_ungradable/synth_ungradable_00995_bright.jpg,5,0,train
synthetic_ungradable/synth_ungradable_00201_bright.jpg,5,0,train
synthetic_ungradable/synth_ungradable_00161_dark.jpg,5,0,train
DR_grading/train/007-4132-200.jpg,2,1,train
synthetic_ungradable/synth_ungradable_00729_dark.jpg,5,0,train
synthetic_ungradable/synth_ungradable_00401_bright.jpg,5,0,train
synthetic_ungradable/synth_ungradable_00702_blur.jpg,5,0,train
DR_grading/train/007-3747-200.jpg,2,1,train
DR_grading/train/007-6821-400.jpg,4,1,train
DR_grading/train/007-2992-100.jpg,2,1,train
DR_grading/train/20170120215156264.jpg,0,1,train
synthetic_ungradable/synth_ungradable_00565_dark.jpg,5,0,train
DR_grading/train/007-2820-100.jpg,2,1,train
DR_grading/train/007-1780-100.jpg,1,1,train
DR_grading/train/007-5137-300.jpg,2,1,train
DR_grading/train/20170406085447924.jpg,0,1,train
DR_grading/train/007-3733-200.jpg,2,1,train
DR_grading/train/007-1869-100.jpg,1,1,train
DR_grading/train/007-4233-200.jpg,2,1,train
synthetic_ungradable/synth_ungradable_00205_dark.jpg,5,0,train
synthetic_ungradable/synth_ungradable_00034_blur.jpg,5,0,train
synthetic_ungradable/synth_ungradable_00775_bright.jpg,5,0,train
synthetic_ungradable/synth_ungradable_00508_dark.jpg,5,0,train
DR_grading/train/007-0673-000.jpg,0,1,train
DR_grading/train/007-0036-000.jpg,0,1,train
DR_grading/train/007-6658-400.jpg,4,1,train
DR_grading/train/20170215102114029.jpg,0,1,train
synthetic_ungradable/synth_ungradable_00091_blur.jpg,5,0,train
DR_grading/train/007-1700-000.jpg,0,1,train
synthetic_ungradable/synth_ungradable_00897_bright.jpg,5,0,train
synthetic_ungradable/synth_ungradable_00564_blur.jpg,5,0,train
DR_grading/train/007-4279-200.jpg,2,1,train
synthetic_ungradable/synth_ungradable_00776_blur.jpg,5,0,train
synthetic_ungradable/synth_ungradable_00241_bright.jpg,5,0,train
synthetic_ungradable/synth_ungradable_00013_dark.jpg,5,0,train
synthetic_ungradable/synth_ungradable_00315_dark.jpg,5,0,train
synthetic_ungradable/synth_ungradable_00600_bright.jpg,5,0,train
synthetic_ungradable/synth_ungradable_00387_blur.jpg,5,0,train
DR_grading/train/007-4161-200.jpg,2,1,train
synthetic_ungradable/synth_ungradable_00166_blur.jpg,5,0,train
synthetic_ungradable/synth_ungradable_00840_bright.jpg,5,0,train
synthetic_ungradable/synth_ungradable_00020_bright.jpg,5,0,train
synthetic_ungradable/synth_ungradable_00646_blur.jpg,5,0,train
DR_grading/train/007-5257-300.jpg,2,1,train
DR_grading/train/007-2418-100.jpg,2,1,train
DR_grading/train/007-5042-300.jpg,2,1,train
DR_grading/train/007-0629-000.jpg,1,1,train
synthetic_ungradable/synth_ungradable_00831_dark.jpg,5,0,train
DR_grading/train/007-2223-100.jpg,0,1,train
DR_grading/train/007-0687-000.jpg,0,1,train
DR_grading/train/20170331085540124.jpg,0,1,train
synthetic_ungradable/synth_ungradable_00562_bright.jpg,5,0,train
DR_grading/train/007-0759-000.jpg,0,1,train
synthetic_ungradable/synth_ungradable_00686_bright.jpg,5,0,train
synthetic_ungradable/synth_ungradable_00957_blur.jpg,5,0,train
synthetic_ungradable/synth_ungradable_00189_dark.jpg,5,0,train
DR_grading/train/20170216104034957.jpg,0,1,train
synthetic_ungradable/synth_ungradable_00975_bright.jpg,5,0,train
synthetic_ungradable/synth_ungradable_00699_blur.jpg,5,0,train
DR_grading/train/007-7831-601.jpg,4,1,train
DR_grading/train/007-6000-300.jpg,3,1,train
synthetic_ungradable/synth_ungradable_00510_dark.jpg,5,0,train
DR_grading/train/007-1627-000.jpg,0,1,train
synthetic_ungradable/synth_ungradable_00474_blur.jpg,5,0,train
DR_grading/train/20170211092207309.jpg,0,1,train
synthetic_ungradable/synth_ungradable_00856_blur.jpg,5,0,train
synthetic_ungradable/synth_ungradable_00747_bright.jpg,5,0,train
synthetic_ungradable/synth_ungradable_00252_bright.jpg,5,0,train
synthetic_ungradable/synth_ungradable_00021_blur.jpg,5,0,train
DR_grading/train/007-2689-100.jpg,1,1,train
synthetic_ungradable/synth_ungradable_00459_bright.jpg,5,0,train
DR_grading/train/007-0128-000.jpg,0,1,train
synthetic_ungradable/synth_ungradable_00276_blur.jpg,5,0,train
synthetic_ungradable/synth_ungradable_00955_blur.jpg,5,0,train
DR_grading/train/20170331144918556.jpg,0,1,train
synthetic_ungradable/synth_ungradable_00385_bright.jpg,5,0,train
synthetic_ungradable/synth_ungradable_00805_blur.jpg,5,0,train
DR_grading/train/007-0793-000.jpg,0,1,train
DR_grading/train/20170124162232665.jpg,0,1,train
synthetic_ungradable/synth_ungradable_00343_blur.jpg,5,0,train
synthetic_ungradable/synth_ungradable_00769_bright.jpg,5,0,train
DR_grading/train/007-5931-300.jpg,2,1,train
DR_grading/train/007-0265-000.jpg,0,1,train
synthetic_ungradable/synth_ungradable_00130_blur.jpg,5,0,train
DR_grading/train/007-4519-200.jpg,4,1,train
synthetic_ungradable/synth_ungradable_00871_blur.jpg,5,0,train
DR_grading/train/007-6831-400.jpg,4,1,train
DR_grading/train/20170407234957611.jpg,0,1,train
synthetic_ungradable/synth_ungradable_00087_blur.jpg,5,0,train
DR_grading/train/007-3819-200.jpg,2,1,train
synthetic_ungradable/synth_ungradable_00330_blur.jpg,5,0,train
DR_grading/train/20170313172947430.jpg,0,1,train
synthetic_ungradable/synth_ungradable_00466_blur.jpg,5,0,train
synthetic_ungradable/synth_ungradable_00121_dark.jpg,5,0,train
DR_grading/train/007-5997-300.jpg,2,1,train
DR_grading/train/007-6848-400.jpg,4,1,train
DR_grading/train/007-4154-200.jpg,3,1,train
DR_grading/train/007-6777-400.jpg,4,1,train
DR_grading/train/007-1204-000.jpg,0,1,train
DR_grading/train/007-2028-100.jpg,2,1,train
synthetic_ungradable/synth_ungradable_00860_blur.jpg,5,0,train
DR_grading/train/007-1556-000.jpg,2,1,train
DR_grading/train/007-1181-000.jpg,1,1,train
