image_path,cache_path,box_x0,box_y0,box_x1,box_y1,pad_top,pad_left,side,size,label
DR_grading/train/007-3100-100.jpg,160_no_clahe/007-3100-100.png,4,3,512,512,0,0,509,160,1
synthetic_ungradable/synth_ungradable_00353_bright.jpg,160_no_clahe/synth_ungradable_00353_bright.png,17,16,496,496,0,0,480,160,5
DR_grading/train/007-3198-100.jpg,160_no_clahe/007-3198-100.png,0,0,512,512,0,0,512,160,2
synthetic_ungradable/synth_ungradable_00905_bright.jpg,160_no_clahe/synth_ungradable_00905_bright.png,24,27,486,488,0,0,462,160,5
DR_grading/train/007-3293-200.jpg,160_no_clahe/007-3293-200.png,23,0,1448,1137,144,0,1425,160,2
DR_grading/train/007-4070-200.jpg,160_no_clahe/007-4070-200.png,0,0,512,512,0,0,512,160,2
synthetic_ungradable/synth_ungradable_00938_blur.jpg,160_no_clahe/synth_ungradable_00938_blur.png,14,14,499,499,0,0,485,160,5
DR_grading/train/007-1047-000.jpg,160_no_clahe/007-1047-000.png,8,8,505,508,0,1,500,160,1
synthetic_ungradable/synth_ungradable_00065_bright.jpg,160_no_clahe/synth_ungradable_00065_bright.png,16,16,506,496,5,0,490,160,5
DR_grading/train/007-6886-400.jpg,160_no_clahe/007-6886-400.png,0,0,3504,2336,584,0,3504,160,4
synthetic_ungradable/synth_ungradable_00056_dark.jpg,160_no_clahe/synth_ungradable_00056_dark.png,19,19,494,494,0,0,475,160,5
DR_grading/train/007-6236-300.jpg,160_no_clahe/007-6236-300.png,0,0,512,512,0,0,512,160,2
DR_grading/train/007-6122-300.jpg,160_no_clahe/007-6122-300.png,4,1,510,510,0,1,509,160,2
synthetic_ungradable/synth_ungradable_00584_blur.jpg,160_no_clahe/synth_ungradable_00584_blur.png,16,16,497,497,0,0,481,160,5
synthetic_ungradable/synth_ungradable_00374_bright.jpg,160_no_clahe/synth_ungradable_00374_bright.png,16,16,496,496,0,0,480,160,5
synthetic_ungradable/synth_ungradable_00275_blur.jpg,160_no_clahe/synth_ungradable_00275_blur.png,20,20,492,492,0,0,472,160,5
synthetic_ungradable/synth_ungradable_00746_dark.jpg,160_no_clahe/synth_ungradable_00746_dark.png,21,20,491,491,0,0,471,160,5
synthetic_ungradable/synth_ungradable_00128_blur.jpg,160_no_clahe/synth_ungradable_00128_blur.png,22,22,490,490,0,0,468,160,5
DR_grading/train/007-3710-200.jpg,160_no_clahe/007-3710-200.png,0,0,512,512,0,0,512,160,2
DR_grading/train/007-4186-200.jpg,160_no_clahe/007-4186-200.png,0,0,512,512,0,0,512,160,2
synthetic_ungradable/synth_ungradable_00674_blur.jpg,160_no_clahe/synth_ungradable_00674_blur.png,16,16,496,496,0,0,480,160,5
DR_grading/train/007-7181-400.jpg,160_no_clahe/007-7181-400.png,85,88,3400,3390,6,0,3315,160,4
DR_grading/train/007-6799-400.jpg,160_no_clahe/007-6799-400.png,8,9,504,507,0,1,498,160,4
DR_grading/train/20170330213316497.jpg,160_no_clahe/20170330213316497.png,33,24,2953,2935,4,0,2920,160,0
DR_grading/train/007-5265-300.jpg,160_no_clahe/007-5265-300.png,18,15,2960,2935,11,0,2942,160,2
synthetic_ungradable/synth_ungradable_00099_blur.jpg,160_no_clahe/synth_ungradable_00099_blur.png,16,16,497,497,0,0,481,160,5
DR_grading/train/007-0560-000.jpg,160_no_clahe/007-0560-000.png,0,0,512,512,0,0,512,160,0
synthetic_ungradable/synth_ungradable_00964_blur.jpg,160_no_clahe/synth_ungradable_00964_blur.png,16,17,497,497,0,0,481,160,5
synthetic_ungradable/synth_ungradable_00792_dark.jpg,160_no_clahe/synth_ungradable_00792_dark.png,19,19,494,494,0,0,475,160,5
synthetic_ungradable/synth_ungradable_00029_bright.jpg,160_no_clahe/synth_ungradable_00029_bright.png,16,16,496,496,0,0,480,160,5
synthetic_ungradable/synth_ungradable_00628_blur.jpg,160_no_clahe/synth_ungradable_00628_blur.png,20,20,492,492,0,0,472,160,5
synthetic_ungradable/synth_ungradable_00944_blur.jpg,160_no_clahe/synth_ungradable_00944_blur.png,18,18,494,495,0,0,477,160,5
synthetic_ungradable/synth_ungradable_00572_dark.jpg,160_no_clahe/synth_ungradable_00572_dark.png,27,27,485,485,0,0,458,160,5
synthetic_ungradable/synth_ungradable_00907_bright.jpg,160_no_clahe/synth_ungradable_00907_bright.png,24,24,488,488,0,0,464,160,5
DR_grading/train/007-3812-200.jpg,160_no_clahe/007-3812-200.png,4,0,504,507,0,3,507,160,2
synthetic_ungradable/synth_ungradable_00450_blur.jpg,160_no_clahe/synth_ungradable_00450_blur.png,18,18,494,495,0,0,477,160,5
DR_grading/train/20170407222112733.jpg,160_no_clahe/20170407222112733.png,540,84,2195,1739,0,0,1655,160,0
DR_grading/train/20170226231939446.jpg,160_no_clahe/20170226231939446.png,538,82,2197,1741,0,0,1659,160,0
DR_grading/train/007-2697-100.jpg,160_no_clahe/007-2697-100.png,0,0,512,512,0,0,512,160,1
synthetic_ungradable/synth_ungradable_00254_blur.jpg,160_no_clahe/synth_ungradable_00254_blur.png,14,14,498,498,0,0,484,160,5
synthetic_ungradable/synth_ungradable_00124_blur.jpg,160_no_clahe/synth_ungradable_00124_blur.png,12,11,501,501,0,0,490,160,5
DR_grading/train/007-3569-200.jpg,160_no_clahe/007-3569-200.png,0,7,505,512,0,0,505,160,2
synthetic_ungradable/synth_ungradable_00251_blur.jpg,160_no_clahe/synth_ungradable_00251_blur.png,19,19,493,493,0,0,474,160,5
synthetic_ungradable/synth_ungradable_00585_dark.jpg,160_no_clahe/synth_ungradable_00585_dark.png,19,19,494,494,0,0,475,160,5
DR_grading/train/20170214145428338.jpg,160_no_clahe/20170214145428338.png,8,8,504,504,0,0,496,160,0
synthetic_ungradable/synth_ungradable_00824_dark.jpg,160_no_clahe/synth_ungradable_00824_dark.png,19,19,496,494,1,0,477,160,5
synthetic_ungradable/synth_ungradable_00507_blur.jpg,160_no_clahe/synth_ungradable_00507_blur.png,21,21,491,491,0,0,470,160,5
synthetic_ungradable/synth_ungradable_00889_blur.jpg,160_no_clahe/synth_ungradable_00889_blur.png,14,14,499,499,0,0,485,160,5
synthetic_ungradable/synth_ungradable_00070_blur.jpg,160_no_clahe/synth_ungradable_00070_blur.png,22,22,490,490,0,0,468,160,5
DR_grading/train/007-5415-300.jpg,160_no_clahe/007-5415-300.png,6,2,507,512,0,4,510,160,2
DR_grading/train/007-1203-000.jpg,160_no_clahe/007-1203-000.png,338,0,2628,2000,145,0,2290,160,0
synthetic_ungradable/synth_ungradable_00247_bright.jpg,160_no_clahe/synth_ungradable_00247_bright.png,24,24,487,488,0,0,464,160,5
DR_grading/train/007-3659-200.jpg,160_no_clahe/007-3659-200.png,6,0,504,512,0,7,512,160,2
synthetic_ungradable/synth_ungradable_00212_dark.jpg,160_no_clahe/synth_ungradable_00212_dark.png,29,29,483,483,0,0,454,160,5
synthetic_ungradable/synth_ungradable_00909_blur.jpg,160_no_clahe/synth_ungradable_00909_blur.png,16,16,498,497,0,0,482,160,5
DR_grading/train/20170221161327553.jpg,160_no_clahe/20170221161327553.png,8,8,504,505,0,0,497,160,0
DR_grading/train/20170220140114740.jpg,160_no_clahe/20170220140114740.png,7,3,504,504,0,2,501,160,0
DR_grading/train/007-6297-400.jpg,160_no_clahe/007-6297-400.png,7,8,504,506,0,0,498,160,4
DR_grading/train/007-6640-400.jpg,160_no_clahe/007-6640-400.png,8,6,507,506,0,0,500,160,4
synthetic_ungradable/synth_ungradable_00361_blur.jpg,160_no_clahe/synth_ungradable_00361_blur.png,11,12,501,501,0,0,490,160,5
DR_grading/train/007-6828-400.jpg,160_no_clahe/007-6828-400.png,0,0,512,512,0,0,512,160,4
synthetic_ungradable/synth_ungradable_00678_blur.jpg,160_no_clahe/synth_ungradable_00678_blur.png,21,21,491,491,0,0,470,160,5
DR_grading/train/007-6763-400.jpg,160_no_clahe/007-6763-400.png,0,0,512,512,0,0,512,160,4
DR_grading/train/20170405144029792.jpg,160_no_clahe/20170405144029792.png,141,19,2442,1978,171,0,2301,160,0
DR_grading/train/007-6834-400.jpg,160_no_clahe/007-6834-400.png,0,0,512,512,0,0,512,160,4
DR_grading/train/007-5165-300.jpg,160_no_clahe/007-5165-300.png,0,0,512,512,0,0,512,160,2
synthetic_ungradable/synth_ungradable_00987_dark.jpg,160_no_clahe/synth_ungradable_00987_dark.png,19,19,494,494,0,0,475,160,5
DR_grading/train/007-3475-200.jpg,160_no_clahe/007-3475-200.png,6,4,507,507,0,1,503,160,2
synthetic_ungradable/synth_ungradable_00111_blur.jpg,160_no_clahe/synth_ungradable_00111_blur.png,14,14,499,499,0,0,485,160,5
DR_grading/train/20170408223500289.jpg,160_no_clahe/20170408223500289.png,1,0,506,509,0,2,509,160,0
DR_grading/train/007-0115-000.jpg,160_no_clahe/007-0115-000.png,6,4,506,512,0,4,508,160,0
synthetic_ungradable/synth_ungradable_00383_dark.jpg,160_no_clahe/synth_ungradable_00383_dark.png,22,22,490,490,0,0,468,160,5
DR_grading/train/007-0052-000.jpg,160_no_clahe/007-0052-000.png,0,0,512,512,0,0,512,160,0
DR_grading/train/007-4843-300.jpg,160_no_clahe/007-4843-300.png,0,0,512,512,0,0,512,160,2
synthetic_ungradable/synth_ungradable_00755_dark.jpg,160_no_clahe/synth_ungradable_00755_dark.png,27,27,485,485,0,0,458,160,5
synthetic_ungradable/synth_ungradable_00324_bright.jpg,160_no_clahe/synth_ungradable_00324_bright.png,16,16,496,496,0,0,480,160,5
DR_grading/train/007-3931-200.jpg,160_no_clahe/007-3931-200.png,0,0,512,512,0,0,512,160,3
synthetic_ungradable/synth_ungradable_00787_bright.jpg,160_no_clahe/synth_ungradable_00787_bright.png,18,18,496,494,1,0,478,160,5
synthetic_ungradable/synth_ungradable_00368_blur.jpg,160_no_clahe/synth_ungradable_00368_blur.png,14,14,499,499,0,0,485,160,5
DR_grading/train/007-2741-100.jpg,160_no_clahe/007-2741-100.png,0,0,512,512,0,0,512,160,2
synthetic_ungradable/synth_ungradable_00069_dark.jpg,160_no_clahe/synth_ungradable_00069_dark.png,21,21,491,491,0,0,470,160,5
synthetic_ungradable/synth_ungradable_00857_bright.jpg,160_no_clahe/synth_ungradable_00857_bright.png,23,23,489,489,0,0,466,160,5
DR_grading/train/007-3778-200.jpg,160_no_clahe/007-3778-200.png,8,8,504,504,0,0,496,160,2
DR_grading/train/007-2480-100.jpg,160_no_clahe/007-2480-100.png,250,0,2343,1944,74,0,2093,160,1
DR_grading/train/007-1754-100.jpg,160_no_clahe/007-1754-100.png,62,9,1474,1142,139,0,1412,160,2
DR_grading/train/20170331112121587.jpg,160_no_clahe/20170331112121587.png,5,0,505,512,0,6,512,160,0
DR_grading/train/20170124162501604.jpg,160_no_clahe/20170124162501604.png,8,8,504,504,0,0,496,160,0
synthetic_ungradable/synth_ungradable_00478_bright.jpg,160_no_clahe/synth_ungradable_00478_bright.png,16,17,496,496,0,0,480,160,5
synthetic_ungradable/synth_ungradable_00281_blur.jpg,160_no_clahe/synth_ungradable_00281_blur.png,13,0,500,502,0,7,502,160,5
DR_grading/train/007-4185-200.jpg,160_no_clahe/007-4185-200.png,0,0,512,512,0,0,512,160,2
DR_grading/train/007-4337-200.jpg,160_no_clahe/007-4337-200.png,2,6,512,512,2,0,510,160,3
DR_grading/train/20170224170411991.jpg,160_no_clahe/20170224170411991.png,0,0,512,512,0,0,512,160,0
synthetic_ungradable/synth_ungradable_00210_blur.jpg,160_no_clahe/synth_ungradable_00210_blur.png,15,16,498,498,0,0,483,160,5
synthetic_ungradable/synth_ungradable_00297_blur.jpg,160_no_clahe/synth_ungradable_00297_blur.png,11,11,502,502,0,0,491,160,5
DR_grading/train/007-2624-100.jpg,160_no_clahe/007-2624-100.png,0,0,512,512,0,0,512,160,2
DR_grading/train/007-6549-400.jpg,160_no_clahe/007-6549-400.png,6,0,512,512,0,3,512,160,4
synthetic_ungradable/synth_ungradable_00651_blur.jpg,160_no_clahe/synth_ungradable_00651_blur.png,12,12,502,508,0,3,496,160,5
DR_grading/train/007-6984-400.jpg,160_no_clahe/007-6984-400.png,6,6,506,512,0,3,506,160,4
DR_grading/train/20170324075706591.jpg,160_no_clahe/20170324075706591.png,5,1,508,511,0,3,510,160,0
DR_grading/train/007-5947-300.jpg,160_no_clahe/007-5947-300.png,8,8,504,505,0,0,497,160,2
synthetic_ungradable/synth_ungradable_00916_blur.jpg,160_no_clahe/synth_ungradable_00916_blur.png,13,13,501,501,0,0,488,160,5
synthetic_ungradable/synth_ungradable_00993_dark.jpg,160_no_clahe/synth_ungradable_00993_dark.png,22,22,489,490,0,0,468,160,5
synthetic_ungradable/synth_ungradable_00429_bright.jpg,160_no_clahe/synth_ungradable_00429_bright.png,17,16,496,496,0,0,480,160,5
DR_grading/train/20170221104145522.jpg,160_no_clahe/20170221104145522.png,0,0,512,512,0,0,512,160,0
synthetic_ungradable/synth_ungradable_00239_dark.jpg,160_no_clahe/synth_ungradable_00239_dark.png,27,26,485,485,0,0,459,160,5
synthetic_ungradable/synth_ungradable_00879_dark.jpg,160_no_clahe/synth_ungradable_00879_dark.png,24,24,488,488,0,0,464,160,5
synthetic_ungradable/synth_ungradable_00620_blur.jpg,160_no_clahe/synth_ungradable_00620_blur.png,13,13,501,501,0,0,488,160,5
synthetic_ungradable/synth_ungradable_00256_bright.jpg,160_no_clahe/synth_ungradable_00256_bright.png,18,18,495,492,1,0,477,160,5
synthetic_ungradable/synth_ungradable_00611_dark.jpg,160_no_clahe/synth_ungradable_00611_dark.png,19,19,494,494,0,0,475,160,5
synthetic_ungradable/synth_ungradable_00544_blur.jpg,160_no_clahe/synth_ungradable_00544_blur.png,13,12,499,500,0,1,488,160,5
synthetic_ungradable/synth_ungradable_00771_blur.jpg,160_no_clahe/synth_ungradable_00771_blur.png,9,15,504,498,6,0,495,160,5
DR_grading/train/007-1283-000.jpg,160_no_clahe/007-1283-000.png,0,2,512,508,3,0,512,160,0
DR_grading/train/007-4399-200.jpg,160_no_clahe/007-4399-200.png,0,0,508,512,0,2,512,160,2
DR_grading/train/007-1121-000.jpg,160_no_clahe/007-1121-000.png,2,3,508,510,0,0,507,160,0
synthetic_ungradable/synth_ungradable_00759_dark.jpg,160_no_clahe/synth_ungradable_00759_dark.png,20,21,492,492,0,0,472,160,5
synthetic_ungradable/synth_ungradable_00382_dark.jpg,160_no_clahe/synth_ungradable_00382_dark.png,20,19,494,494,0,0,475,160,5
DR_grading/train/007-3267-100.jpg,160_no_clahe/007-3267-100.png,7,0,507,512,0,6,512,160,1
synthetic_ungradable/synth_ungradable_00973_blur.jpg,160_no_clahe/synth_ungradable_00973_blur.png,12,12,501,501,0,0,489,160,5
synthetic_ungradable/synth_ungradable_00352_blur.jpg,160_no_clahe/synth_ungradable_00352_blur.png,15,15,498,498,0,0,483,160,5
DR_grading/train/20170327103857079.jpg,160_no_clahe/20170327103857079.png,6,1,506,511,0,5,510,160,0
DR_grading/train/007-0077-000.jpg,160_no_clahe/007-0077-000.png,1,2,512,512,0,0,511,160,0
DR_grading/train/007-5554-300.jpg,160_no_clahe/007-5554-300.png,0,0,511,512,0,0,512,160,2
DR_grading/train/007-0718-000.jpg,160_no_clahe/007-0718-000.png,8,8,504,504,0,0,496,160,0
synthetic_ungradable/synth_ungradable_00494_blur.jpg,160_no_clahe/synth_ungradable_00494_blur.png,12,12,502,501,0,0,490,160,5
synthetic_ungradable/synth_ungradable_00393_blur.jpg,160_no_clahe/synth_ungradable_00393_blur.png,16,16,496,496,0,0,480,160,5
DR_grading/train/007-1792-100.jpg,160_no_clahe/007-1792-100.png,8,6,512,512,0,1,506,160,0
synthetic_ungradable/synth_ungradable_00464_bright.jpg,160_no_clahe/synth_ungradable_00464_bright.png,16,16,496,496,0,0,480,160,5
synthetic_ungradable/synth_ungradable_00886_blur.jpg,160_no_clahe/synth_ungradable_00886_blur.png,14,14,499,499,0,0,485,160,5
DR_grading/train/007-4791-300.jpg,160_no_clahe/007-4791-300.png,62,0,1476,1152,131,0,1414,160,2
synthetic_ungradable/synth_ungradable_00366_bright.jpg,160_no_clahe/synth_ungradable_00366_bright.png,16,17,495,496,0,0,479,160,5
DR_grading/train/007-2232-100.jpg,160_no_clahe/007-2232-100.png,8,1,504,506,0,4,505,160,1
DR_grading/train/007-0041-000.jpg,160_no_clahe/007-0041-000.png,0,0,512,512,0,0,512,160,0
synthetic_ungradable/synth_ungradable_00744_dark.jpg,160_no_clahe/synth_ungradable_00744_dark.png,20,19,493,494,0,1,475,160,5
synthetic_ungradable/synth_ungradable_00529_bright.jpg,160_no_clahe/synth_ungradable_00529_bright.png,20,21,491,493,0,0,472,160,5
synthetic_ungradable/synth_ungradable_00802_blur.jpg,160_no_clahe/synth_ungradable_00802_blur.png,14,14,499,499,0,0,485,160,5
DR_grading/train/20170324085722015.jpg,160_no_clahe/20170324085722015.png,8,0,504,512,0,8,512,160,0
DR_grading/train/007-6956-400.jpg,160_no_clahe/007-6956-400.png,0,0,1936,1296,320,0,1936,160,4
DR_grading/train/007-0651-000.jpg,160_no_clahe/007-0651-000.png,8,8,504,504,0,0,496,160,2
DR_grading/train/007-4686-200.jpg,160_no_clahe/007-4686-200.png,0,0,512,512,0,0,512,160,2
DR_grading/train/007-3629-200.jpg,160_no_clahe/007-3629-200.png,0,0,509,512,0,1,512,160,2
DR_grading/train/007-1158-000.jpg,160_no_clahe/007-1158-000.png,0,0,512,512,0,0,512,160,0
synthetic_ungradable/synth_ungradable_00306_bright.jpg,160_no_clahe/synth_ungradable_00306_bright.png,16,13,496,495,0,1,482,160,5
DR_grading/train/007-6245-300.jpg,160_no_clahe/007-6245-300.png,5,0,504,504,0,2,504,160,2
synthetic_ungradable/synth_ungradable_00862_dark.jpg,160_no_clahe/synth_ungradable_00862_dark.png,20,21,492,492,0,0,472,160,5
DR_grading/train/007-1008-000.jpg,160_no_clahe/007-1008-000.png,6,0,506,512,0,6,512,160,0
synthetic_ungradable/synth_ungradable_00530_blur.jpg,160_no_clahe/synth_ungradable_00530_blur.png,6,11,499,499,2,0,493,160,5
synthetic_ungradable/synth_ungradable_00654_bright.jpg,160_no_clahe/synth_ungradable_00654_bright.png,16,16,496,495,0,0,480,160,5
DR_grading/train/007-2695-100.jpg,160_no_clahe/007-2695-100.png,0,0,512,512,0,0,512,160,1
synthetic_ungradable/synth_ungradable_00233_blur.jpg,160_no_clahe/synth_ungradable_00233_blur.png,14,14,498,503,0,2,489,160,5
synthetic_ungradable/synth_ungradable_00120_dark.jpg,160_no_clahe/synth_ungradable_00120_dark.png,20,20,492,493,0,0,473,160,5
DR_grading/train/20170408225905445.jpg,160_no_clahe/20170408225905445.png,5,0,505,510,0,5,510,160,0
synthetic_ungradable/synth_ungradable_00949_blur.jpg,160_no_clahe/synth_ungradable_00949_blur.png,14,16,498,498,1,0,484,160,5
synthetic_ungradable/synth_ungradable_00617_blur.jpg,160_no_clahe/synth_ungradable_00617_blur.png,18,18,494,495,0,0,477,160,5
DR_grading/train/20170208143852512.jpg,160_no_clahe/20170208143852512.png,8,8,504,504,0,0,496,160,0
synthetic_ungradable/synth_ungradable_00307_blur.jpg,160_no_clahe/synth_ungradable_00307_blur.png,11,11,502,502,0,0,491,160,5
synthetic_ungradable/synth_ungradable_00135_blur.jpg,160_no_clahe/synth_ungradable_00135_blur.png,13,13,500,500,0,0,487,160,5
synthetic_ungradable/synth_ungradable_00554_bright.jpg,160_no_clahe/synth_ungradable_00554_bright.png,16,16,496,496,0,0,480,160,5
DR_grading/train/007-4886-300.jpg,160_no_clahe/007-4886-300.png,0,0,512,512,0,0,512,160,2
synthetic_ungradable/synth_ungradable_00583_bright.jpg,160_no_clahe/synth_ungradable_00583_bright.png,27,27,485,488,0,1,461,160,5
DR_grading/train/007-4978-300.jpg,160_no_clahe/007-4978-300.png,6,6,506,506,0,0,500,160,2
synthetic_ungradable/synth_ungradable_00670_blur.jpg,160_no_clahe/synth_ungradable_00670_blur.png,12,12,500,500,0,0,488,160,5
synthetic_ungradable/synth_ungradable_00834_blur.jpg,160_no_clahe/synth_ungradable_00834_blur.png,12,14,500,499,1,0,488,160,5
synthetic_ungradable/synth_ungradable_00109_dark.jpg,160_no_clahe/synth_ungradable_00109_dark.png,20,20,492,493,0,0,473,160,5
DR_grading/train/007-5023-300.jpg,160_no_clahe/007-5023-300.png,61,9,1474,1143,139,0,1413,160,2
DR_grading/train/007-6666-400.jpg,160_no_clahe/007-6666-400.png,2,1,512,512,0,0,511,160,4
DR_grading/train/20170408232758270.jpg,160_no_clahe/20170408232758270.png,5,0,505,506,0,3,506,160,0
DR_grading/train/007-4351-200.jpg,160_no_clahe/007-4351-200.png,64,9,1475,1142,139,0,1411,160,2
DR_grading/train/20170407231602454.jpg,160_no_clahe/20170407231602454.png,5,0,504,509,0,5,509,160,0
synthetic_ungradable/synth_ungradable_00211_bright.jpg,160_no_clahe/synth_ungradable_00211_bright.png,24,23,488,487,0,0,464,160,5
DR_grading/train/007-1806-100.jpg,160_no_clahe/007-1806-100.png,4,2,510,511,0,1,509,160,0
DR_grading/train/007-0154-000.jpg,160_no_clahe/007-0154-000.png,6,5,506,507,0,1,502,160,0
synthetic_ungradable/synth_ungradable_00679_blur.jpg,160_no_clahe/synth_ungradable_00679_blur.png,16,16,497,497,0,0,481,160,5
DR_grading/train/007-1125-000.jpg,160_no_clahe/007-1125-000.png,4,0,508,512,0,4,512,160,0
DR_grading/train/007-1411-000.jpg,160_no_clahe/007-1411-000.png,4,0,507,512,0,4,512,160,0
synthetic_ungradable/synth_ungradable_00411_blur.jpg,160_no_clahe/synth_ungradable_00411_blur.png,11,3,502,501,0,3,498,160,5
DR_grading/train/20170224110136437.jpg,160_no_clahe/20170224110136437.png,4,0,504,512,0,6,512,160,0
synthetic_ungradable/synth_ungradable_00782_bright.jpg,160_no_clahe/synth_ungradable_00782_bright.png,17,18,496,496,0,0,479,160,5
DR_grading/train/007-2632-100.jpg,160_no_clahe/007-2632-100.png,0,0,2080,2090,0,5,2090,160,1
synthetic_ungradable/synth_ungradable_00874_dark.jpg,160_no_clahe/synth_ungradable_00874_dark.png,20,19,494,494,0,0,475,160,5
DR_grading/train/20170220095322315.jpg,160_no_clahe/20170220095322315.png,8,8,504,504,0,0,496,160,0
DR_grading/train/007-4747-200.jpg,160_no_clahe/007-4747-200.png,7,0,504,504,0,3,504,160,2
synthetic_ungradable/synth_ungradable_00785_blur.jpg,160_no_clahe/synth_ungradable_00785_blur.png,17,17,495,495,0,0,478,160,5
DR_grading/train/007-2124-100.jpg,160_no_clahe/007-2124-100.png,7,6,504,504,0,0,498,160,1
DR_grading/train/20170220175651790.jpg,160_no_clahe/20170220175651790.png,8,8,504,504,0,0,496,160,0
synthetic_ungradable/synth_ungradable_00807_dark.jpg,160_no_clahe/synth_ungradable_00807_dark.png,20,19,493,494,0,1,475,160,5
synthetic_ungradable/synth_ungradable_00712_dark.jpg,160_no_clahe/synth_ungradable_00712_dark.png,19,19,494,495,0,0,476,160,5
DR_grading/train/007-3942-200.jpg,160_no_clahe/007-3942-200.png,64,10,1474,1142,139,0,1410,160,2
DR_grading/train/007-1979-100.jpg,160_no_clahe/007-1979-100.png,2,0,508,512,0,3,512,160,2
DR_grading/train/007-3986-200.jpg,160_no_clahe/007-3986-200.png,0,0,512,512,0,0,512,160,2
DR_grading/train/007-5976-300.jpg,160_no_clahe/007-5976-300.png,0,0,512,512,0,0,512,160,2
synthetic_ungradable/synth_ungradable_00602_blur.jpg,160_no_clahe/synth_ungradable_00602_blur.png,16,16,498,498,0,0,482,160,5
synthetic_ungradable/synth_ungradable_00270_bright.jpg,160_no_clahe/synth_ungradable_00270_bright.png,24,24,488,488,0,0,464,160,5
DR_grading/train/007-1927-100.jpg,160_no_clahe/007-1927-100.png,5,4,507,508,0,1,504,160,2
synthetic_ungradable/synth_ungradable_00231_blur.jpg,160_no_clahe/synth_ungradable_00231_blur.png,13,13,503,500,1,0,490,160,5
synthetic_ungradable/synth_ungradable_00049_bright.jpg,160_no_clahe/synth_ungradable_00049_bright.png,16,16,496,496,0,0,480,160,5
synthetic_ungradable/synth_ungradable_00462_dark.jpg,160_no_clahe/synth_ungradable_00462_dark.png,28,28,483,484,0,0,456,160,5
DR_grading/train/007-5071-300.jpg,160_no_clahe/007-5071-300.png,5,0,509,512,0,4,512,160,2
synthetic_ungradable/synth_ungradable_00855_bright.jpg,160_no_clahe/synth_ungradable_00855_bright.png,27,26,485,488,0,2,462,160,5
synthetic_ungradable/synth_ungradable_00693_bright.jpg,160_no_clahe/synth_ungradable_00693_bright.png,18,18,496,494,1,0,478,160,5
DR_grading/train/007-0770-000.jpg,160_no_clahe/007-0770-000.png,0,0,512,512,0,0,512,160,0
DR_grading/train/007-2130-100.jpg,160_no_clahe/007-2130-100.png,0,0,512,512,0,0,512,160,0
synthetic_ungradable/synth_ungradable_00526_dark.jpg,160_no_clahe/synth_ungradable_00526_dark.png,29,29,483,483,0,0,454,160,5
synthetic_ungradable/synth_ungradable_00173_dark.jpg,160_no_clahe/synth_ungradable_00173_dark.png,20,19,493,493,0,0,474,160,5
synthetic_ungradable/synth_ungradable_00720_dark.jpg,160_no_clahe/synth_ungradable_00720_dark.png,28,28,484,484,0,0,456,160,5
synthetic_ungradable/synth_ungradable_00414_blur.jpg,160_no_clahe/synth_ungradable_00414_blur.png,13,13,500,500,0,0,487,160,5
synthetic_ungradable/synth_ungradable_00237_blur.jpg,160_no_clahe/synth_ungradable_00237_blur.png,12,13,501,501,0,0,489,160,5
DR_grading/train/007-2764-100.jpg,160_no_clahe/007-2764-100.png,8,8,504,504,0,0,496,160,1
DR_grading/train/007-5019-300.jpg,160_no_clahe/007-5019-300.png,0,0,2560,1920,320,0,2560,160,2
DR_grading/train/007-3850-200.jpg,160_no_clahe/007-3850-200.png,0,4,507,511,0,0,507,160,2
synthetic_ungradable/synth_ungradable_00023_blur.jpg,160_no_clahe/synth_ungradable_00023_blur.png,15,15,498,498,0,0,483,160,5
DR_grading/train/007-6988-400.jpg,160_no_clahe/007-6988-400.png,5,6,506,512,0,2,506,160,4
synthetic_ungradable/synth_ungradable_00063_dark.jpg,160_no_clahe/synth_ungradable_00063_dark.png,14,19,494,494,2,0,480,160,5
synthetic_ungradable/synth_ungradable_00289_blur.jpg,160_no_clahe/synth_ungradable_00289_blur.png,16,16,497,497,0,0,481,160,5
synthetic_ungradable/synth_ungradable_00188_dark.jpg,160_no_clahe/synth_ungradable_00188_dark.png,29,29,483,483,0,0,454,160,5
synthetic_ungradable/synth_ungradable_00701_bright.jpg,160_no_clahe/synth_ungradable_00701_bright.png,17,17,496,496,0,0,479,160,5
DR_grading/train/007-6220-300.jpg,160_no_clahe/007-6220-300.png,346,0,2643,2000,148,0,2297,160,2
DR_grading/train/007-4329-200.jpg,160_no_clahe/007-4329-200.png,0,4,508,511,0,0,508,160,2
synthetic_ungradable/synth_ungradable_00354_dark.jpg,160_no_clahe/synth_ungradable_00354_dark.png,20,19,494,494,0,0,475,160,5
synthetic_ungradable/synth_ungradable_00416_blur.jpg,160_no_clahe/synth_ungradable_00416_blur.png,8,15,498,500,2,0,490,160,5
DR_grading/train/007-2438-100.jpg,160_no_clahe/007-2438-100.png,8,6,504,504,0,1,498,160,2
synthetic_ungradable/synth_ungradable_00930_blur.jpg,160_no_clahe/synth_ungradable_00930_blur.png,13,13,500,500,0,0,487,160,5
synthetic_ungradable/synth_ungradable_00196_bright.jpg,160_no_clahe/synth_ungradable_00196_bright.png,16,16,496,495,0,0,480,160,5
synthetic_ungradable/synth_ungradable_00579_dark.jpg,160_no_clahe/synth_ungradable_00579_dark.png,26,27,485,485,0,0,459,160,5
DR_grading/train/20170308092312055.jpg,160_no_clahe/20170308092312055.png,7,4,504,504,0,1,500,160,0
DR_grading/train/20170327092530674.jpg,160_no_clahe/20170327092530674.png,8,0,505,512,0,7,512,160,0
DR_grading/train/007-0932-000.jpg,160_no_clahe/007-0932-000.png,8,6,504,508,0,3,502,160,0
synthetic_ungradable/synth_ungradable_00433_bright.jpg,160_no_clahe/synth_ungradable_00433_bright.png,23,23,490,490,0,0,467,160,5
synthetic_ungradable/synth_ungradable_00100_dark.jpg,160_no_clahe/synth_ungradable_00100_dark.png,20,21,492,492,0,0,472,160,5
DR_grading/train/20170226093758363.jpg,160_no_clahe/20170226093758363.png,142,19,2442,1979,170,0,2300,160,0
synthetic_ungradable/synth_ungradable_00394_blur.jpg,160_no_clahe/synth_ungradable_00394_blur.png,14,14,498,498,0,0,484,160,5
DR_grading/train/20170329100407573.jpg,160_no_clahe/20170329100407573.png,8,8,504,504,0,0,496,160,0
synthetic_ungradable/synth_ungradable_00220_bright.jpg,160_no_clahe/synth_ungradable_00220_bright.png,25,26,487,487,0,0,462,160,5
DR_grading/train/007-1907-100.jpg,160_no_clahe/007-1907-100.png,6,6,506,507,0,0,501,160,2
DR_grading/train/20170406110331629.jpg,160_no_clahe/20170406110331629.png,64,9,1471,1142,137,0,1407,160,0
DR_grading/train/007-2175-100.jpg,160_no_clahe/007-2175-100.png,1,0,512,512,0,0,512,160,2
synthetic_ungradable/synth_ungradable_00344_bright.jpg,160_no_clahe/synth_ungradable_00344_bright.png,16,16,496,495,0,0,480,160,5
DR_grading/train/20170323141914278.jpg,160_no_clahe/20170323141914278.png,8,7,504,506,0,1,499,160,0
synthetic_ungradable/synth_ungradable_00888_bright.jpg,160_no_clahe/synth_ungradable_00888_bright.png,16,16,496,496,0,0,480,160,5
DR_grading/train/007-1435-000.jpg,160_no_clahe/007-1435-000.png,8,0,505,512,0,7,512,160,0
synthetic_ungradable/synth_ungradable_00552_blur.jpg,160_no_clahe/synth_ungradable_00552_blur.png,14,14,499,499,0,0,485,160,5
synthetic_ungradable/synth_ungradable_00743_blur.jpg,160_no_clahe/synth_ungradable_00743_blur.png,11,11,501,501,0,0,490,160,5
DR_grading/train/007-1215-000.jpg,160_no_clahe/007-1215-000.png,0,0,508,511,0,1,511,160,0
synthetic_ungradable/synth_ungradable_00538_blur.jpg,160_no_clahe/synth_ungradable_00538_blur.png,16,16,496,496,0,0,480,160,5
synthetic_ungradable/synth_ungradable_00906_blur.jpg,160_no_clahe/synth_ungradable_00906_blur.png,12,12,501,501,0,0,489,160,5
DR_grading/train/007-2510-100.jpg,160_no_clahe/007-2510-100.png,5,0,511,508,0,1,508,160,2
synthetic_ungradable/synth_ungradable_00115_bright.jpg,160_no_clahe/synth_ungradable_00115_bright.png,16,17,496,496,0,0,480,160,5
synthetic_ungradable/synth_ungradable_00829_blur.jpg,160_no_clahe/synth_ungradable_00829_blur.png,14,14,500,512,0,6,498,160,5
DR_grading/train/007-2966-100.jpg,160_no_clahe/007-2966-100.png,0,0,512,512,0,0,512,160,0
synthetic_ungradable/synth_ungradable_00808_bright.jpg,160_no_clahe/synth_ungradable_00808_bright.png,11,18,496,494,4,0,485,160,5
DR_grading/train/007-4296-200.jpg,160_no_clahe/007-4296-200.png,8,9,503,504,0,0,495,160,2
DR_grading/train/007-6464-400.jpg,160_no_clahe/007-6464-400.png,7,8,504,504,0,0,497,160,4
synthetic_ungradable/synth_ungradable_00305_blur.jpg,160_no_clahe/synth_ungradable_00305_blur.png,16,16,497,497,0,0,481,160,5
DR_grading/train/20170122105713241.jpg,160_no_clahe/20170122105713241.png,141,19,2443,1979,171,0,2302,160,0
synthetic_ungradable/synth_ungradable_00479_dark.jpg,160_no_clahe/synth_ungradable_00479_dark.png,20,20,492,493,0,0,473,160,5
DR_grading/train/007-4376-200.jpg,160_no_clahe/007-4376-200.png,8,6,508,512,0,3,506,160,2
DR_grading/train/007-0271-000.jpg,160_no_clahe/007-0271-000.png,7,6,504,504,0,0,498,160,0
synthetic_ungradable/synth_ungradable_00570_dark.jpg,160_no_clahe/synth_ungradable_00570_dark.png,20,9,492,493,0,6,484,160,5
synthetic_ungradable/synth_ungradable_00618_bright.jpg,160_no_clahe/synth_ungradable_00618_bright.png,19,18,493,493,0,0,475,160,5
DR_grading/train/20170407083344969.jpg,160_no_clahe/20170407083344969.png,8,1,509,508,0,3,507,160,0
DR_grading/train/20170407130846505.jpg,160_no_clahe/20170407130846505.png,7,2,506,510,0,4,508,160,0
synthetic_ungradable/synth_ungradable_00078_bright.jpg,160_no_clahe/synth_ungradable_00078_bright.png,17,16,496,496,0,0,480,160,5
DR_grading/train/007-3810-200.jpg,160_no_clahe/007-3810-200.png,3,3,504,504,0,0,501,160,2
synthetic_ungradable/synth_ungradable_00032_blur.jpg,160_no_clahe/synth_ungradable_00032_blur.png,14,16,498,498,1,0,484,160,5
DR_grading/train/20170324140847654.jpg,160_no_clahe/20170324140847654.png,8,8,504,504,0,0,496,160,0
DR_grading/train/007-0009-000.jpg,160_no_clahe/007-0009-000.png,0,1,512,512,0,0,512,160,0
DR_grading/train/007-6439-400.jpg,160_no_clahe/007-6439-400.png,8,8,504,504,0,0,496,160,4
synthetic_ungradable/synth_ungradable_00351_blur.jpg,160_no_clahe/synth_ungradable_00351_blur.png,0,14,499,499,7,0,499,160,5
synthetic_ungradable/synth_ungradable_00163_blur.jpg,160_no_clahe/synth_ungradable_00163_blur.png,22,22,490,490,0,0,468,160,5
synthetic_ungradable/synth_ungradable_00203_bright.jpg,160_no_clahe/synth_ungradable_00203_bright.png,18,17,496,496,0,0,479,160,5
DR_grading/train/007-7498-601.jpg,160_no_clahe/007-7498-601.png,288,24,1760,1504,0,4,1480,160,2
DR_grading/train/007-1167-000.jpg,160_no_clahe/007-1167-000.png,0,0,512,512,0,0,512,160,0
DR_grading/train/007-1931-100.jpg,160_no_clahe/007-1931-100.png,8,5,507,507,0,1,502,160,2
synthetic_ungradable/synth_ungradable_00495_bright.jpg,160_no_clahe/synth_ungradable_00495_bright.png,17,17,496,496,0,0,479,160,5
DR_grading/train/20170407215111570.jpg,160_no_clahe/20170407215111570.png,33,26,2953,2935,5,0,2920,160,0
DR_grading/train/007-6194-300.jpg,160_no_clahe/007-6194-300.png,0,0,512,512,0,0,512,160,2
DR_grading/train/007-0501-000.jpg,160_no_clahe/007-0501-000.png,7,5,504,504,0,1,499,160,0
synthetic_ungradable/synth_ungradable_00610_blur.jpg,160_no_clahe/synth_ungradable_00610_blur.png,12,12,500,500,0,0,488,160,5
synthetic_ungradable/synth_ungradable_00432_bright.jpg,160_no_clahe/synth_ungradable_00432_bright.png,17,16,495,495,0,0,479,160,5
DR_grading/train/20170329102416314.jpg,160_no_clahe/20170329102416314.png,0,0,509,512,0,1,512,160,0
synthetic_ungradable/synth_ungradable_00218_blur.jpg,160_no_clahe/synth_ungradable_00218_blur.png,14,14,499,499,0,0,485,160,5
DR_grading/train/007-0825-000.jpg,160_no_clahe/007-0825-000.png,0,0,512,512,0,0,512,160,0
DR_grading/train/007-4779-200.jpg,160_no_clahe/007-4779-200.png,8,0,508,512,0,6,512,160,2
synthetic_ungradable/synth_ungradable_00630_blur.jpg,160_no_clahe/synth_ungradable_00630_blur.png,17,17,496,495,0,0,479,160,5
DR_grading/train/007-4997-300.jpg,160_no_clahe/007-4997-300.png,423,97,3081,2240,257,0,2658,160,2
DR_grading/train/20170223145817474.jpg,160_no_clahe/20170223145817474.png,64,9,1471,1143,136,0,1407,160,0
synthetic_ungradable/synth_ungradable_00059_blur.jpg,160_no_clahe/synth_ungradable_00059_blur.png,15,15,498,498,0,0,483,160,5
synthetic_ungradable/synth_ungradable_00298_dark.jpg,160_no_clahe/synth_ungradable_00298_dark.png,16,20,492,493,1,0,476,160,5
DR_grading/train/007-5202-300.jpg,160_no_clahe/007-5202-300.png,21,15,2960,2935,9,0,2939,160,2
synthetic_ungradable/synth_ungradable_00073_dark.jpg,160_no_clahe/synth_ungradable_00073_dark.png,19,19,494,494,0,0,475,160,5
synthetic_ungradable/synth_ungradable_00162_blur.jpg,160_no_clahe/synth_ungradable_00162_blur.png,12,12,502,501,0,0,490,160,5
DR_grading/train/007-1579-000.jpg,160_no_clahe/007-1579-000.png,8,4,504,505,0,2,501,160,0
DR_grading/train/007-6811-400.jpg,160_no_clahe/007-6811-400.png,8,7,504,507,0,2,500,160,4
DR_grading/train/007-4491-200.jpg,160_no_clahe/007-4491-200.png,2,2,510,510,0,0,508,160,2
DR_grading/train/007-2348-100.jpg,160_no_clahe/007-2348-100.png,2,0,507,512,0,3,512,160,1
synthetic_ungradable/synth_ungradable_00591_dark.jpg,160_no_clahe/synth_ungradable_00591_dark.png,20,19,492,493,0,1,474,160,5
synthetic_ungradable/synth_ungradable_00316_dark.jpg,160_no_clahe/synth_ungradable_00316_dark.png,21,21,491,491,0,0,470,160,5
synthetic_ungradable/synth_ungradable_00045_bright.jpg,160_no_clahe/synth_ungradable_00045_bright.png,24,24,488,488,0,0,464,160,5
DR_grading/train/007-2352-100.jpg,160_no_clahe/007-2352-100.png,4,3,508,511,0,2,508,160,0
DR_grading/train/007-6318-400.jpg,160_no_clahe/007-6318-400.png,3,4,510,512,0,0,508,160,4
synthetic_ungradable/synth_ungradable_00427_blur.jpg,160_no_clahe/synth_ungradable_00427_blur.png,16,13,498,499,0,2,486,160,5
synthetic_ungradable/synth_ungradable_00581_blur.jpg,160_no_clahe/synth_ungradable_00581_blur.png,11,11,501,501,0,0,490,160,5
synthetic_ungradable/synth_ungradable_00076_bright.jpg,160_no_clahe/synth_ungradable_00076_bright.png,16,16,495,496,0,0,480,160,5
DR_grading/train/007-5986-300.jpg,160_no_clahe/007-5986-300.png,4,0,508,512,0,4,512,160,2
DR_grading/train/20170217105824807.jpg,160_no_clahe/20170217105824807.png,8,7,504,505,0,1,498,160,0
synthetic_ungradable/synth_ungradable_00780_dark.jpg,160_no_clahe/synth_ungradable_00780_dark.png,25,25,487,487,0,0,462,160,5
DR_grading/train/007-1238-000.jpg,160_no_clahe/007-1238-000.png,4,2,512,510,0,0,508,160,0
DR_grading/train/20170203145751000.jpg,160_no_clahe/20170203145751000.png,64,9,1471,1142,137,0,1407,160,0
DR_grading/train/20170226220519495.jpg,160_no_clahe/20170226220519495.png,5,0,504,504,0,2,504,160,0
synthetic_ungradable/synth_ungradable_00937_dark.jpg,160_no_clahe/synth_ungradable_00937_dark.png,19,19,494,494,0,0,475,160,5
synthetic_ungradable/synth_ungradable_00030_blur.jpg,160_no_clahe/synth_ungradable_00030_blur.png,12,12,501,501,0,0,489,160,5
DR_grading/train/007-7251-400.jpg,160_no_clahe/007-7251-400.png,0,0,512,512,0,0,512,160,4
DR_grading/train/007-4701-200.jpg,160_no_clahe/007-4701-200.png,0,0,512,512,0,0,512,160,2
DR_grading/train/007-6893-400.jpg,160_no_clahe/007-6893-400.png,8,4,504,507,0,3,503,160,4
synthetic_ungradable/synth_ungradable_00974_bright.jpg,160_no_clahe/synth_ungradable_00974_bright.png,26,27,488,488,0,0,462,160,5
DR_grading/train/007-7206-400.jpg,160_no_clahe/007-7206-400.png,349,0,2640,2000,145,0,2291,160,4
synthetic_ungradable/synth_ungradable_00514_blur.jpg,160_no_clahe/synth_ungradable_00514_blur.png,14,14,499,499,0,0,485,160,5
DR_grading/train/007-5612-300.jpg,160_no_clahe/007-5612-300.png,0,0,1380,1382,0,1,1382,160,2
DR_grading/train/007-3368-200.jpg,160_no_clahe/007-3368-200.png,1,1,512,512,0,0,511,160,2
DR_grading/train/007-2765-100.jpg,160_no_clahe/007-2765-100.png,8,8,504,504,0,0,496,160,2
DR_grading/train/007-2806-100.jpg,160_no_clahe/007-2806-100.png,0,0,512,512,0,0,512,160,2
synthetic_ungradable/synth_ungradable_00044_blur.jpg,160_no_clahe/synth_ungradable_00044_blur.png,16,16,497,497,0,0,481,160,5
DR_grading/train/20170323081646616.jpg,160_no_clahe/20170323081646616.png,8,7,504,510,0,3,503,160,0
synthetic_ungradable/synth_ungradable_00168_dark.jpg,160_no_clahe/synth_ungradable_00168_dark.png,19,19,494,494,0,0,475,160,5
synthetic_ungradable/synth_ungradable_00303_blur.jpg,160_no_clahe/synth_ungradable_00303_blur.png,12,12,502,501,0,0,490,160,5
synthetic_ungradable/synth_ungradable_00990_bright.jpg,160_no_clahe/synth_ungradable_00990_bright.png,16,16,496,496,0,0,480,160,5
synthetic_ungradable/synth_ungradable_00555_bright.jpg,160_no_clahe/synth_ungradable_00555_bright.png,18,17,496,496,0,0,479,160,5
DR_grading/train/20170328084550454.jpg,160_no_clahe/20170328084550454.png,4,0,511,512,0,2,512,160,0
synthetic_ungradable/synth_ungradable_00607_blur.jpg,160_no_clahe/synth_ungradable_00607_blur.png,17,17,495,495,0,0,478,160,5
DR_grading/train/007-1855-100.jpg,160_no_clahe/007-1855-100.png,0,0,512,512,0,0,512,160,2
synthetic_ungradable/synth_ungradable_00757_blur.jpg,160_no_clahe/synth_ungradable_00757_blur.png,18,18,493,493,0,0,475,160,5
synthetic_ungradable/synth_ungradable_00438_blur.jpg,160_no_clahe/synth_ungradable_00438_blur.png,14,14,499,499,0,0,485,160,5
synthetic_ungradable/synth_ungradable_00582_blur.jpg,160_no_clahe/synth_ungradable_00582_blur.png,19,19,493,492,0,0,474,160,5
DR_grading/train/007-4402-200.jpg,160_no_clahe/007-4402-200.png,4,0,512,512,0,2,512,160,2
synthetic_ungradable/synth_ungradable_00527_dark.jpg,160_no_clahe/synth_ungradable_00527_dark.png,25,25,487,487,0,0,462,160,5
synthetic_ungradable/synth_ungradable_00342_blur.jpg,160_no_clahe/synth_ungradable_00342_blur.png,14,14,498,498,0,0,484,160,5
DR_grading/train/007-5351-300.jpg,160_no_clahe/007-5351-300.png,5,0,505,508,0,4,508,160,2
synthetic_ungradable/synth_ungradable_00367_blur.jpg,160_no_clahe/synth_ungradable_00367_blur.png,13,13,503,501,1,0,490,160,5
synthetic_ungradable/synth_ungradable_00185_bright.jpg,160_no_clahe/synth_ungradable_00185_bright.png,16,8,496,496,0,4,488,160,5
DR_grading/train/007-3628-200.jpg,160_no_clahe/007-3628-200.png,3,0,506,512,0,4,512,160,2
DR_grading/train/20170228000229136.jpg,160_no_clahe/20170228000229136.png,4,3,505,510,0,3,507,160,0
DR_grading/train/007-4472-200.jpg,160_no_clahe/007-4472-200.png,0,0,512,512,0,0,512,160,2
synthetic_ungradable/synth_ungradable_00300_blur.jpg,160_no_clahe/synth_ungradable_00300_blur.png,14,0,499,499,0,7,499,160,5
DR_grading/train/007-0892-000.jpg,160_no_clahe/007-0892-000.png,0,1,512,512,0,0,512,160,0
synthetic_ungradable/synth_ungradable_00832_bright.jpg,160_no_clahe/synth_ungradable_00832_bright.png,16,16,496,496,0,0,480,160,5
synthetic_ungradable/synth_ungradable_00543_dark.jpg,160_no_clahe/synth_ungradable_00543_dark.png,20,20,499,493,3,0,479,160,5
DR_grading/train/20170407092042980.jpg,160_no_clahe/20170407092042980.png,8,0,505,512,0,7,512,160,0
synthetic_ungradable/synth_ungradable_00350_dark.jpg,160_no_clahe/synth_ungradable_00350_dark.png,19,19,494,494,0,0,475,160,5
DR_grading/train/007-1735-000.jpg,160_no_clahe/007-1735-000.png,0,0,512,512,0,0,512,160,0
DR_grading/train/007-2506-100.jpg,160_no_clahe/007-2506-100.png,8,0,507,505,0,3,505,160,2
synthetic_ungradable/synth_ungradable_00978_dark.jpg,160_no_clahe/synth_ungradable_00978_dark.png,20,20,492,493,0,0,473,160,5
synthetic_ungradable/synth_ungradable_00175_dark.jpg,160_no_clahe/synth_ungradable_00175_dark.png,19,19,494,494,0,0,475,160,5
synthetic_ungradable/synth_ungradable_00482_dark.jpg,160_no_clahe/synth_ungradable_00482_dark.png,19,19,494,494,0,0,475,160,5
DR_grading/train/20170331092345763.jpg,160_no_clahe/20170331092345763.png,6,0,509,510,0,3,510,160,0
DR_grading/train/007-7005-400.jpg,160_no_clahe/007-7005-400.png,141,19,2443,1979,171,0,2302,160,4
synthetic_ungradable/synth_ungradable_00123_blur.jpg,160_no_clahe/synth_ungradable_00123_blur.png,14,14,507,499,4,0,493,160,5
synthetic_ungradable/synth_ungradable_00599_dark.jpg,160_no_clahe/synth_ungradable_00599_dark.png,19,19,494,494,0,0,475,160,5
DR_grading/train/007-1092-000.jpg,160_no_clahe/007-1092-000.png,141,19,2443,1979,171,0,2302,160,0
DR_grading/train/20170408230124364.jpg,160_no_clahe/20170408230124364.png,5,0,504,508,0,4,508,160,0
DR_grading/train/007-3555-200.jpg,160_no_clahe/007-3555-200.png,8,6,504,505,0,1,499,160,2
DR_grading/train/007-2886-100.jpg,160_no_clahe/007-2886-100.png,8,5,504,504,0,1,499,160,0
synthetic_ungradable/synth_ungradable_00485_blur.jpg,160_no_clahe/synth_ungradable_00485_blur.png,14,14,499,499,0,0,485,160,5
synthetic_ungradable/synth_ungradable_00331_blur.jpg,160_no_clahe/synth_ungradable_00331_blur.png,13,13,500,500,0,0,487,160,5
synthetic_ungradable/synth_ungradable_00788_dark.jpg,160_no_clahe/synth_ungradable_00788_dark.png,20,20,493,493,0,0,473,160,5
synthetic_ungradable/synth_ungradable_00194_bright.jpg,160_no_clahe/synth_ungradable_00194_bright.png,17,16,495,496,0,1,480,160,5
synthetic_ungradable/synth_ungradable_00637_blur.jpg,160_no_clahe/synth_ungradable_00637_blur.png,13,13,501,501,0,0,488,160,5
synthetic_ungradable/synth_ungradable_00471_bright.jpg,160_no_clahe/synth_ungradable_00471_bright.png,16,16,496,496,0,0,480,160,5
DR_grading/train/20170224113109074.jpg,160_no_clahe/20170224113109074.png,8,4,504,504,0,2,500,160,0
synthetic_ungradable/synth_ungradable_00322_bright.jpg,160_no_clahe/synth_ungradable_00322_bright.png,17,18,496,496,0,0,479,160,5
DR_grading/train/20170323101805685.jpg,160_no_clahe/20170323101805685.png,7,0,509,511,0,4,511,160,0
synthetic_ungradable/synth_ungradable_00266_bright.jpg,160_no_clahe/synth_ungradable_00266_bright.png,24,24,488,488,0,0,464,160,5
DR_grading/train/007-5671-300.jpg,160_no_clahe/007-5671-300.png,0,0,512,512,0,0,512,160,2
DR_grading/train/007-2915-100.jpg,160_no_clahe/007-2915-100.png,0,0,508,512,0,2,512,160,2
synthetic_ungradable/synth_ungradable_00067_blur.jpg,160_no_clahe/synth_ungradable_00067_blur.png,14,14,499,499,0,0,485,160,5
DR_grading/train/20170407092851317.jpg,160_no_clahe/20170407092851317.png,141,19,2442,1979,170,0,2301,160,0
DR_grading/train/007-3577-200.jpg,160_no_clahe/007-3577-200.png,0,0,512,512,0,0,512,160,2
DR_grading/train/20170323085109242.jpg,160_no_clahe/20170323085109242.png,8,6,506,512,0,4,506,160,0
synthetic_ungradable/synth_ungradable_00480_blur.jpg,160_no_clahe/synth_ungradable_00480_blur.png,16,16,497,497,0,0,481,160,5
DR_grading/train/007-6167-300.jpg,160_no_clahe/007-6167-300.png,72,70,3406,3410,0,3,3340,160,2
DR_grading/train/007-6726-400.jpg,160_no_clahe/007-6726-400.png,8,3,504,506,0,3,503,160,2
DR_grading/train/007-0930-000.jpg,160_no_clahe/007-0930-000.png,4,6,506,512,0,2,506,160,0
DR_grading/train/007-4805-300.jpg,160_no_clahe/007-4805-300.png,24,9,1445,1127,151,0,1421,160,2
synthetic_ungradable/synth_ungradable_00887_dark.jpg,160_no_clahe/synth_ungradable_00887_dark.png,19,19,494,494,0,0,475,160,5
synthetic_ungradable/synth_ungradable_00422_blur.jpg,160_no_clahe/synth_ungradable_00422_blur.png,12,12,501,501,0,0,489,160,5
DR_grading/train/20170324090524051.jpg,160_no_clahe/20170324090524051.png,8,0,504,511,0,7,511,160,0
DR_grading/train/20170310100246469.jpg,160_no_clahe/20170310100246469.png,7,4,504,504,0,1,500,160,0
synthetic_ungradable/synth_ungradable_00764_blur.jpg,160_no_clahe/synth_ungradable_00764_blur.png,16,16,497,497,0,0,481,160,5
synthetic_ungradable/synth_ungradable_00519_blur.jpg,160_no_clahe/synth_ungradable_00519_blur.png,14,14,499,499,0,0,485,160,5
DR_grading/train/20170324093012531.jpg,160_no_clahe/20170324093012531.png,8,0,505,512,0,7,512,160,0
synthetic_ungradable/synth_ungradable_00613_blur.jpg,160_no_clahe/synth_ungradable_00613_blur.png,17,18,494,494,0,0,477,160,5
DR_grading/train/007-0246-000.jpg,160_no_clahe/007-0246-000.png,6,1,505,505,0,2,504,160,0
DR_grading/train/007-5594-300.jpg,160_no_clahe/007-5594-300.png,0,0,1380,1382,0,1,1382,160,2
DR_grading/train/007-5112-300.jpg,160_no_clahe/007-5112-300.png,8,7,504,504,0,0,497,160,2
synthetic_ungradable/synth_ungradable_00453_blur.jpg,160_no_clahe/synth_ungradable_00453_blur.png,22,22,490,490,0,0,468,160,5
synthetic_ungradable/synth_ungradable_00730_bright.jpg,160_no_clahe/synth_ungradable_00730_bright.png,17,19,496,496,1,0,479,160,5
synthetic_ungradable/synth_ungradable_00534_blur.jpg,160_no_clahe/synth_ungradable_00534_blur.png,15,14,498,498,0,0,484,160,5
synthetic_ungradable/synth_ungradable_00965_bright.jpg,160_no_clahe/synth_ungradable_00965_bright.png,16,17,496,496,0,0,480,160,5
DR_grading/train/007-3871-200.jpg,160_no_clahe/007-3871-200.png,8,8,504,504,0,0,496,160,2
DR_grading/train/20170224220101554.jpg,160_no_clahe/20170224220101554.png,8,3,505,504,0,2,501,160,0
synthetic_ungradable/synth_ungradable_00261_blur.jpg,160_no_clahe/synth_ungradable_00261_blur.png,12,12,502,506,0,2,494,160,5
synthetic_ungradable/synth_ungradable_00535_blur.jpg,160_no_clahe/synth_ungradable_00535_blur.png,14,14,498,498,0,0,484,160,5
synthetic_ungradable/synth_ungradable_00968_blur.jpg,160_no_clahe/synth_ungradable_00968_blur.png,14,14,498,498,0,0,484,160,5
synthetic_ungradable/synth_ungradable_00240_dark.jpg,160_no_clahe/synth_ungradable_00240_dark.png,25,25,487,487,0,0,462,160,5
synthetic_ungradable/synth_ungradable_00819_blur.jpg,160_no_clahe/synth_ungradable_00819_blur.png,17,18,494,495,0,0,477,160,5
synthetic_ungradable/synth_ungradable_00692_bright.jpg,160_no_clahe/synth_ungradable_00692_bright.png,17,16,496,494,0,0,479,160,5
synthetic_ungradable/synth_ungradable_00420_bright.jpg,160_no_clahe/synth_ungradable_00420_bright.png,17,19,496,496,1,0,479,160,5
DR_grading/train/20170330220158270.jpg,160_no_clahe/20170330220158270.png,35,26,2953,2935,4,0,2918,160,0
DR_grading/train/20170301142643263.jpg,160_no_clahe/20170301142643263.png,7,4,504,504,0,1,500,160,0
synthetic_ungradable/synth_ungradable_00365_bright.jpg,160_no_clahe/synth_ungradable_00365_bright.png,16,17,496,496,0,0,480,160,5
DR_grading/train/007-2492-100.jpg,160_no_clahe/007-2492-100.png,0,0,1624,1232,196,0,1624,160,1
DR_grading/train/007-6466-400.jpg,160_no_clahe/007-6466-400.png,0,0,512,512,0,0,512,160,4
synthetic_ungradable/synth_ungradable_00588_bright.jpg,160_no_clahe/synth_ungradable_00588_bright.png,16,16,496,496,0,0,480,160,5
synthetic_ungradable/synth_ungradable_00736_blur.jpg,160_no_clahe/synth_ungradable_00736_blur.png,14,14,498,499,0,0,485,160,5
DR_grading/train/007-2256-100.jpg,160_no_clahe/007-2256-100.png,8,0,504,504,0,4,504,160,0
synthetic_ungradable/synth_ungradable_00941_blur.jpg,160_no_clahe/synth_ungradable_00941_blur.png,13,13,500,500,0,0,487,160,5
synthetic_ungradable/synth_ungradable_00071_dark.jpg,160_no_clahe/synth_ungradable_00071_dark.png,20,21,492,492,0,0,472,160,5
DR_grading/train/007-0362-000.jpg,160_no_clahe/007-0362-000.png,141,19,2443,1979,171,0,2302,160,0
synthetic_ungradable/synth_ungradable_00259_blur.jpg,160_no_clahe/synth_ungradable_00259_blur.png,14,14,500,500,0,0,486,160,5
synthetic_ungradable/synth_ungradable_00051_blur.jpg,160_no_clahe/synth_ungradable_00051_blur.png,14,14,506,499,3,0,492,160,5
synthetic_ungradable/synth_ungradable_00198_dark.jpg,160_no_clahe/synth_ungradable_00198_dark.png,27,27,485,485,0,0,458,160,5
DR_grading/train/20170214214211574.jpg,160_no_clahe/20170214214211574.png,8,4,504,504,0,2,500,160,0
synthetic_ungradable/synth_ungradable_00650_blur.jpg,160_no_clahe/synth_ungradable_00650_blur.png,16,16,501,497,2,0,485,160,5
synthetic_ungradable/synth_ungradable_00332_dark.jpg,160_no_clahe/synth_ungradable_00332_dark.png,18,19,493,494,0,0,475,160,5
DR_grading/train/20170407234350948.jpg,160_no_clahe/20170407234350948.png,8,2,504,504,0,3,502,160,0
synthetic_ungradable/synth_ungradable_00593_dark.jpg,160_no_clahe/synth_ungradable_00593_dark.png,19,19,494,494,0,0,475,160,5
DR_grading/train/007-2849-100.jpg,160_no_clahe/007-2849-100.png,8,6,504,504,0,1,498,160,2
DR_grading/train/007-6557-400.jpg,160_no_clahe/007-6557-400.png,8,8,504,504,0,0,496,160,4
DR_grading/train/007-3997-200.jpg,160_no_clahe/007-3997-200.png,0,0,512,512,0,0,512,160,2
DR_grading/train/007-0982-000.jpg,160_no_clahe/007-0982-000.png,8,0,508,510,0,5,510,160,0
DR_grading/train/007-0390-000.jpg,160_no_clahe/007-0390-000.png,141,19,2443,1979,171,0,2302,160,0
DR_grading/train/007-5590-300.jpg,160_no_clahe/007-5590-300.png,0,0,1380,1382,0,1,1382,160,2
synthetic_ungradable/synth_ungradable_00426_dark.jpg,160_no_clahe/synth_ungradable_00426_dark.png,22,21,490,491,0,1,470,160,5
DR_grading/train/007-1732-000.jpg,160_no_clahe/007-1732-000.png,0,0,512,512,0,0,512,160,0
DR_grading/train/007-0100-000.jpg,160_no_clahe/007-0100-000.png,2,0,512,512,0,1,512,160,0
synthetic_ungradable/synth_ungradable_00590_blur.jpg,160_no_clahe/synth_ungradable_00590_blur.png,16,16,498,497,0,0,482,160,5
DR_grading/train/007-5877-300.jpg,160_no_clahe/007-5877-300.png,0,0,512,512,0,0,512,160,2
DR_grading/train/007-7535-601.jpg,160_no_clahe/007-7535-601.png,0,0,510,512,0,1,512,160,2
DR_grading/train/007-3153-100.jpg,160_no_clahe/007-3153-100.png,165,19,2067,1657,132,0,1902,160,2
synthetic_ungradable/synth_ungradable_00985_dark.jpg,160_no_clahe/synth_ungradable_00985_dark.png,19,19,494,494,0,0,475,160,5
synthetic_ungradable/synth_ungradable_00398_bright.jpg,160_no_clahe/synth_ungradable_00398_bright.png,24,24,489,489,0,0,465,160,5
DR_grading/train/007-3287-200.jpg,160_no_clahe/007-3287-200.png,23,0,1447,1137,143,0,1424,160,2
synthetic_ungradable/synth_ungradable_00436_dark.jpg,160_no_clahe/synth_ungradable_00436_dark.png,20,19,494,494,0,0,475,160,5
synthetic_ungradable/synth_ungradable_00192_blur.jpg,160_no_clahe/synth_ungradable_00192_blur.png,16,16,496,496,0,0,480,160,5
DR_grading/train/20170227100228221.jpg,160_no_clahe/20170227100228221.png,7,8,504,504,0,0,497,160,0
synthetic_ungradable/synth_ungradable_00614_dark.jpg,160_no_clahe/synth_ungradable_00614_dark.png,21,20,491,491,0,0,471,160,5
DR_grading/train/007-0397-000.jpg,160_no_clahe/007-0397-000.png,141,19,2443,1979,171,0,2302,160,0
synthetic_ungradable/synth_ungradable_00576_blur.jpg,160_no_clahe/synth_ungradable_00576_blur.png,14,14,498,499,0,0,485,160,5
synthetic_ungradable/synth_ungradable_00986_bright.jpg,160_no_clahe/synth_ungradable_00986_bright.png,28,28,488,487,0,0,460,160,5
DR_grading/train/007-2957-100.jpg,160_no_clahe/007-2957-100.png,0,0,2560,1920,320,0,2560,160,2
synthetic_ungradable/synth_ungradable_00706_dark.jpg,160_no_clahe/synth_ungradable_00706_dark.png,19,19,494,494,0,0,475,160,5
DR_grading/train/007-6142-300.jpg,160_no_clahe/007-6142-300.png,0,0,1512,1275,118,0,1512,160,3
synthetic_ungradable/synth_ungradable_00141_dark.jpg,160_no_clahe/synth_ungradable_00141_dark.png,20,19,494,494,0,0,475,160,5
DR_grading/train/007-6705-400.jpg,160_no_clahe/007-6705-400.png,0,0,1380,1382,0,1,1382,160,4
synthetic_ungradable/synth_ungradable_00002_blur.jpg,160_no_clahe/synth_ungradable_00002_blur.png,14,14,500,504,0,2,490,160,5
DR_grading/train/007-1559-000.jpg,160_no_clahe/007-1559-000.png,0,0,512,512,0,0,512,160,0
DR_grading/train/007-1010-000.jpg,160_no_clahe/007-1010-000.png,8,6,505,512,0,4,506,160,0
DR_grading/train/007-5204-300.jpg,160_no_clahe/007-5204-300.png,24,15,2960,2935,8,0,2936,160,2
synthetic_ungradable/synth_ungradable_00339_blur.jpg,160_no_clahe/synth_ungradable_00339_blur.png,15,15,498,512,0,7,497,160,5
DR_grading/train/007-4015-200.jpg,160_no_clahe/007-4015-200.png,8,6,505,506,0,1,500,160,2
DR_grading/train/007-2415-100.jpg,160_no_clahe/007-2415-100.png,1,0,506,512,0,3,512,160,1
synthetic_ungradable/synth_ungradable_00483_bright.jpg,160_no_clahe/synth_ungradable_00483_bright.png,16,16,495,496,0,0,480,160,5
synthetic_ungradable/synth_ungradable_00265_blur.jpg,160_no_clahe/synth_ungradable_00265_blur.png,23,23,490,490,0,0,467,160,5
synthetic_ungradable/synth_ungradable_00376_bright.jpg,160_no_clahe/synth_ungradable_00376_bright.png,16,16,496,496,0,0,480,160,5
synthetic_ungradable/synth_ungradable_00741_blur.jpg,160_no_clahe/synth_ungradable_00741_blur.png,12,12,501,501,0,0,489,160,5
DR_grading/train/007-3477-200.jpg,160_no_clahe/007-3477-200.png,7,5,507,506,0,0,501,160,2
synthetic_ungradable/synth_ungradable_00439_bright.jpg,160_no_clahe/synth_ungradable_00439_bright.png,17,18,496,495,1,0,479,160,5
synthetic_ungradable/synth_ungradable_00271_dark.jpg,160_no_clahe/synth_ungradable_00271_dark.png,19,19,494,502,0,4,483,160,5
synthetic_ungradable/synth_ungradable_00184_dark.jpg,160_no_clahe/synth_ungradable_00184_dark.png,20,21,493,492,1,0,473,160,5
synthetic_ungradable/synth_ungradable_00939_dark.jpg,160_no_clahe/synth_ungradable_00939_dark.png,20,19,494,494,0,0,475,160,5
synthetic_ungradable/synth_ungradable_00244_dark.jpg,160_no_clahe/synth_ungradable_00244_dark.png,19,19,494,494,0,0,475,160,5
synthetic_ungradable/synth_ungradable_00931_blur.jpg,160_no_clahe/synth_ungradable_00931_blur.png,15,16,498,498,0,0,483,160,5
synthetic_ungradable/synth_ungradable_00445_blur.jpg,160_no_clahe/synth_ungradable_00445_blur.png,12,12,512,501,5,0,500,160,5
synthetic_ungradable/synth_ungradable_00596_blur.jpg,160_no_clahe/synth_ungradable_00596_blur.png,13,13,501,500,0,0,488,160,5
synthetic_ungradable/synth_ungradable_00817_blur.jpg,160_no_clahe/synth_ungradable_00817_blur.png,14,14,499,499,0,0,485,160,5
DR_grading/train/007-4410-200.jpg,160_no_clahe/007-4410-200.png,8,0,511,512,0,4,512,160,2
DR_grading/train/20170329093012953.jpg,160_no_clahe/20170329093012953.png,8,8,505,504,0,0,497,160,0
synthetic_ungradable/synth_ungradable_00486_bright.jpg,160_no_clahe/synth_ungradable_00486_bright.png,17,17,496,495,0,0,479,160,5
synthetic_ungradable/synth_ungradable_00680_blur.jpg,160_no_clahe/synth_ungradable_00680_blur.png,14,14,500,500,0,0,486,160,5
synthetic_ungradable/synth_ungradable_00415_blur.jpg,160_no_clahe/synth_ungradable_00415_blur.png,12,12,508,501,3,0,496,160,5
synthetic_ungradable/synth_ungradable_00273_bright.jpg,160_no_clahe/synth_ungradable_00273_bright.png,17,17,496,496,0,0,479,160,5
DR_grading/train/007-6228-300.jpg,160_no_clahe/007-6228-300.png,0,6,512,512,3,0,512,160,2
DR_grading/train/007-1082-000.jpg,160_no_clahe/007-1082-000.png,141,19,2443,1979,171,0,2302,160,0
DR_grading/train/007-0672-000.jpg,160_no_clahe/007-0672-000.png,8,8,504,504,0,0,496,160,0
synthetic_ungradable/synth_ungradable_00250_blur.jpg,160_no_clahe/synth_ungradable_00250_blur.png,12,12,502,507,0,2,495,160,5
synthetic_ungradable/synth_ungradable_00413_dark.jpg,160_no_clahe/synth_ungradable_00413_dark.png,20,20,492,493,0,0,473,160,5
DR_grading/train/20170329080834348.jpg,160_no_clahe/20170329080834348.png,5,0,509,511,0,3,511,160,0
DR_grading/train/007-6394-400.jpg,160_no_clahe/007-6394-400.png,1,0,511,512,0,1,512,160,4
synthetic_ungradable/synth_ungradable_00715_dark.jpg,160_no_clahe/synth_ungradable_00715_dark.png,20,21,492,492,0,0,472,160,5
synthetic_ungradable/synth_ungradable_00310_blur.jpg,160_no_clahe/synth_ungradable_00310_blur.png,22,22,490,490,0,0,468,160,5
synthetic_ungradable/synth_ungradable_00926_dark.jpg,160_no_clahe/synth_ungradable_00926_dark.png,18,19,493,494,0,0,475,160,5
synthetic_ungradable/synth_ungradable_00381_dark.jpg,160_no_clahe/synth_ungradable_00381_dark.png,20,20,492,493,0,0,473,160,5
DR_grading/train/007-6921-400.jpg,160_no_clahe/007-6921-400.png,8,4,504,507,0,3,503,160,4
synthetic_ungradable/synth_ungradable_00425_bright.jpg,160_no_clahe/synth_ungradable_00425_bright.png,26,24,488,488,0,1,464,160,5
DR_grading/train/007-3393-200.jpg,160_no_clahe/007-3393-200.png,4,5,508,507,1,0,504,160,2
synthetic_ungradable/synth_ungradable_00532_bright.jpg,160_no_clahe/synth_ungradable_00532_bright.png,16,16,496,496,0,0,480,160,5
synthetic_ungradable/synth_ungradable_00752_blur.jpg,160_no_clahe/synth_ungradable_00752_blur.png,14,14,512,499,6,0,498,160,5
synthetic_ungradable/synth_ungradable_00765_bright.jpg,160_no_clahe/synth_ungradable_00765_bright.png,18,18,496,495,0,0,478,160,5
DR_grading/train/007-6855-400.jpg,160_no_clahe/007-6855-400.png,0,0,512,512,0,0,512,160,4
synthetic_ungradable/synth_ungradable_00408_dark.jpg,160_no_clahe/synth_ungradable_00408_dark.png,26,26,485,485,0,0,459,160,5
DR_grading/train/20170224113232654.jpg,160_no_clahe/20170224113232654.png,8,3,505,505,0,2,502,160,0
synthetic_ungradable/synth_ungradable_00694_dark.jpg,160_no_clahe/synth_ungradable_00694_dark.png,24,24,488,488,0,0,464,160,5
DR_grading/train/007-2433-100.jpg,160_no_clahe/007-2433-100.png,7,1,505,505,0,3,504,160,2
synthetic_ungradable/synth_ungradable_00548_blur.jpg,160_no_clahe/synth_ungradable_00548_blur.png,13,14,499,499,0,0,486,160,5
synthetic_ungradable/synth_ungradable_00936_bright.jpg,160_no_clahe/synth_ungradable_00936_bright.png,16,16,496,496,0,0,480,160,5
DR_grading/train/20170222183911260.jpg,160_no_clahe/20170222183911260.png,8,7,505,505,0,0,498,160,0
DR_grading/train/007-4318-200.jpg,160_no_clahe/007-4318-200.png,8,5,504,507,0,3,502,160,2
DR_grading/train/007-6761-400.jpg,160_no_clahe/007-6761-400.png,0,0,512,512,0,0,512,160,4
DR_grading/train/20170324111244129.jpg,160_no_clahe/20170324111244129.png,8,7,506,510,0,2,503,160,0
synthetic_ungradable/synth_ungradable_00182_blur.jpg,160_no_clahe/synth_ungradable_00182_blur.png,11,12,501,502,0,0,490,160,5
DR_grading/train/007-1404-000.jpg,160_no_clahe/007-1404-000.png,0,0,512,512,0,0,512,160,0
DR_grading/train/007-1917-100.jpg,160_no_clahe/007-1917-100.png,3,2,506,506,0,0,504,160,0
synthetic_ungradable/synth_ungradable_00170_blur.jpg,160_no_clahe/synth_ungradable_00170_blur.png,13,13,501,501,0,0,488,160,5
synthetic_ungradable/synth_ungradable_00292_blur.jpg,160_no_clahe/synth_ungradable_00292_blur.png,18,18,496,494,1,0,478,160,5
synthetic_ungradable/synth_ungradable_00561_dark.jpg,160_no_clahe/synth_ungradable_00561_dark.png,20,20,492,496,0,2,476,160,5
DR_grading/train/007-3288-200.jpg,160_no_clahe/007-3288-200.png,24,0,1447,1137,143,0,1423,160,2
DR_grading/train/007-4551-200.jpg,160_no_clahe/007-4551-200.png,7,0,506,512,0,6,512,160,0
DR_grading/train/20170215223846997.jpg,160_no_clahe/20170215223846997.png,8,8,508,506,1,0,500,160,0
synthetic_ungradable/synth_ungradable_00849_blur.jpg,160_no_clahe/synth_ungradable_00849_blur.png,17,17,495,497,0,1,480,160,5
synthetic_ungradable/synth_ungradable_00272_blur.jpg,160_no_clahe/synth_ungradable_00272_blur.png,12,13,512,500,6,0,500,160,5
DR_grading/train/20170406094448477.jpg,160_no_clahe/20170406094448477.png,8,0,506,511,0,6,511,160,0
DR_grading/train/007-5362-300.jpg,160_no_clahe/007-5362-300.png,6,0,510,512,0,4,512,160,2
DR_grading/train/20170221162224426.jpg,160_no_clahe/20170221162224426.png,8,8,504,504,0,0,496,160,0
synthetic_ungradable/synth_ungradable_00371_blur.jpg,160_no_clahe/synth_ungradable_00371_blur.png,21,21,491,491,0,0,470,160,5
DR_grading/train/007-3672-200.jpg,160_no_clahe/007-3672-200.png,0,0,512,512,0,0,512,160,2
synthetic_ungradable/synth_ungradable_00721_dark.jpg,160_no_clahe/synth_ungradable_00721_dark.png,20,19,494,494,0,0,475,160,5
synthetic_ungradable/synth_ungradable_00733_blur.jpg,160_no_clahe/synth_ungradable_00733_blur.png,16,16,496,496,0,0,480,160,5
synthetic_ungradable/synth_ungradable_00777_bright.jpg,160_no_clahe/synth_ungradable_00777_bright.png,26,26,488,488,0,0,462,160,5
synthetic_ungradable/synth_ungradable_00518_blur.jpg,160_no_clahe/synth_ungradable_00518_blur.png,20,20,492,492,0,0,472,160,5
synthetic_ungradable/synth_ungradable_00334_bright.jpg,160_no_clahe/synth_ungradable_00334_bright.png,18,16,496,496,0,1,480,160,5
synthetic_ungradable/synth_ungradable_00845_dark.jpg,160_no_clahe/synth_ungradable_00845_dark.png,19,19,494,494,0,0,475,160,5
DR_grading/train/007-4041-200.jpg,160_no_clahe/007-4041-200.png,456,48,2800,2394,0,1,2346,160,2
DR_grading/train/007-0493-000.jpg,160_no_clahe/007-0493-000.png,8,4,506,504,0,1,500,160,0
DR_grading/train/20170323172134956.jpg,160_no_clahe/20170323172134956.png,7,1,505,504,0,2,503,160,0
synthetic_ungradable/synth_ungradable_00015_bright.jpg,160_no_clahe/synth_ungradable_00015_bright.png,16,16,496,496,0,0,480,160,5
synthetic_ungradable/synth_ungradable_00707_blur.jpg,160_no_clahe/synth_ungradable_00707_blur.png,11,11,501,505,0,2,494,160,5
synthetic_ungradable/synth_ungradable_00900_blur.jpg,160_no_clahe/synth_ungradable_00900_blur.png,19,19,492,492,0,0,473,160,5
DR_grading/train/007-3579-200.jpg,160_no_clahe/007-3579-200.png,61,9,1474,1142,140,0,1413,160,3
DR_grading/train/007-5152-300.jpg,160_no_clahe/007-5152-300.png,8,6,506,504,0,0,498,160,2
synthetic_ungradable/synth_ungradable_00903_bright.jpg,160_no_clahe/synth_ungradable_00903_bright.png,17,18,495,495,0,0,478,160,5
synthetic_ungradable/synth_ungradable_00465_bright.jpg,160_no_clahe/synth_ungradable_00465_bright.png,16,16,495,496,0,0,480,160,5
DR_grading/train/007-3250-100.jpg,160_no_clahe/007-3250-100.png,0,0,505,512,0,3,512,160,1
synthetic_ungradable/synth_ungradable_00199_bright.jpg,160_no_clahe/synth_ungradable_00199_bright.png,16,17,496,496,0,0,480,160,5
DR_grading/train/20170224212928266.jpg,160_no_clahe/20170224212928266.png,7,0,504,507,0,5,507,160,0
DR_grading/train/007-5699-300.jpg,160_no_clahe/007-5699-300.png,0,0,512,512,0,0,512,160,2
DR_grading/train/20170324083513388.jpg,160_no_clahe/20170324083513388.png,3,0,509,511,0,2,511,160,0
DR_grading/train/007-6103-300.jpg,160_no_clahe/007-6103-300.png,6,0,505,509,0,5,509,160,2
synthetic_ungradable/synth_ungradable_00998_dark.jpg,160_no_clahe/synth_ungradable_00998_dark.png,20,21,492,492,0,0,472,160,5
synthetic_ungradable/synth_ungradable_00727_bright.jpg,160_no_clahe/synth_ungradable_00727_bright.png,16,16,496,496,0,0,480,160,5
DR_grading/train/007-1797-100.jpg,160_no_clahe/007-1797-100.png,5,4,508,511,0,2,507,160,0
DR_grading/train/007-1586-000.jpg,160_no_clahe/007-1586-000.png,8,3,504,504,0,2,501,160,0
DR_grading/train/007-4328-200.jpg,160_no_clahe/007-4328-200.png,0,2,509,512,0,0,510,160,2
synthetic_ungradable/synth_ungradable_00567_dark.jpg,160_no_clahe/synth_ungradable_00567_dark.png,20,20,493,493,0,0,473,160,5
synthetic_ungradable/synth_ungradable_00043_bright.jpg,160_no_clahe/synth_ungradable_00043_bright.png,17,16,495,496,0,1,480,160,5
synthetic_ungradable/synth_ungradable_00274_dark.jpg,160_no_clahe/synth_ungradable_00274_dark.png,19,19,494,494,0,0,475,160,5
DR_grading/train/20170225105517257.jpg,160_no_clahe/20170225105517257.png,7,0,505,512,0,7,512,160,0
synthetic_ungradable/synth_ungradable_00101_blur.jpg,160_no_clahe/synth_ungradable_00101_blur.png,12,11,502,501,0,0,490,160,5
DR_grading/train/007-4700-200.jpg,160_no_clahe/007-4700-200.png,0,0,512,512,0,0,512,160,2
DR_grading/train/20170327094724718.jpg,160_no_clahe/20170327094724718.png,141,19,2442,1979,170,0,2301,160,0
DR_grading/train/20170324083212839.jpg,160_no_clahe/20170324083212839.png,3,0,511,512,0,2,512,160,0
synthetic_ungradable/synth_ungradable_00107_bright.jpg,160_no_clahe/synth_ungradable_00107_bright.png,24,24,488,487,0,0,464,160,5
DR_grading/train/007-1134-000.jpg,160_no_clahe/007-1134-000.png,3,0,512,512,0,1,512,160,0
synthetic_ungradable/synth_ungradable_00497_dark.jpg,160_no_clahe/synth_ungradable_00497_dark.png,19,12,494,494,0,3,482,160,5
DR_grading/train/007-1246-000.jpg,160_no_clahe/007-1246-000.png,0,0,511,509,1,0,511,160,0
synthetic_ungradable/synth_ungradable_00881_blur.jpg,160_no_clahe/synth_ungradable_00881_blur.png,13,13,500,500,0,0,487,160,5
synthetic_ungradable/synth_ungradable_00756_bright.jpg,160_no_clahe/synth_ungradable_00756_bright.png,24,24,488,488,0,0,464,160,5
synthetic_ungradable/synth_ungradable_00619_blur.jpg,160_no_clahe/synth_ungradable_00619_blur.png,16,16,497,497,0,0,481,160,5
DR_grading/train/007-6149-300.jpg,160_no_clahe/007-6149-300.png,96,108,2928,2965,0,12,2857,160,2
DR_grading/train/007-2161-100.jpg,160_no_clahe/007-2161-100.png,0,0,512,512,0,0,512,160,1
synthetic_ungradable/synth_ungradable_00809_bright.jpg,160_no_clahe/synth_ungradable_00809_bright.png,16,16,496,496,0,0,480,160,5
DR_grading/train/007-5738-300.jpg,160_no_clahe/007-5738-300.png,0,0,2134,1424,355,0,2134,160,2
synthetic_ungradable/synth_ungradable_00072_dark.jpg,160_no_clahe/synth_ungradable_00072_dark.png,21,21,491,491,0,0,470,160,5
DR_grading/train/007-5364-300.jpg,160_no_clahe/007-5364-300.png,4,3,508,509,0,1,506,160,2
DR_grading/train/007-6362-400.jpg,160_no_clahe/007-6362-400.png,8,8,505,506,0,0,498,160,4
DR_grading/train/20170329095905784.jpg,160_no_clahe/20170329095905784.png,5,1,507,512,0,4,511,160,0
DR_grading/train/007-1982-100.jpg,160_no_clahe/007-1982-100.png,423,97,3081,2239,258,0,2658,160,0
synthetic_ungradable/synth_ungradable_00481_blur.jpg,160_no_clahe/synth_ungradable_00481_blur.png,16,16,496,497,0,0,481,160,5
DR_grading/train/20170221161840282.jpg,160_no_clahe/20170221161840282.png,8,8,504,504,0,0,496,160,0
synthetic_ungradable/synth_ungradable_00506_dark.jpg,160_no_clahe/synth_ungradable_00506_dark.png,26,26,486,486,0,0,460,160,5
DR_grading/train/20170224104635011.jpg,160_no_clahe/20170224104635011.png,8,7,504,505,0,1,498,160,0
DR_grading/train/20170209163147270.jpg,160_no_clahe/20170209163147270.png,0,0,512,512,0,0,512,160,0
DR_grading/train/007-1957-100.jpg,160_no_clahe/007-1957-100.png,5,3,508,511,0,2,508,160,2
DR_grading/train/007-0167-000.jpg,160_no_clahe/007-0167-000.png,3,5,505,512,0,2,507,160,0
DR_grading/train/007-1498-000.jpg,160_no_clahe/007-1498-000.png,0,0,512,512,0,0,512,160,0
DR_grading/train/20170226204645085.jpg,160_no_clahe/20170226204645085.png,7,0,504,504,0,3,504,160,0
synthetic_ungradable/synth_ungradable_00311_blur.jpg,160_no_clahe/synth_ungradable_00311_blur.png,15,15,498,498,0,0,483,160,5
synthetic_ungradable/synth_ungradable_00962_bright.jpg,160_no_clahe/synth_ungradable_00962_bright.png,16,17,495,496,0,0,479,160,5
synthetic_ungradable/synth_ungradable_00405_dark.jpg,160_no_clahe/synth_ungradable_00405_dark.png,19,19,494,494,0,0,475,160,5
DR_grading/train/007-4641-200.jpg,160_no_clahe/007-4641-200.png,0,0,512,511,0,0,512,160,2
DR_grading/train/20170405090223906.jpg,160_no_clahe/20170405090223906.png,9,8,504,504,0,0,496,160,0
synthetic_ungradable/synth_ungradable_00309_bright.jpg,160_no_clahe/synth_ungradable_00309_bright.png,16,16,496,496,0,0,480,160,5
synthetic_ungradable/synth_ungradable_00226_dark.jpg,160_no_clahe/synth_ungradable_00226_dark.png,20,20,492,493,0,0,473,160,5
DR_grading/train/20170324080917203.jpg,160_no_clahe/20170324080917203.png,7,0,510,511,0,4,511,160,0
synthetic_ungradable/synth_ungradable_00710_blur.jpg,160_no_clahe/synth_ungradable_00710_blur.png,17,18,494,494,0,0,477,160,5
DR_grading/train/007-5656-300.jpg,160_no_clahe/007-5656-300.png,454,40,2801,2394,0,3,2354,160,2
DR_grading/train/20170328091056768.jpg,160_no_clahe/20170328091056768.png,8,6,506,505,0,0,499,160,0
DR_grading/train/007-1145-000.jpg,160_no_clahe/007-1145-000.png,0,0,512,507,2,0,512,160,0
synthetic_ungradable/synth_ungradable_00148_blur.jpg,160_no_clahe/synth_ungradable_00148_blur.png,9,14,498,498,2,0,489,160,5
DR_grading/train/007-3299-200.jpg,160_no_clahe/007-3299-200.png,23,0,1448,1137,144,0,1425,160,2
DR_grading/train/007-0525-000.jpg,160_no_clahe/007-0525-000.png,8,7,504,504,0,0,497,160,0
synthetic_ungradable/synth_ungradable_00925_bright.jpg,160_no_clahe/synth_ungradable_00925_bright.png,16,17,496,496,0,0,480,160,5
synthetic_ungradable/synth_ungradable_00942_blur.jpg,160_no_clahe/synth_ungradable_00942_blur.png,14,14,498,498,0,0,484,160,5
synthetic_ungradable/synth_ungradable_00836_dark.jpg,160_no_clahe/synth_ungradable_00836_dark.png,22,22,491,490,0,0,469,160,5
synthetic_ungradable/synth_ungradable_00575_blur.jpg,160_no_clahe/synth_ungradable_00575_blur.png,14,14,498,498,0,0,484,160,5
synthetic_ungradable/synth_ungradable_00557_bright.jpg,160_no_clahe/synth_ungradable_00557_bright.png,16,17,496,494,1,0,480,160,5
DR_grading/train/007-1543-000.jpg,160_no_clahe/007-1543-000.png,0,0,512,512,0,0,512,160,0
DR_grading/train/007-4646-200.jpg,160_no_clahe/007-4646-200.png,0,0,512,510,1,0,512,160,2
DR_grading/train/007-2877-100.jpg,160_no_clahe/007-2877-100.png,0,4,508,510,1,0,508,160,1
DR_grading/train/007-6714-400.jpg,160_no_clahe/007-6714-400.png,0,0,1380,1382,0,1,1382,160,4
DR_grading/train/007-7503-601.jpg,160_no_clahe/007-7503-601.png,8,5,508,510,0,2,505,160,0
synthetic_ungradable/synth_ungradable_00286_bright.jpg,160_no_clahe/synth_ungradable_00286_bright.png,16,16,496,496,0,0,480,160,5
DR_grading/train/007-5740-300.jpg,160_no_clahe/007-5740-300.png,0,0,4288,2848,720,0,4288,160,2
DR_grading/train/007-3107-100.jpg,160_no_clahe/007-3107-100.png,285,0,2160,1632,121,0,1875,160,0
synthetic_ungradable/synth_ungradable_00598_blur.jpg,160_no_clahe/synth_ungradable_00598_blur.png,21,21,491,491,0,0,470,160,5
synthetic_ungradable/synth_ungradable_00932_blur.jpg,160_no_clahe/synth_ungradable_00932_blur.png,13,12,500,501,0,1,489,160,5
DR_grading/train/007-3705-200.jpg,160_no_clahe/007-3705-200.png,0,0,512,512,0,0,512,160,3
DR_grading/train/007-3339-200.jpg,160_no_clahe/007-3339-200.png,5,6,507,510,0,1,504,160,2
DR_grading/train/007-4923-300.jpg,160_no_clahe/007-4923-300.png,6,6,508,509,0,0,503,160,2
DR_grading/train/007-1394-000.jpg,160_no_clahe/007-1394-000.png,6,4,509,512,0,2,508,160,0
DR_grading/train/20170408220315153.jpg,160_no_clahe/20170408220315153.png,6,0,504,505,0,3,505,160,0
synthetic_ungradable/synth_ungradable_00806_blur.jpg,160_no_clahe/synth_ungradable_00806_blur.png,16,3,503,497,0,3,494,160,5
synthetic_ungradable/synth_ungradable_00904_dark.jpg,160_no_clahe/synth_ungradable_00904_dark.png,19,19,494,494,0,0,475,160,5
DR_grading/train/007-4427-200.jpg,160_no_clahe/007-4427-200.png,0,0,510,512,0,1,512,160,2
DR_grading/train/007-1665-000.jpg,160_no_clahe/007-1665-000.png,8,6,504,504,0,1,498,160,0
synthetic_ungradable/synth_ungradable_00767_blur.jpg,160_no_clahe/synth_ungradable_00767_blur.png,14,14,500,500,0,0,486,160,5
synthetic_ungradable/synth_ungradable_00609_blur.jpg,160_no_clahe/synth_ungradable_00609_blur.png,13,14,499,498,1,0,486,160,5
DR_grading/train/007-5700-300.jpg,160_no_clahe/007-5700-300.png,0,0,512,512,0,0,512,160,2
DR_grading/train/20170328145803149.jpg,160_no_clahe/20170328145803149.png,8,8,504,504,0,0,496,160,0
DR_grading/train/20170216181312400.jpg,160_no_clahe/20170216181312400.png,8,8,504,504,0,0,496,160,0
DR_grading/train/007-0193-000.jpg,160_no_clahe/007-0193-000.png,7,1,504,510,0,6,509,160,0
synthetic_ungradable/synth_ungradable_00493_blur.jpg,160_no_clahe/synth_ungradable_00493_blur.png,11,11,502,501,0,0,491,160,5
DR_grading/train/007-0113-000.jpg,160_no_clahe/007-0113-000.png,3,4,512,512,0,0,509,160,0
synthetic_ungradable/synth_ungradable_00277_blur.jpg,160_no_clahe/synth_ungradable_00277_blur.png,0,12,501,501,6,0,501,160,5
DR_grading/train/007-7639-601.jpg,160_no_clahe/007-7639-601.png,8,5,504,504,0,1,499,160,0
synthetic_ungradable/synth_ungradable_00358_dark.jpg,160_no_clahe/synth_ungradable_00358_dark.png,12,12,494,494,0,0,482,160,5
DR_grading/train/007-4900-300.jpg,160_no_clahe/007-4900-300.png,6,3,506,507,0,2,504,160,2
synthetic_ungradable/synth_ungradable_00236_bright.jpg,160_no_clahe/synth_ungradable_00236_bright.png,19,16,495,496,0,2,480,160,5
synthetic_ungradable/synth_ungradable_00551_dark.jpg,160_no_clahe/synth_ungradable_00551_dark.png,19,19,494,494,0,0,475,160,5
DR_grading/train/007-4439-200.jpg,160_no_clahe/007-4439-200.png,335,96,1697,1465,0,3,1369,160,2
DR_grading/train/007-4828-300.jpg,160_no_clahe/007-4828-300.png,0,0,512,512,0,0,512,160,2
synthetic_ungradable/synth_ungradable_00208_blur.jpg,160_no_clahe/synth_ungradable_00208_blur.png,12,12,501,501,0,0,489,160,5
DR_grading/train/20170206181327355.jpg,160_no_clahe/20170206181327355.png,8,8,504,504,0,0,496,160,0
DR_grading/train/20170221162616970.jpg,160_no_clahe/20170221162616970.png,8,8,504,505,0,0,497,160,0
synthetic_ungradable/synth_ungradable_00058_blur.jpg,160_no_clahe/synth_ungradable_00058_blur.png,12,12,501,501,0,0,489,160,5
synthetic_ungradable/synth_ungradable_00631_blur.jpg,160_no_clahe/synth_ungradable_00631_blur.png,15,15,512,507,2,0,497,160,5
DR_grading/train/20170408233232742.jpg,160_no_clahe/20170408233232742.png,7,0,511,505,0,0,505,160,0
DR_grading/train/007-3480-200.jpg,160_no_clahe/007-3480-200.png,7,4,506,507,0,2,503,160,2
DR_grading/train/007-3213-100.jpg,160_no_clahe/007-3213-100.png,352,0,2646,2000,147,0,2294,160,1
synthetic_ungradable/synth_ungradable_00363_dark.jpg,160_no_clahe/synth_ungradable_00363_dark.png,19,19,494,494,0,0,475,160,5
synthetic_ungradable/synth_ungradable_00505_bright.jpg,160_no_clahe/synth_ungradable_00505_bright.png,16,16,496,496,0,0,480,160,5
DR_grading/train/20170120222412717.jpg,160_no_clahe/20170120222412717.png,6,1,505,508,0,4,507,160,0
DR_grading/train/007-1774-100.jpg,160_no_clahe/007-1774-100.png,8,6,504,504,0,1,498,160,1
DR_grading/train/007-5754-300.jpg,160_no_clahe/007-5754-300.png,8,0,1939,1934,0,1,1934,160,3
DR_grading/train/007-6472-400.jpg,160_no_clahe/007-6472-400.png,0,0,512,512,0,0,512,160,4
DR_grading/train/007-3694-200.jpg,160_no_clahe/007-3694-200.png,0,0,512,512,0,0,512,160,2
DR_grading/train/20170408220426215.jpg,160_no_clahe/20170408220426215.png,7,0,504,509,0,6,509,160,0
DR_grading/train/007-5322-300.jpg,160_no_clahe/007-5322-300.png,4,0,505,504,0,1,504,160,2
synthetic_ungradable/synth_ungradable_00118_blur.jpg,160_no_clahe/synth_ungradable_00118_blur.png,14,13,498,498,0,0,485,160,5
DR_grading/train/007-2786-100.jpg,160_no_clahe/007-2786-100.png,8,8,505,504,0,0,497,160,1
DR_grading/train/007-3112-100.jpg,160_no_clahe/007-3112-100.png,4,3,508,512,0,2,509,160,2
synthetic_ungradable/synth_ungradable_00522_dark.jpg,160_no_clahe/synth_ungradable_00522_dark.png,19,19,494,494,0,0,475,160,5
synthetic_ungradable/synth_ungradable_00513_blur.jpg,160_no_clahe/synth_ungradable_00513_blur.png,16,16,504,497,3,0,488,160,5
synthetic_ungradable/synth_ungradable_00081_blur.jpg,160_no_clahe/synth_ungradable_00081_blur.png,16,16,495,495,0,0,479,160,5
synthetic_ungradable/synth_ungradable_00915_dark.jpg,160_no_clahe/synth_ungradable_00915_dark.png,21,21,491,491,0,0,470,160,5
DR_grading/train/007-5015-300.jpg,160_no_clahe/007-5015-300.png,0,0,2080,2090,0,5,2090,160,2
synthetic_ungradable/synth_ungradable_00380_blur.jpg,160_no_clahe/synth_ungradable_00380_blur.png,8,11,501,501,1,0,493,160,5
DR_grading/train/20170324082847204.jpg,160_no_clahe/20170324082847204.png,6,0,508,511,0,4,511,160,0
DR_grading/train/20170209165155852.jpg,160_no_clahe/20170209165155852.png,0,0,512,512,0,0,512,160,0
synthetic_ungradable/synth_ungradable_00084_blur.jpg,160_no_clahe/synth_ungradable_00084_blur.png,12,13,499,500,0,0,487,160,5
DR_grading/train/20170328153647268.jpg,160_no_clahe/20170328153647268.png,0,0,1380,1381,0,0,1381,160,0
synthetic_ungradable/synth_ungradable_00329_bright.jpg,160_no_clahe/synth_ungradable_00329_bright.png,17,17,493,491,1,0,476,160,5
synthetic_ungradable/synth_ungradable_00006_bright.jpg,160_no_clahe/synth_ungradable_00006_bright.png,16,16,496,496,0,0,480,160,5
synthetic_ungradable/synth_ungradable_00745_bright.jpg,160_no_clahe/synth_ungradable_00745_bright.png,16,18,496,495,1,0,480,160,5
DR_grading/train/007-0112-000.jpg,160_no_clahe/007-0112-000.png,6,5,508,512,0,2,507,160,0
synthetic_ungradable/synth_ungradable_00914_bright.jpg,160_no_clahe/synth_ungradable_00914_bright.png,16,16,496,496,0,0,480,160,5
synthetic_ungradable/synth_ungradable_00873_bright.jpg,160_no_clahe/synth_ungradable_00873_bright.png,18,16,496,496,0,1,480,160,5
synthetic_ungradable/synth_ungradable_00451_dark.jpg,160_no_clahe/synth_ungradable_00451_dark.png,19,19,494,494,0,0,475,160,5
synthetic_ungradable/synth_ungradable_00490_blur.jpg,160_no_clahe/synth_ungradable_00490_blur.png,14,14,499,499,0,0,485,160,5
DR_grading/train/007-1237-000.jpg,160_no_clahe/007-1237-000.png,3,6,506,512,0,1,506,160,0
synthetic_ungradable/synth_ungradable_00287_blur.jpg,160_no_clahe/synth_ungradable_00287_blur.png,20,21,491,491,0,0,471,160,5
synthetic_ungradable/synth_ungradable_00948_bright.jpg,160_no_clahe/synth_ungradable_00948_bright.png,22,22,489,489,0,0,467,160,5
DR_grading/train/007-1409-000.jpg,160_no_clahe/007-1409-000.png,4,0,506,512,0,5,512,160,0
DR_grading/train/007-5764-300.jpg,160_no_clahe/007-5764-300.png,0,15,2912,2906,10,0,2912,160,2
DR_grading/train/007-0295-000.jpg,160_no_clahe/007-0295-000.png,6,5,505,505,0,0,500,160,0
synthetic_ungradable/synth_ungradable_00705_blur.jpg,160_no_clahe/synth_ungradable_00705_blur.png,15,16,497,496,1,0,482,160,5
DR_grading/train/007-3688-200.jpg,160_no_clahe/007-3688-200.png,0,1,512,512,0,0,512,160,2
DR_grading/train/20170213170633871.jpg,160_no_clahe/20170213170633871.png,8,8,505,505,0,0,497,160,0
DR_grading/train/20170227092138383.jpg,160_no_clahe/20170227092138383.png,8,7,505,507,0,1,500,160,0
DR_grading/train/007-5330-300.jpg,160_no_clahe/007-5330-300.png,8,0,505,508,0,5,508,160,2
DR_grading/train/007-6207-300.jpg,160_no_clahe/007-6207-300.png,347,0,2640,2000,146,0,2293,160,2
DR_grading/train/20170324093303394.jpg,160_no_clahe/20170324093303394.png,5,0,505,512,0,6,512,160,0
DR_grading/train/20170215092125739.jpg,160_no_clahe/20170215092125739.png,8,6,504,504,0,1,498,160,0
synthetic_ungradable/synth_ungradable_00327_bright.jpg,160_no_clahe/synth_ungradable_00327_bright.png,24,24,488,488,0,0,464,160,5
synthetic_ungradable/synth_ungradable_00442_bright.jpg,160_no_clahe/synth_ungradable_00442_bright.png,16,16,496,495,0,0,480,160,5
synthetic_ungradable/synth_ungradable_00774_bright.jpg,160_no_clahe/synth_ungradable_00774_bright.png,18,16,496,496,0,1,480,160,5
DR_grading/train/20170324082848774.jpg,160_no_clahe/20170324082848774.png,4,0,509,512,0,3,512,160,0
DR_grading/train/007-7438-601.jpg,160_no_clahe/007-7438-601.png,2,0,507,512,0,3,512,160,0
DR_grading/train/007-5614-300.jpg,160_no_clahe/007-5614-300.png,0,0,1380,1382,0,1,1382,160,2
synthetic_ungradable/synth_ungradable_00177_blur.jpg,160_no_clahe/synth_ungradable_00177_blur.png,13,13,512,501,5,0,499,160,5
DR_grading/train/007-2150-100.jpg,160_no_clahe/007-2150-100.png,0,0,512,512,0,0,512,160,2
synthetic_ungradable/synth_ungradable_00704_blur.jpg,160_no_clahe/synth_ungradable_00704_blur.png,15,15,498,506,0,4,491,160,5
synthetic_ungradable/synth_ungradable_00086_dark.jpg,160_no_clahe/synth_ungradable_00086_dark.png,20,21,492,492,0,0,472,160,5
DR_grading/train/007-3933-200.jpg,160_no_clahe/007-3933-200.png,0,0,512,512,0,0,512,160,2
DR_grading/train/007-0790-000.jpg,160_no_clahe/007-0790-000.png,0,0,512,512,0,0,512,160,0
synthetic_ungradable/synth_ungradable_00457_bright.jpg,160_no_clahe/synth_ungradable_00457_bright.png,24,24,488,488,0,0,464,160,5
DR_grading/train/007-5041-300.jpg,160_no_clahe/007-5041-300.png,62,9,1474,1143,139,0,1412,160,2
synthetic_ungradable/synth_ungradable_00054_bright.jpg,160_no_clahe/synth_ungradable_00054_bright.png,24,24,488,488,0,0,464,160,5
DR_grading/train/20170209165039458.jpg,160_no_clahe/20170209165039458.png,0,0,512,512,0,0,512,160,0
synthetic_ungradable/synth_ungradable_00643_blur.jpg,160_no_clahe/synth_ungradable_00643_blur.png,12,14,498,499,0,0,486,160,5
synthetic_ungradable/synth_ungradable_00677_blur.jpg,160_no_clahe/synth_ungradable_00677_blur.png,14,13,500,500,0,0,487,160,5
synthetic_ungradable/synth_ungradable_00221_blur.jpg,160_no_clahe/synth_ungradable_00221_blur.png,17,17,496,494,1,0,479,160,5
synthetic_ungradable/synth_ungradable_00113_blur.jpg,160_no_clahe/synth_ungradable_00113_blur.png,15,15,499,498,0,0,484,160,5
synthetic_ungradable/synth_ungradable_00982_bright.jpg,160_no_clahe/synth_ungradable_00982_bright.png,19,16,495,496,0,2,480,160,5
DR_grading/train/007-7554-601.jpg,160_no_clahe/007-7554-601.png,8,2,504,504,0,3,502,160,2
synthetic_ungradable/synth_ungradable_00999_blur.jpg,160_no_clahe/synth_ungradable_00999_blur.png,11,11,502,501,0,0,491,160,5
synthetic_ungradable/synth_ungradable_00174_dark.jpg,160_no_clahe/synth_ungradable_00174_dark.png,20,20,493,493,0,0,473,160,5
synthetic_ungradable/synth_ungradable_00781_bright.jpg,160_no_clahe/synth_ungradable_00781_bright.png,16,16,495,496,0,0,480,160,5
synthetic_ungradable/synth_ungradable_00589_blur.jpg,160_no_clahe/synth_ungradable_00589_blur.png,12,12,501,501,0,0,489,160,5
DR_grading/train/007-5087-300.jpg,160_no_clahe/007-5087-300.png,8,7,504,507,0,2,500,160,2
synthetic_ungradable/synth_ungradable_00018_dark.jpg,160_no_clahe/synth_ungradable_00018_dark.png,20,20,493,493,0,0,473,160,5
synthetic_ungradable/synth_ungradable_00423_bright.jpg,160_no_clahe/synth_ungradable_00423_bright.png,17,18,493,496,0,1,478,160,5
DR_grading/train/007-2818-100.jpg,160_no_clahe/007-2818-100.png,0,0,512,512,0,0,512,160,2
synthetic_ungradable/synth_ungradable_00285_bright.jpg,160_no_clahe/synth_ungradable_00285_bright.png,17,17,496,500,0,2,483,160,5
DR_grading/train/007-5916-300.jpg,160_no_clahe/007-5916-300.png,424,97,3079,2239,256,0,2655,160,2
synthetic_ungradable/synth_ungradable_00428_blur.jpg,160_no_clahe/synth_ungradable_00428_blur.png,12,13,512,501,6,0,500,160,5
DR_grading/train/007-3590-200.jpg,160_no_clahe/007-3590-200.png,2,4,508,508,1,0,506,160,2
DR_grading/train/007-2153-100.jpg,160_no_clahe/007-2153-100.png,0,0,512,512,0,0,512,160,0
synthetic_ungradable/synth_ungradable_00669_blur.jpg,160_no_clahe/synth_ungradable_00669_blur.png,14,14,498,498,0,0,484,160,5
synthetic_ungradable/synth_ungradable_00031_dark.jpg,160_no_clahe/synth_ungradable_00031_dark.png,20,20,492,493,0,0,473,160,5
synthetic_ungradable/synth_ungradable_00940_blur.jpg,160_no_clahe/synth_ungradable_00940_blur.png,19,19,493,493,0,0,474,160,5
synthetic_ungradable/synth_ungradable_00722_dark.jpg,160_no_clahe/synth_ungradable_00722_dark.png,27,26,485,485,0,0,459,160,5
synthetic_ungradable/synth_ungradable_00994_blur.jpg,160_no_clahe/synth_ungradable_00994_blur.png,23,23,489,489,0,0,466,160,5
synthetic_ungradable/synth_ungradable_00214_dark.jpg,160_no_clahe/synth_ungradable_00214_dark.png,20,20,492,493,0,0,473,160,5
synthetic_ungradable/synth_ungradable_00813_bright.jpg,160_no_clahe/synth_ungradable_00813_bright.png,24,24,488,488,0,0,464,160,5
synthetic_ungradable/synth_ungradable_00326_bright.jpg,160_no_clahe/synth_ungradable_00326_bright.png,17,18,496,495,1,0,479,160,5
synthetic_ungradable/synth_ungradable_00560_blur.jpg,160_no_clahe/synth_ungradable_00560_blur.png,12,12,501,507,0,3,495,160,5
DR_grading/train/007-2273-100.jpg,160_no_clahe/007-2273-100.png,8,8,504,507,0,1,499,160,1
synthetic_ungradable/synth_ungradable_00700_dark.jpg,160_no_clahe/synth_ungradable_00700_dark.png,20,20,492,493,0,0,473,160,5
DR_grading/train/007-3948-200.jpg,160_no_clahe/007-3948-200.png,0,0,512,512,0,0,512,160,2
DR_grading/train/007-1249-000.jpg,160_no_clahe/007-1249-000.png,0,0,512,512,0,0,512,160,0
synthetic_ungradable/synth_ungradable_00341_blur.jpg,160_no_clahe/synth_ungradable_00341_blur.png,19,19,493,493,0,0,474,160,5
synthetic_ungradable/synth_ungradable_00629_bright.jpg,160_no_clahe/synth_ungradable_00629_bright.png,26,25,488,486,0,0,462,160,5
synthetic_ungradable/synth_ungradable_00147_bright.jpg,160_no_clahe/synth_ungradable_00147_bright.png,16,16,496,495,0,0,480,160,5
DR_grading/train/007-7174-400.jpg,160_no_clahe/007-7174-400.png,85,88,3398,3394,3,0,3313,160,4
synthetic_ungradable/synth_ungradable_00360_dark.jpg,160_no_clahe/synth_ungradable_00360_dark.png,19,19,494,494,0,0,475,160,5
synthetic_ungradable/synth_ungradable_00083_blur.jpg,160_no_clahe/synth_ungradable_00083_blur.png,15,15,498,498,0,0,483,160,5
synthetic_ungradable/synth_ungradable_00048_blur.jpg,160_no_clahe/synth_ungradable_00048_blur.png,15,15,498,498,0,0,483,160,5
synthetic_ungradable/synth_ungradable_00468_blur.jpg,160_no_clahe/synth_ungradable_00468_blur.png,13,13,500,500,0,0,487,160,5
synthetic_ungradable/synth_ungradable_00155_bright.jpg,160_no_clahe/synth_ungradable_00155_bright.png,18,16,496,496,0,1,480,160,5
synthetic_ungradable/synth_ungradable_00772_blur.jpg,160_no_clahe/synth_ungradable_00772_blur.png,12,11,500,501,0,1,490,160,5
DR_grading/train/007-3347-200.jpg,160_no_clahe/007-3347-200.png,0,6,506,510,1,0,506,160,2
DR_grading/train/007-0066-000.jpg,160_no_clahe/007-0066-000.png,0,0,512,512,0,0,512,160,0
DR_grading/train/007-0359-000.jpg,160_no_clahe/007-0359-000.png,141,19,2442,1979,170,0,2301,160,0
DR_grading/train/20170327095114395.jpg,160_no_clahe/20170327095114395.png,8,0,505,511,0,7,511,160,0
DR_grading/train/007-4284-200.jpg,160_no_clahe/007-4284-200.png,0,0,512,512,0,0,512,160,2
synthetic_ungradable/synth_ungradable_00500_blur.jpg,160_no_clahe/synth_ungradable_00500_blur.png,15,16,496,496,0,0,481,160,5
DR_grading/train/007-5730-300.jpg,160_no_clahe/007-5730-300.png,5,0,507,509,0,3,509,160,2
synthetic_ungradable/synth_ungradable_00179_blur.jpg,160_no_clahe/synth_ungradable_00179_blur.png,14,14,498,499,0,0,485,160,5
DR_grading/train/007-5841-300.jpg,160_no_clahe/007-5841-300.png,0,0,512,512,0,0,512,160,2
DR_grading/train/007-4486-200.jpg,160_no_clahe/007-4486-200.png,3,3,508,509,0,0,506,160,2
synthetic_ungradable/synth_ungradable_00950_dark.jpg,160_no_clahe/synth_ungradable_00950_dark.png,19,19,494,494,0,0,475,160,5
DR_grading/train/007-2496-100.jpg,160_no_clahe/007-2496-100.png,0,0,1470,1473,0,1,1473,160,2
DR_grading/train/007-3168-100.jpg,160_no_clahe/007-3168-100.png,5,6,507,508,0,0,502,160,2
synthetic_ungradable/synth_ungradable_00528_blur.jpg,160_no_clahe/synth_ungradable_00528_blur.png,16,17,495,495,0,0,479,160,5
synthetic_ungradable/synth_ungradable_00346_blur.jpg,160_no_clahe/synth_ungradable_00346_blur.png,19,19,494,493,0,0,475,160,5
DR_grading/train/007-7213-400.jpg,160_no_clahe/007-7213-400.png,338,0,2649,2000,155,0,2311,160,4
DR_grading/train/007-4459-200.jpg,160_no_clahe/007-4459-200.png,5,7,512,510,2,0,507,160,2
DR_grading/train/007-0614-000.jpg,160_no_clahe/007-0614-000.png,0,0,512,512,0,0,512,160,0
DR_grading/train/007-0209-000.jpg,160_no_clahe/007-0209-000.png,0,0,512,506,3,0,512,160,0
DR_grading/train/20170214100028230.jpg,160_no_clahe/20170214100028230.png,0,0,1443,1443,0,0,1443,160,0
synthetic_ungradable/synth_ungradable_00601_blur.jpg,160_no_clahe/synth_ungradable_00601_blur.png,14,14,499,500,0,0,486,160,5
DR_grading/train/20170221161526000.jpg,160_no_clahe/20170221161526000.png,8,8,504,504,0,0,496,160,0
synthetic_ungradable/synth_ungradable_00243_bright.jpg,160_no_clahe/synth_ungradable_00243_bright.png,24,24,488,488,0,0,464,160,5
DR_grading/train/007-6975-400.jpg,160_no_clahe/007-6975-400.png,0,0,505,506,0,0,506,160,4
DR_grading/train/007-7420-601.jpg,160_no_clahe/007-7420-601.png,0,0,508,512,0,2,512,160,0
DR_grading/train/007-1542-000.jpg,160_no_clahe/007-1542-000.png,0,1,512,512,0,0,512,160,0
synthetic_ungradable/synth_ungradable_00312_blur.jpg,160_no_clahe/synth_ungradable_00312_blur.png,15,15,498,498,0,0,483,160,5
synthetic_ungradable/synth_ungradable_00435_blur.jpg,160_no_clahe/synth_ungradable_00435_blur.png,13,13,501,501,0,0,488,160,5
DR_grading/train/007-5086-300.jpg,160_no_clahe/007-5086-300.png,6,0,506,512,0,6,512,160,2
DR_grading/train/20170327090618698.jpg,160_no_clahe/20170327090618698.png,5,0,506,512,0,5,512,160,0
synthetic_ungradable/synth_ungradable_00308_blur.jpg,160_no_clahe/synth_ungradable_00308_blur.png,14,14,498,512,0,7,498,160,5
synthetic_ungradable/synth_ungradable_00430_blur.jpg,160_no_clahe/synth_ungradable_00430_blur.png,12,8,500,500,0,2,492,160,5
synthetic_ungradable/synth_ungradable_00660_blur.jpg,160_no_clahe/synth_ungradable_00660_blur.png,21,21,491,492,0,0,471,160,5
synthetic_ungradable/synth_ungradable_00370_bright.jpg,160_no_clahe/synth_ungradable_00370_bright.png,16,16,496,496,0,0,480,160,5
synthetic_ungradable/synth_ungradable_00566_blur.jpg,160_no_clahe/synth_ungradable_00566_blur.png,15,15,498,498,0,0,483,160,5
synthetic_ungradable/synth_ungradable_00979_bright.jpg,160_no_clahe/synth_ungradable_00979_bright.png,16,18,500,502,0,0,484,160,5
synthetic_ungradable/synth_ungradable_00181_blur.jpg,160_no_clahe/synth_ungradable_00181_blur.png,22,22,490,491,0,0,469,160,5
DR_grading/train/007-3809-200.jpg,160_no_clahe/007-3809-200.png,7,6,505,507,0,1,501,160,2
synthetic_ungradable/synth_ungradable_00621_bright.jpg,160_no_clahe/synth_ungradable_00621_bright.png,24,24,488,488,0,0,464,160,5
synthetic_ungradable/synth_ungradable_00818_dark.jpg,160_no_clahe/synth_ungradable_00818_dark.png,21,23,490,489,1,0,469,160,5
DR_grading/train/007-1751-000.jpg,160_no_clahe/007-1751-000.png,6,0,511,511,0,3,511,160,0
synthetic_ungradable/synth_ungradable_00952_bright.jpg,160_no_clahe/synth_ungradable_00952_bright.png,19,19,495,496,0,0,477,160,5
DR_grading/train/007-5275-300.jpg,160_no_clahe/007-5275-300.png,0,0,510,509,0,0,510,160,2
DR_grading/train/007-0726-000.jpg,160_no_clahe/007-0726-000.png,8,8,504,504,0,0,496,160,0
synthetic_ungradable/synth_ungradable_00922_bright.jpg,160_no_clahe/synth_ungradable_00922_bright.png,16,17,496,494,1,0,480,160,5
DR_grading/train/007-1048-000.jpg,160_no_clahe/007-1048-000.png,8,6,504,507,0,2,501,160,0
synthetic_ungradable/synth_ungradable_00296_dark.jpg,160_no_clahe/synth_ungradable_00296_dark.png,27,27,485,485,0,0,458,160,5
synthetic_ungradable/synth_ungradable_00966_blur.jpg,160_no_clahe/synth_ungradable_00966_blur.png,14,14,499,499,0,0,485,160,5
synthetic_ungradable/synth_ungradable_00461_bright.jpg,160_no_clahe/synth_ungradable_00461_bright.png,16,16,496,496,0,0,480,160,5
DR_grading/train/20170227155724235.jpg,160_no_clahe/20170227155724235.png,8,8,504,504,0,0,496,160,0
DR_grading/train/007-6671-400.jpg,160_no_clahe/007-6671-400.png,3,1,512,512,0,1,511,160,4
synthetic_ungradable/synth_ungradable_00377_dark.jpg,160_no_clahe/synth_ungradable_00377_dark.png,17,19,494,494,1,0,477,160,5
synthetic_ungradable/synth_ungradable_00798_blur.jpg,160_no_clahe/synth_ungradable_00798_blur.png,11,12,501,501,0,0,490,160,5
DR_grading/train/007-2774-100.jpg,160_no_clahe/007-2774-100.png,0,0,512,512,0,0,512,160,2
synthetic_ungradable/synth_ungradable_00105_blur.jpg,160_no_clahe/synth_ungradable_00105_blur.png,15,16,498,498,0,0,483,160,5
synthetic_ungradable/synth_ungradable_00126_blur.jpg,160_no_clahe/synth_ungradable_00126_blur.png,16,16,497,497,0,0,481,160,5
DR_grading/train/20170331101919123.jpg,160_no_clahe/20170331101919123.png,137,19,2343,1898,163,0,2206,160,0
synthetic_ungradable/synth_ungradable_00838_dark.jpg,160_no_clahe/synth_ungradable_00838_dark.png,20,20,493,493,0,0,473,160,5
synthetic_ungradable/synth_ungradable_00355_dark.jpg,160_no_clahe/synth_ungradable_00355_dark.png,19,19,494,494,0,0,475,160,5
DR_grading/train/007-8005-601.jpg,160_no_clahe/007-8005-601.png,336,96,1696,1467,0,5,1371,160,2
synthetic_ungradable/synth_ungradable_00682_bright.jpg,160_no_clahe/synth_ungradable_00682_bright.png,26,29,485,485,1,0,459,160,5
synthetic_ungradable/synth_ungradable_00812_blur.jpg,160_no_clahe/synth_ungradable_00812_blur.png,13,11,501,501,0,1,490,160,5
DR_grading/train/007-1793-100.jpg,160_no_clahe/007-1793-100.png,0,6,508,512,1,0,508,160,2
synthetic_ungradable/synth_ungradable_00209_blur.jpg,160_no_clahe/synth_ungradable_00209_blur.png,15,15,498,498,0,0,483,160,5
DR_grading/train/007-4143-200.jpg,160_no_clahe/007-4143-200.png,1,0,512,512,0,0,512,160,2
synthetic_ungradable/synth_ungradable_00140_blur.jpg,160_no_clahe/synth_ungradable_00140_blur.png,16,3,497,497,0,6,494,160,5
DR_grading/train/20170401171223455.jpg,160_no_clahe/20170401171223455.png,8,5,504,511,0,5,506,160,0
DR_grading/train/20170125090829476.jpg,160_no_clahe/20170125090829476.png,141,19,2443,1979,171,0,2302,160,0
DR_grading/train/007-8417-603.jpg,160_no_clahe/007-8417-603.png,0,0,504,512,0,4,512,160,2
DR_grading/train/20170213165734780.jpg,160_no_clahe/20170213165734780.png,7,8,506,504,1,0,499,160,0
DR_grading/train/007-3851-200.jpg,160_no_clahe/007-3851-200.png,4,4,509,511,0,1,507,160,2
DR_grading/train/007-3608-200.jpg,160_no_clahe/007-3608-200.png,4,0,511,508,0,0,508,160,2
DR_grading/train/007-4204-200.jpg,160_no_clahe/007-4204-200.png,0,0,512,512,0,0,512,160,3
synthetic_ungradable/synth_ungradable_00711_dark.jpg,160_no_clahe/synth_ungradable_00711_dark.png,19,19,494,494,0,0,475,160,5
DR_grading/train/007-5065-300.jpg,160_no_clahe/007-5065-300.png,5,4,512,511,0,0,507,160,2
synthetic_ungradable/synth_ungradable_00892_blur.jpg,160_no_clahe/synth_ungradable_00892_blur.png,15,5,498,498,0,5,493,160,5
synthetic_ungradable/synth_ungradable_00859_blur.jpg,160_no_clahe/synth_ungradable_00859_blur.png,14,14,498,498,0,0,484,160,5
synthetic_ungradable/synth_ungradable_00010_dark.jpg,160_no_clahe/synth_ungradable_00010_dark.png,20,20,493,493,0,0,473,160,5
DR_grading/train/20170224160527519.jpg,160_no_clahe/20170224160527519.png,8,8,504,504,0,0,496,160,0
DR_grading/train/007-5353-300.jpg,160_no_clahe/007-5353-300.png,3,0,504,506,0,2,506,160,2
synthetic_ungradable/synth_ungradable_00282_blur.jpg,160_no_clahe/synth_ungradable_00282_blur.png,18,18,494,494,0,0,476,160,5
synthetic_ungradable/synth_ungradable_00810_bright.jpg,160_no_clahe/synth_ungradable_00810_bright.png,16,17,496,495,1,0,480,160,5
DR_grading/train/007-2420-100.jpg,160_no_clahe/007-2420-100.png,8,5,504,504,0,1,499,160,0
synthetic_ungradable/synth_ungradable_00291_dark.jpg,160_no_clahe/synth_ungradable_00291_dark.png,20,19,492,492,0,0,473,160,5
synthetic_ungradable/synth_ungradable_00754_blur.jpg,160_no_clahe/synth_ungradable_00754_blur.png,15,15,498,498,0,0,483,160,5
synthetic_ungradable/synth_ungradable_00626_bright.jpg,160_no_clahe/synth_ungradable_00626_bright.png,27,27,488,486,1,0,461,160,5
synthetic_ungradable/synth_ungradable_00943_bright.jpg,160_no_clahe/synth_ungradable_00943_bright.png,17,19,496,496,1,0,479,160,5
synthetic_ungradable/synth_ungradable_00861_blur.jpg,160_no_clahe/synth_ungradable_00861_blur.png,11,11,505,502,1,0,494,160,5
synthetic_ungradable/synth_ungradable_00129_bright.jpg,160_no_clahe/synth_ungradable_00129_bright.png,17,19,496,494,2,0,479,160,5
DR_grading/train/007-4775-200.jpg,160_no_clahe/007-4775-200.png,4,0,504,512,0,6,512,160,2
synthetic_ungradable/synth_ungradable_00323_dark.jpg,160_no_clahe/synth_ungradable_00323_dark.png,28,27,485,486,0,1,459,160,5
DR_grading/train/007-6367-400.jpg,160_no_clahe/007-6367-400.png,5,6,507,511,0,1,505,160,4
synthetic_ungradable/synth_ungradable_00843_dark.jpg,160_no_clahe/synth_ungradable_00843_dark.png,20,11,492,493,0,5,482,160,5
synthetic_ungradable/synth_ungradable_00963_blur.jpg,160_no_clahe/synth_ungradable_00963_blur.png,19,20,492,493,0,0,473,160,5
DR_grading/train/007-6602-400.jpg,160_no_clahe/007-6602-400.png,8,4,506,512,0,5,508,160,4
synthetic_ungradable/synth_ungradable_00865_blur.jpg,160_no_clahe/synth_ungradable_00865_blur.png,15,15,498,498,0,0,483,160,5
synthetic_ungradable/synth_ungradable_00921_dark.jpg,160_no_clahe/synth_ungradable_00921_dark.png,19,19,504,494,5,0,485,160,5
synthetic_ungradable/synth_ungradable_00695_bright.jpg,160_no_clahe/synth_ungradable_00695_bright.png,16,16,496,496,0,0,480,160,5
synthetic_ungradable/synth_ungradable_00215_dark.jpg,160_no_clahe/synth_ungradable_00215_dark.png,19,19,494,494,0,0,475,160,5
DR_grading/train/20170209164220825.jpg,160_no_clahe/20170209164220825.png,0,0,512,512,0,0,512,160,0
DR_grading/train/007-0350-000.jpg,160_no_clahe/007-0350-000.png,141,19,2443,1979,171,0,2302,160,0
synthetic_ungradable/synth_ungradable_00158_blur.jpg,160_no_clahe/synth_ungradable_00158_blur.png,18,19,493,494,0,0,475,160,5
DR_grading/train/007-4302-200.jpg,160_no_clahe/007-4302-200.png,0,3,511,512,1,0,511,160,2
synthetic_ungradable/synth_ungradable_00988_blur.jpg,160_no_clahe/synth_ungradable_00988_blur.png,16,16,497,497,0,0,481,160,5
synthetic_ungradable/synth_ungradable_00841_blur.jpg,160_no_clahe/synth_ungradable_00841_blur.png,13,14,500,500,0,0,487,160,5
synthetic_ungradable/synth_ungradable_00634_blur.jpg,160_no_clahe/synth_ungradable_00634_blur.png,8,12,503,501,3,0,495,160,5
synthetic_ungradable/synth_ungradable_00516_bright.jpg,160_no_clahe/synth_ungradable_00516_bright.png,20,17,492,494,0,2,477,160,5
DR_grading/train/20170126115404314.jpg,160_no_clahe/20170126115404314.png,8,8,504,504,0,0,496,160,0
DR_grading/train/007-4880-300.jpg,160_no_clahe/007-4880-300.png,0,0,512,512,0,0,512,160,2
synthetic_ungradable/synth_ungradable_00597_dark.jpg,160_no_clahe/synth_ungradable_00597_dark.png,20,19,493,494,0,1,475,160,5
synthetic_ungradable/synth_ungradable_00195_dark.jpg,160_no_clahe/synth_ungradable_00195_dark.png,19,19,494,494,0,0,475,160,5
DR_grading/train/007-5013-300.jpg,160_no_clahe/007-5013-300.png,61,9,1475,1143,140,0,1414,160,2
synthetic_ungradable/synth_ungradable_00869_blur.jpg,160_no_clahe/synth_ungradable_00869_blur.png,15,15,497,497,0,0,482,160,5
synthetic_ungradable/synth_ungradable_00410_bright.jpg,160_no_clahe/synth_ungradable_00410_bright.png,16,17,495,494,1,0,479,160,5
synthetic_ungradable/synth_ungradable_00096_bright.jpg,160_no_clahe/synth_ungradable_00096_bright.png,24,24,488,488,0,0,464,160,5
DR_grading/train/007-2465-100.jpg,160_no_clahe/007-2465-100.png,251,0,2343,1944,74,0,2092,160,1
DR_grading/train/007-7324-601.jpg,160_no_clahe/007-7324-601.png,8,0,506,512,0,7,512,160,0
synthetic_ungradable/synth_ungradable_00156_bright.jpg,160_no_clahe/synth_ungradable_00156_bright.png,17,16,495,495,0,0,479,160,5
synthetic_ungradable/synth_ungradable_00419_blur.jpg,160_no_clahe/synth_ungradable_00419_blur.png,12,11,502,502,0,0,491,160,5
DR_grading/train/007-1195-000.jpg,160_no_clahe/007-1195-000.png,2,0,512,512,0,1,512,160,0
synthetic_ungradable/synth_ungradable_00477_blur.jpg,160_no_clahe/synth_ungradable_00477_blur.png,16,16,498,498,0,0,482,160,5
DR_grading/train/007-2518-100.jpg,160_no_clahe/007-2518-100.png,44,38,1918,1911,0,0,1874,160,1
synthetic_ungradable/synth_ungradable_00668_dark.jpg,160_no_clahe/synth_ungradable_00668_dark.png,20,20,492,492,0,0,472,160,5
DR_grading/train/007-7429-601.jpg,160_no_clahe/007-7429-601.png,2,0,505,512,0,4,512,160,0
DR_grading/train/007-8331-602.jpg,160_no_clahe/007-8331-602.png,0,0,510,511,0,0,511,160,0
DR_grading/train/20170220083337455.jpg,160_no_clahe/20170220083337455.png,64,9,1471,1142,137,0,1407,160,0
synthetic_ungradable/synth_ungradable_00447_bright.jpg,160_no_clahe/synth_ungradable_00447_bright.png,17,18,496,496,0,0,479,160,5
synthetic_ungradable/synth_ungradable_00553_bright.jpg,160_no_clahe/synth_ungradable_00553_bright.png,24,24,488,488,0,0,464,160,5
synthetic_ungradable/synth_ungradable_00178_blur.jpg,160_no_clahe/synth_ungradable_00178_blur.png,21,21,491,492,0,0,471,160,5
synthetic_ungradable/synth_ungradable_00390_dark.jpg,160_no_clahe/synth_ungradable_00390_dark.png,20,19,494,494,0,0,475,160,5
synthetic_ungradable/synth_ungradable_00578_bright.jpg,160_no_clahe/synth_ungradable_00578_bright.png,16,16,496,496,0,0,480,160,5
DR_grading/train/20170221080927786.jpg,160_no_clahe/20170221080927786.png,141,19,2442,1979,170,0,2301,160,0
DR_grading/train/007-0320-000.jpg,160_no_clahe/007-0320-000.png,7,6,505,505,0,0,499,160,0
DR_grading/train/20170407222105403.jpg,160_no_clahe/20170407222105403.png,539,82,2197,1740,0,0,1658,160,0
DR_grading/train/007-3172-100.jpg,160_no_clahe/007-3172-100.png,5,6,508,508,0,0,503,160,1
DR_grading/train/007-4136-200.jpg,160_no_clahe/007-4136-200.png,0,0,2144,1424,360,0,2144,160,2
synthetic_ungradable/synth_ungradable_00820_blur.jpg,160_no_clahe/synth_ungradable_00820_blur.png,16,17,496,495,1,0,480,160,5
DR_grading/train/007-7685-601.jpg,160_no_clahe/007-7685-601.png,0,0,1380,1382,0,1,1382,160,0
synthetic_ungradable/synth_ungradable_00984_blur.jpg,160_no_clahe/synth_ungradable_00984_blur.png,17,17,495,495,0,0,478,160,5
DR_grading/train/20170223171709606.jpg,160_no_clahe/20170223171709606.png,8,8,504,505,0,0,497,160,0
synthetic_ungradable/synth_ungradable_00664_blur.jpg,160_no_clahe/synth_ungradable_00664_blur.png,16,16,497,497,0,0,481,160,5
synthetic_ungradable/synth_ungradable_00142_blur.jpg,160_no_clahe/synth_ungradable_00142_blur.png,14,14,499,499,0,0,485,160,5
DR_grading/train/007-5452-300.jpg,160_no_clahe/007-5452-300.png,9,8,504,504,0,0,496,160,3
DR_grading/train/007-5597-300.jpg,160_no_clahe/007-5597-300.png,0,0,1380,1382,0,1,1382,160,2
synthetic_ungradable/synth_ungradable_00864_dark.jpg,160_no_clahe/synth_ungradable_00864_dark.png,19,19,494,494,0,0,475,160,5
synthetic_ungradable/synth_ungradable_00421_bright.jpg,160_no_clahe/synth_ungradable_00421_bright.png,16,17,496,496,0,0,480,160,5
synthetic_ungradable/synth_ungradable_00636_blur.jpg,160_no_clahe/synth_ungradable_00636_blur.png,14,14,500,499,0,0,486,160,5
DR_grading/train/20170220085833145.jpg,160_no_clahe/20170220085833145.png,4,0,508,512,0,4,512,160,0
synthetic_ungradable/synth_ungradable_00799_bright.jpg,160_no_clahe/synth_ungradable_00799_bright.png,19,16,494,496,0,2,480,160,5
DR_grading/train/007-7224-400.jpg,160_no_clahe/007-7224-400.png,344,0,2641,2000,148,0,2297,160,4
synthetic_ungradable/synth_ungradable_00615_bright.jpg,160_no_clahe/synth_ungradable_00615_bright.png,16,16,496,496,0,0,480,160,5
synthetic_ungradable/synth_ungradable_00294_blur.jpg,160_no_clahe/synth_ungradable_00294_blur.png,14,14,499,499,0,0,485,160,5
synthetic_ungradable/synth_ungradable_00923_blur.jpg,160_no_clahe/synth_ungradable_00923_blur.png,12,12,501,512,0,5,500,160,5
DR_grading/train/20170408231654502.jpg,160_no_clahe/20170408231654502.png,8,2,504,504,0,3,502,160,0
DR_grading/train/20170408231646827.jpg,160_no_clahe/20170408231646827.png,8,3,504,504,0,2,501,160,0
synthetic_ungradable/synth_ungradable_00088_blur.jpg,160_no_clahe/synth_ungradable_00088_blur.png,22,22,490,490,0,0,468,160,5
synthetic_ungradable/synth_ungradable_00041_blur.jpg,160_no_clahe/synth_ungradable_00041_blur.png,12,9,502,501,0,1,492,160,5
DR_grading/train/007-5054-300.jpg,160_no_clahe/007-5054-300.png,6,5,509,512,0,2,507,160,2
DR_grading/train/007-7871-601.jpg,160_no_clahe/007-7871-601.png,0,2,512,512,1,0,512,160,0
synthetic_ungradable/synth_ungradable_00131_bright.jpg,160_no_clahe/synth_ungradable_00131_bright.png,16,16,496,498,0,1,482,160,5
DR_grading/train/007-4738-200.jpg,160_no_clahe/007-4738-200.png,0,0,507,512,0,2,512,160,2
DR_grading/train/007-0293-000.jpg,160_no_clahe/007-0293-000.png,5,7,504,505,0,0,499,160,0
DR_grading/train/007-1242-000.jpg,160_no_clahe/007-1242-000.png,0,0,512,512,0,0,512,160,0
DR_grading/train/20170408233133830.jpg,160_no_clahe/20170408233133830.png,4,0,505,509,0,4,509,160,0
DR_grading/train/20170124131319634.jpg,160_no_clahe/20170124131319634.png,8,0,512,508,0,2,508,160,0
DR_grading/train/007-3325-200.jpg,160_no_clahe/007-3325-200.png,0,0,512,512,0,0,512,160,2
synthetic_ungradable/synth_ungradable_00164_blur.jpg,160_no_clahe/synth_ungradable_00164_blur.png,14,14,500,500,0,0,486,160,5
synthetic_ungradable/synth_ungradable_00724_bright.jpg,160_no_clahe/synth_ungradable_00724_bright.png,16,16,495,496,0,0,480,160,5
synthetic_ungradable/synth_ungradable_00290_blur.jpg,160_no_clahe/synth_ungradable_00290_blur.png,19,19,493,493,0,0,474,160,5
DR_grading/train/007-4734-200.jpg,160_no_clahe/007-4734-200.png,5,4,507,511,0,2,507,160,2
DR_grading/train/007-5092-300.jpg,160_no_clahe/007-5092-300.png,368,19,2645,1979,158,0,2277,160,2
DR_grading/train/20170327102502414.jpg,160_no_clahe/20170327102502414.png,8,7,504,504,0,0,497,160,0
DR_grading/train/007-4678-200.jpg,160_no_clahe/007-4678-200.png,0,5,512,512,2,0,512,160,2
DR_grading/train/20170222092246735.jpg,160_no_clahe/20170222092246735.png,7,7,505,511,0,3,504,160,0
synthetic_ungradable/synth_ungradable_00778_bright.jpg,160_no_clahe/synth_ungradable_00778_bright.png,16,18,494,496,0,0,478,160,5
synthetic_ungradable/synth_ungradable_00839_blur.jpg,160_no_clahe/synth_ungradable_00839_blur.png,13,13,501,501,0,0,488,160,5
synthetic_ungradable/synth_ungradable_00348_blur.jpg,160_no_clahe/synth_ungradable_00348_blur.png,13,0,500,506,0,9,506,160,5
DR_grading/train/20170408220639838.jpg,160_no_clahe/20170408220639838.png,5,0,512,508,0,0,508,160,0
synthetic_ungradable/synth_ungradable_00571_blur.jpg,160_no_clahe/synth_ungradable_00571_blur.png,13,14,499,499,0,0,486,160,5
synthetic_ungradable/synth_ungradable_00917_dark.jpg,160_no_clahe/synth_ungradable_00917_dark.png,25,25,487,487,0,0,462,160,5
synthetic_ungradable/synth_ungradable_00976_blur.jpg,160_no_clahe/synth_ungradable_00976_blur.png,14,14,498,498,0,0,484,160,5
DR_grading/train/20170405085537286.jpg,160_no_clahe/20170405085537286.png,8,4,505,507,0,3,503,160,0
DR_grading/train/007-1884-100.jpg,160_no_clahe/007-1884-100.png,307,71,2237,1625,188,0,1930,160,1
DR_grading/train/007-1449-000.jpg,160_no_clahe/007-1449-000.png,0,0,512,512,0,0,512,160,0
DR_grading/train/007-6663-400.jpg,160_no_clahe/007-6663-400.png,2,2,512,512,0,0,510,160,4
DR_grading/train/007-6804-400.jpg,160_no_clahe/007-6804-400.png,8,8,504,504,0,0,496,160,4
synthetic_ungradable/synth_ungradable_00136_bright.jpg,160_no_clahe/synth_ungradable_00136_bright.png,24,24,488,488,0,0,464,160,5
synthetic_ungradable/synth_ungradable_00458_blur.jpg,160_no_clahe/synth_ungradable_00458_blur.png,22,22,490,490,0,0,468,160,5
synthetic_ungradable/synth_ungradable_00375_blur.jpg,160_no_clahe/synth_ungradable_00375_blur.png,13,13,500,500,0,0,487,160,5
DR_grading/train/20170215104327523.jpg,160_no_clahe/20170215104327523.png,8,1,512,512,0,3,511,160,0
synthetic_ungradable/synth_ungradable_00333_blur.jpg,160_no_clahe/synth_ungradable_00333_blur.png,15,15,498,497,0,0,483,160,5
DR_grading/train/007-1772-100.jpg,160_no_clahe/007-1772-100.png,23,0,1448,1137,144,0,1425,160,0
DR_grading/train/007-0703-000.jpg,160_no_clahe/007-0703-000.png,8,8,504,505,0,0,497,160,0
DR_grading/train/007-6860-400.jpg,160_no_clahe/007-6860-400.png,24,8,1952,1934,1,0,1928,160,4
synthetic_ungradable/synth_ungradable_00816_blur.jpg,160_no_clahe/synth_ungradable_00816_blur.png,16,16,497,497,0,0,481,160,5
DR_grading/train/007-7621-601.jpg,160_no_clahe/007-7621-601.png,4,3,508,511,0,2,508,160,0
DR_grading/train/20170323162238639.jpg,160_no_clahe/20170323162238639.png,8,9,504,504,0,0,496,160,0
DR_grading/train/20170208173110046.jpg,160_no_clahe/20170208173110046.png,8,8,504,504,0,0,496,160,0
DR_grading/train/007-3164-100.jpg,160_no_clahe/007-3164-100.png,7,7,506,505,0,0,499,160,2
DR_grading/train/20170326081646277.jpg,160_no_clahe/20170326081646277.png,141,19,2441,1979,170,0,2300,160,0
synthetic_ungradable/synth_ungradable_00910_dark.jpg,160_no_clahe/synth_ungradable_00910_dark.png,28,28,484,484,0,0,456,160,5
DR_grading/train/007-0245-000.jpg,160_no_clahe/007-0245-000.png,4,4,505,507,0,1,503,160,0
DR_grading/train/007-6863-400.jpg,160_no_clahe/007-6863-400.png,8,8,1920,1923,0,1,1915,160,4
synthetic_ungradable/synth_ungradable_00328_blur.jpg,160_no_clahe/synth_ungradable_00328_blur.png,9,15,498,498,3,0,489,160,5
DR_grading/train/007-5673-300.jpg,160_no_clahe/007-5673-300.png,0,0,512,512,0,0,512,160,3
synthetic_ungradable/synth_ungradable_00318_dark.jpg,160_no_clahe/synth_ungradable_00318_dark.png,20,20,492,493,0,0,473,160,5
DR_grading/train/007-3799-200.jpg,160_no_clahe/007-3799-200.png,8,3,504,504,0,2,501,160,2
DR_grading/train/007-4557-200.jpg,160_no_clahe/007-4557-200.png,6,0,508,506,0,2,506,160,2
DR_grading/train/007-5901-300.jpg,160_no_clahe/007-5901-300.png,16,16,1928,1928,0,0,1912,160,2
synthetic_ungradable/synth_ungradable_00167_blur.jpg,160_no_clahe/synth_ungradable_00167_blur.png,2,12,512,501,10,0,510,160,5
synthetic_ungradable/synth_ungradable_00012_blur.jpg,160_no_clahe/synth_ungradable_00012_blur.png,14,12,499,499,0,1,487,160,5
DR_grading/train/20170221141931314.jpg,160_no_clahe/20170221141931314.png,0,0,512,512,0,0,512,160,0
synthetic_ungradable/synth_ungradable_00171_blur.jpg,160_no_clahe/synth_ungradable_00171_blur.png,12,12,501,501,0,0,489,160,5
synthetic_ungradable/synth_ungradable_00649_dark.jpg,160_no_clahe/synth_ungradable_00649_dark.png,20,20,492,493,0,0,473,160,5
DR_grading/train/007-6943-400.jpg,160_no_clahe/007-6943-400.png,0,0,1936,1296,320,0,1936,160,4
synthetic_ungradable/synth_ungradable_00260_blur.jpg,160_no_clahe/synth_ungradable_00260_blur.png,13,14,500,499,1,0,487,160,5
DR_grading/train/007-0844-000.jpg,160_no_clahe/007-0844-000.png,0,0,512,512,0,0,512,160,0
DR_grading/train/007-4422-200.jpg,160_no_clahe/007-4422-200.png,0,0,506,512,0,3,512,160,2
synthetic_ungradable/synth_ungradable_00901_dark.jpg,160_no_clahe/synth_ungradable_00901_dark.png,19,19,494,494,0,0,475,160,5
synthetic_ungradable/synth_ungradable_00672_blur.jpg,160_no_clahe/synth_ungradable_00672_blur.png,15,15,498,498,0,0,483,160,5
synthetic_ungradable/synth_ungradable_00258_bright.jpg,160_no_clahe/synth_ungradable_00258_bright.png,16,16,496,496,0,0,480,160,5
synthetic_ungradable/synth_ungradable_00844_blur.jpg,160_no_clahe/synth_ungradable_00844_blur.png,17,19,493,493,1,0,476,160,5
synthetic_ungradable/synth_ungradable_00867_blur.jpg,160_no_clahe/synth_ungradable_00867_blur.png,13,14,499,499,0,0,486,160,5
DR_grading/train/007-0031-000.jpg,160_no_clahe/007-0031-000.png,0,0,512,512,0,0,512,160,0
synthetic_ungradable/synth_ungradable_00138_bright.jpg,160_no_clahe/synth_ungradable_00138_bright.png,18,18,496,495,0,0,478,160,5
synthetic_ungradable/synth_ungradable_00893_blur.jpg,160_no_clahe/synth_ungradable_00893_blur.png,16,16,496,496,0,0,480,160,5
DR_grading/train/007-7191-400.jpg,160_no_clahe/007-7191-400.png,0,0,512,512,0,0,512,160,4
synthetic_ungradable/synth_ungradable_00549_bright.jpg,160_no_clahe/synth_ungradable_00549_bright.png,27,26,485,488,0,2,462,160,5
synthetic_ungradable/synth_ungradable_00319_bright.jpg,160_no_clahe/synth_ungradable_00319_bright.png,16,17,496,494,1,0,480,160,5
DR_grading/train/007-6465-400.jpg,160_no_clahe/007-6465-400.png,8,8,504,504,0,0,496,160,4
DR_grading/train/20170327075631732.jpg,160_no_clahe/20170327075631732.png,4,1,509,512,0,3,511,160,0
DR_grading/train/007-2133-100.jpg,160_no_clahe/007-2133-100.png,1,0,512,512,0,0,512,160,2
synthetic_ungradable/synth_ungradable_00558_blur.jpg,160_no_clahe/synth_ungradable_00558_blur.png,10,1,498,498,0,4,497,160,5
synthetic_ungradable/synth_ungradable_00139_blur.jpg,160_no_clahe/synth_ungradable_00139_blur.png,2,11,512,501,10,0,510,160,5
DR_grading/train/007-5851-300.jpg,160_no_clahe/007-5851-300.png,0,0,512,512,0,0,512,160,2
synthetic_ungradable/synth_ungradable_00531_blur.jpg,160_no_clahe/synth_ungradable_00531_blur.png,14,14,498,498,0,0,484,160,5
synthetic_ungradable/synth_ungradable_00224_blur.jpg,160_no_clahe/synth_ungradable_00224_blur.png,16,16,497,497,0,0,481,160,5
synthetic_ungradable/synth_ungradable_00723_blur.jpg,160_no_clahe/synth_ungradable_00723_blur.png,15,16,498,498,0,0,483,160,5
synthetic_ungradable/synth_ungradable_00786_blur.jpg,160_no_clahe/synth_ungradable_00786_blur.png,13,14,499,499,0,0,486,160,5
DR_grading/train/20170223094344910.jpg,160_no_clahe/20170223094344910.png,8,8,504,504,0,0,496,160,0
DR_grading/train/007-3045-100.jpg,160_no_clahe/007-3045-100.png,0,0,512,512,0,0,512,160,1
synthetic_ungradable/synth_ungradable_00409_bright.jpg,160_no_clahe/synth_ungradable_00409_bright.png,25,28,486,484,2,0,461,160,5
synthetic_ungradable/synth_ungradable_00325_bright.jpg,160_no_clahe/synth_ungradable_00325_bright.png,16,16,496,496,0,0,480,160,5
DR_grading/train/007-4420-200.jpg,160_no_clahe/007-4420-200.png,8,4,506,511,0,4,507,160,2
synthetic_ungradable/synth_ungradable_00299_blur.jpg,160_no_clahe/synth_ungradable_00299_blur.png,16,16,497,497,0,0,481,160,5
DR_grading/train/007-1106-000.jpg,160_no_clahe/007-1106-000.png,141,19,2442,1979,170,0,2301,160,0
DR_grading/train/007-6319-400.jpg,160_no_clahe/007-6319-400.png,4,4,508,511,0,1,507,160,2
synthetic_ungradable/synth_ungradable_00025_dark.jpg,160_no_clahe/synth_ungradable_00025_dark.png,28,28,484,485,0,0,457,160,5
DR_grading/train/007-4528-200.jpg,160_no_clahe/007-4528-200.png,280,0,2026,1728,9,0,1746,160,2
synthetic_ungradable/synth_ungradable_00714_dark.jpg,160_no_clahe/synth_ungradable_00714_dark.png,20,20,492,493,0,0,473,160,5
DR_grading/train/20170120153040093.jpg,160_no_clahe/20170120153040093.png,7,6,504,505,0,1,499,160,0
synthetic_ungradable/synth_ungradable_00193_bright.jpg,160_no_clahe/synth_ungradable_00193_bright.png,16,16,496,496,0,0,480,160,5
synthetic_ungradable/synth_ungradable_00440_blur.jpg,160_no_clahe/synth_ungradable_00440_blur.png,12,12,500,500,0,0,488,160,5
synthetic_ungradable/synth_ungradable_00573_dark.jpg,160_no_clahe/synth_ungradable_00573_dark.png,18,18,498,494,2,0,480,160,5
synthetic_ungradable/synth_ungradable_00946_dark.jpg,160_no_clahe/synth_ungradable_00946_dark.png,25,25,487,487,0,0,462,160,5
synthetic_ungradable/synth_ungradable_00997_blur.jpg,160_no_clahe/synth_ungradable_00997_blur.png,15,15,498,498,0,0,483,160,5
synthetic_ungradable/synth_ungradable_00503_blur.jpg,160_no_clahe/synth_ungradable_00503_blur.png,8,11,498,499,1,0,490,160,5
synthetic_ungradable/synth_ungradable_00605_blur.jpg,160_no_clahe/synth_ungradable_00605_blur.png,14,14,498,498,0,0,484,160,5
DR_grading/train/007-5564-300.jpg,160_no_clahe/007-5564-300.png,0,0,1380,1382,0,1,1382,160,2
DR_grading/train/007-4725-200.jpg,160_no_clahe/007-4725-200.png,8,1,504,512,0,7,511,160,2
DR_grading/train/20170407215253772.jpg,160_no_clahe/20170407215253772.png,35,25,2953,2935,4,0,2918,160,0
synthetic_ungradable/synth_ungradable_00846_blur.jpg,160_no_clahe/synth_ungradable_00846_blur.png,14,14,499,499,0,0,485,160,5
synthetic_ungradable/synth_ungradable_00003_dark.jpg,160_no_clahe/synth_ungradable_00003_dark.png,20,20,493,493,0,0,473,160,5
DR_grading/train/007-3384-200.jpg,160_no_clahe/007-3384-200.png,0,0,512,512,0,0,512,160,2
DR_grading/train/20170120214751267.jpg,160_no_clahe/20170120214751267.png,5,0,509,512,0,4,512,160,0
synthetic_ungradable/synth_ungradable_00467_blur.jpg,160_no_clahe/synth_ungradable_00467_blur.png,14,14,498,498,0,0,484,160,5
synthetic_ungradable/synth_ungradable_00321_bright.jpg,160_no_clahe/synth_ungradable_00321_bright.png,16,16,496,495,0,0,480,160,5
synthetic_ungradable/synth_ungradable_00005_bright.jpg,160_no_clahe/synth_ungradable_00005_bright.png,17,16,494,495,0,1,479,160,5
synthetic_ungradable/synth_ungradable_00222_blur.jpg,160_no_clahe/synth_ungradable_00222_blur.png,14,14,498,498,0,0,484,160,5
DR_grading/train/20170212142057186.jpg,160_no_clahe/20170212142057186.png,0,0,509,512,0,1,512,160,0
synthetic_ungradable/synth_ungradable_00547_bright.jpg,160_no_clahe/synth_ungradable_00547_bright.png,16,16,496,496,0,0,480,160,5
synthetic_ungradable/synth_ungradable_00228_bright.jpg,160_no_clahe/synth_ungradable_00228_bright.png,24,24,488,487,0,0,464,160,5
synthetic_ungradable/synth_ungradable_00039_blur.jpg,160_no_clahe/synth_ungradable_00039_blur.png,14,13,497,497,0,0,484,160,5
synthetic_ungradable/synth_ungradable_00542_bright.jpg,160_no_clahe/synth_ungradable_00542_bright.png,19,19,492,489,1,0,473,160,5
synthetic_ungradable/synth_ungradable_00242_blur.jpg,160_no_clahe/synth_ungradable_00242_blur.png,15,16,498,498,0,0,483,160,5
synthetic_ungradable/synth_ungradable_00898_blur.jpg,160_no_clahe/synth_ungradable_00898_blur.png,14,14,499,499,0,0,485,160,5
DR_grading/train/007-2566-100.jpg,160_no_clahe/007-2566-100.png,3,0,509,512,0,3,512,160,1
DR_grading/train/20170401095608158.jpg,160_no_clahe/20170401095608158.png,0,0,510,511,0,0,511,160,0
DR_grading/train/007-3472-200.jpg,160_no_clahe/007-3472-200.png,4,0,507,512,0,4,512,160,2
synthetic_ungradable/synth_ungradable_00842_blur.jpg,160_no_clahe/synth_ungradable_00842_blur.png,19,19,493,493,0,0,474,160,5
DR_grading/train/007-0669-000.jpg,160_no_clahe/007-0669-000.png,8,8,504,505,0,0,497,160,0
DR_grading/train/20170301105426466.jpg,160_no_clahe/20170301105426466.png,7,3,505,504,0,1,501,160,0
DR_grading/train/007-2682-100.jpg,160_no_clahe/007-2682-100.png,0,0,512,512,0,0,512,160,1
synthetic_ungradable/synth_ungradable_00661_dark.jpg,160_no_clahe/synth_ungradable_00661_dark.png,16,19,495,494,2,0,479,160,5
DR_grading/train/007-1321-000.jpg,160_no_clahe/007-1321-000.png,0,0,512,512,0,0,512,160,2
synthetic_ungradable/synth_ungradable_00314_blur.jpg,160_no_clahe/synth_ungradable_00314_blur.png,17,18,495,495,0,0,478,160,5
synthetic_ungradable/synth_ungradable_00691_blur.jpg,160_no_clahe/synth_ungradable_00691_blur.png,13,13,500,500,0,0,487,160,5
DR_grading/train/007-0411-000.jpg,160_no_clahe/007-0411-000.png,141,19,2442,1979,170,0,2301,160,0
synthetic_ungradable/synth_ungradable_00424_bright.jpg,160_no_clahe/synth_ungradable_00424_bright.png,16,16,496,496,0,0,480,160,5
synthetic_ungradable/synth_ungradable_00594_blur.jpg,160_no_clahe/synth_ungradable_00594_blur.png,16,16,496,496,0,0,480,160,5
DR_grading/train/007-1094-000.jpg,160_no_clahe/007-1094-000.png,136,19,2343,1899,163,0,2207,160,0
synthetic_ungradable/synth_ungradable_00622_bright.jpg,160_no_clahe/synth_ungradable_00622_bright.png,24,25,488,487,1,0,464,160,5
DR_grading/train/20170408220102721.jpg,160_no_clahe/20170408220102721.png,4,0,504,505,0,2,505,160,0
DR_grading/train/20170120223901509.jpg,160_no_clahe/20170120223901509.png,538,82,2196,1740,0,0,1658,160,0
synthetic_ungradable/synth_ungradable_00227_blur.jpg,160_no_clahe/synth_ungradable_00227_blur.png,16,16,496,496,0,0,480,160,5
DR_grading/train/007-6969-400.jpg,160_no_clahe/007-6969-400.png,0,0,504,512,0,4,512,160,4
DR_grading/train/20170125160603162.jpg,160_no_clahe/20170125160603162.png,0,0,512,512,0,0,512,160,0
DR_grading/train/007-4084-200.jpg,160_no_clahe/007-4084-200.png,3,0,509,509,0,1,509,160,2
synthetic_ungradable/synth_ungradable_00066_bright.jpg,160_no_clahe/synth_ungradable_00066_bright.png,16,18,496,495,1,0,480,160,5
synthetic_ungradable/synth_ungradable_00024_bright.jpg,160_no_clahe/synth_ungradable_00024_bright.png,16,16,496,496,0,0,480,160,5
synthetic_ungradable/synth_ungradable_00144_bright.jpg,160_no_clahe/synth_ungradable_00144_bright.png,24,24,488,488,0,0,464,160,5
synthetic_ungradable/synth_ungradable_00536_dark.jpg,160_no_clahe/synth_ungradable_00536_dark.png,20,20,491,491,0,0,471,160,5
synthetic_ungradable/synth_ungradable_00811_bright.jpg,160_no_clahe/synth_ungradable_00811_bright.png,26,25,488,486,0,0,462,160,5
DR_grading/train/007-4243-200.jpg,160_no_clahe/007-4243-200.png,0,0,512,512,0,0,512,160,2
synthetic_ungradable/synth_ungradable_00085_blur.jpg,160_no_clahe/synth_ungradable_00085_blur.png,6,16,498,498,5,0,492,160,5
DR_grading/train/20170407111938734.jpg,160_no_clahe/20170407111938734.png,8,8,504,504,0,0,496,160,0
DR_grading/train/007-1916-100.jpg,160_no_clahe/007-1916-100.png,8,3,506,506,0,2,503,160,0
DR_grading/train/007-4375-200.jpg,160_no_clahe/007-4375-200.png,8,6,505,508,0,2,502,160,2
DR_grading/train/007-1295-000.jpg,160_no_clahe/007-1295-000.png,0,0,512,512,0,0,512,160,0
DR_grading/train/007-1248-000.jpg,160_no_clahe/007-1248-000.png,0,0,512,512,0,0,512,160,0
DR_grading/train/007-0375-000.jpg,160_no_clahe/007-0375-000.png,141,19,2442,1979,170,0,2301,160,0
synthetic_ungradable/synth_ungradable_00362_blur.jpg,160_no_clahe/synth_ungradable_00362_blur.png,22,22,490,490,0,0,468,160,5
DR_grading/train/007-4390-200.jpg,160_no_clahe/007-4390-200.png,7,0,507,512,0,6,512,160,2
DR_grading/train/007-3255-100.jpg,160_no_clahe/007-3255-100.png,2,0,507,506,0,0,506,160,1
DR_grading/train/20170227231503064.jpg,160_no_clahe/20170227231503064.png,5,0,505,509,0,4,509,160,0
DR_grading/train/007-0767-000.jpg,160_no_clahe/007-0767-000.png,0,0,512,512,0,0,512,160,0
DR_grading/train/007-2437-100.jpg,160_no_clahe/007-2437-100.png,8,5,504,504,0,1,499,160,2
DR_grading/train/007-4848-300.jpg,160_no_clahe/007-4848-300.png,3,3,512,512,0,0,509,160,2
DR_grading/train/007-3442-200.jpg,160_no_clahe/007-3442-200.png,8,4,506,509,0,3,505,160,2
synthetic_ungradable/synth_ungradable_00665_bright.jpg,160_no_clahe/synth_ungradable_00665_bright.png,17,17,496,496,0,0,479,160,5
synthetic_ungradable/synth_ungradable_00364_dark.jpg,160_no_clahe/synth_ungradable_00364_dark.png,20,20,493,493,0,0,473,160,5
synthetic_ungradable/synth_ungradable_00077_dark.jpg,160_no_clahe/synth_ungradable_00077_dark.png,19,19,494,494,0,0,475,160,5
synthetic_ungradable/synth_ungradable_00027_blur.jpg,160_no_clahe/synth_ungradable_00027_blur.png,15,15,498,498,0,0,483,160,5
DR_grading/train/007-4716-200.jpg,160_no_clahe/007-4716-200.png,351,0,2645,2000,147,0,2294,160,2
synthetic_ungradable/synth_ungradable_00525_blur.jpg,160_no_clahe/synth_ungradable_00525_blur.png,12,12,502,501,0,0,490,160,5
DR_grading/train/007-4796-300.jpg,160_no_clahe/007-4796-300.png,22,0,1448,1137,144,0,1426,160,2
synthetic_ungradable/synth_ungradable_00055_dark.jpg,160_no_clahe/synth_ungradable_00055_dark.png,28,28,484,484,0,0,456,160,5
synthetic_ungradable/synth_ungradable_00638_dark.jpg,160_no_clahe/synth_ungradable_00638_dark.png,27,26,485,487,0,1,461,160,5
synthetic_ungradable/synth_ungradable_00302_blur.jpg,160_no_clahe/synth_ungradable_00302_blur.png,15,15,500,498,1,0,485,160,5
synthetic_ungradable/synth_ungradable_00718_blur.jpg,160_no_clahe/synth_ungradable_00718_blur.png,14,14,499,499,0,0,485,160,5
synthetic_ungradable/synth_ungradable_00624_blur.jpg,160_no_clahe/synth_ungradable_00624_blur.png,14,14,499,499,0,0,485,160,5
synthetic_ungradable/synth_ungradable_00007_bright.jpg,160_no_clahe/synth_ungradable_00007_bright.png,25,26,488,488,0,0,463,160,5
synthetic_ungradable/synth_ungradable_00803_blur.jpg,160_no_clahe/synth_ungradable_00803_blur.png,12,12,501,500,0,0,489,160,5
DR_grading/train/007-4905-300.jpg,160_no_clahe/007-4905-300.png,4,5,506,511,0,2,506,160,2
synthetic_ungradable/synth_ungradable_00336_blur.jpg,160_no_clahe/synth_ungradable_00336_blur.png,11,0,502,512,0,10,512,160,5
synthetic_ungradable/synth_ungradable_00047_blur.jpg,160_no_clahe/synth_ungradable_00047_blur.png,11,11,501,501,0,0,490,160,5
DR_grading/train/20170228223720726.jpg,160_no_clahe/20170228223720726.png,1,0,508,510,0,1,510,160,0
synthetic_ungradable/synth_ungradable_00106_blur.jpg,160_no_clahe/synth_ungradable_00106_blur.png,15,15,498,498,0,0,483,160,5
synthetic_ungradable/synth_ungradable_00349_blur.jpg,160_no_clahe/synth_ungradable_00349_blur.png,15,15,498,498,0,0,483,160,5
DR_grading/train/007-6117-300.jpg,160_no_clahe/007-6117-300.png,0,6,508,511,1,0,508,160,2
synthetic_ungradable/synth_ungradable_00238_bright.jpg,160_no_clahe/synth_ungradable_00238_bright.png,16,16,496,496,0,0,480,160,5
synthetic_ungradable/synth_ungradable_00213_dark.jpg,160_no_clahe/synth_ungradable_00213_dark.png,19,19,494,494,0,0,475,160,5
DR_grading/train/007-6665-400.jpg,160_no_clahe/007-6665-400.png,2,2,512,510,1,0,510,160,4
DR_grading/train/007-5968-300.jpg,160_no_clahe/007-5968-300.png,5,6,507,511,0,1,505,160,2
synthetic_ungradable/synth_ungradable_00793_blur.jpg,160_no_clahe/synth_ungradable_00793_blur.png,12,12,501,501,0,0,489,160,5
DR_grading/train/20170323095139979.jpg,160_no_clahe/20170323095139979.png,3,0,508,512,0,3,512,160,0
DR_grading/train/007-3464-200.jpg,160_no_clahe/007-3464-200.png,6,5,507,507,0,0,502,160,2
DR_grading/train/20170323092204273.jpg,160_no_clahe/20170323092204273.png,3,0,510,512,0,2,512,160,0
synthetic_ungradable/synth_ungradable_00523_bright.jpg,160_no_clahe/synth_ungradable_00523_bright.png,16,16,496,496,0,0,480,160,5
synthetic_ungradable/synth_ungradable_00232_blur.jpg,160_no_clahe/synth_ungradable_00232_blur.png,14,14,499,499,0,0,485,160,5
synthetic_ungradable/synth_ungradable_00644_blur.jpg,160_no_clahe/synth_ungradable_00644_blur.png,16,16,497,497,0,0,481,160,5
DR_grading/train/20170408090406755.jpg,160_no_clahe/20170408090406755.png,2,0,508,511,0,2,511,160,0
synthetic_ungradable/synth_ungradable_00533_blur.jpg,160_no_clahe/synth_ungradable_00533_blur.png,16,16,496,496,0,0,480,160,5
DR_grading/train/20170226225853947.jpg,160_no_clahe/20170226225853947.png,0,0,512,508,2,0,512,160,0
synthetic_ungradable/synth_ungradable_00603_blur.jpg,160_no_clahe/synth_ungradable_00603_blur.png,24,24,488,488,0,0,464,160,5
DR_grading/train/007-4675-200.jpg,160_no_clahe/007-4675-200.png,6,6,509,505,2,0,503,160,2
DR_grading/train/007-0344-000.jpg,160_no_clahe/007-0344-000.png,142,19,2442,1979,170,0,2300,160,0
DR_grading/train/007-2663-100.jpg,160_no_clahe/007-2663-100.png,0,0,512,512,0,0,512,160,2
synthetic_ungradable/synth_ungradable_00060_blur.jpg,160_no_clahe/synth_ungradable_00060_blur.png,16,16,497,497,0,0,481,160,5
DR_grading/train/007-5434-300.jpg,160_no_clahe/007-5434-300.png,8,8,505,505,0,0,497,160,2
synthetic_ungradable/synth_ungradable_00092_blur.jpg,160_no_clahe/synth_ungradable_00092_blur.png,15,15,498,498,0,0,483,160,5
synthetic_ungradable/synth_ungradable_00666_blur.jpg,160_no_clahe/synth_ungradable_00666_blur.png,16,17,496,500,0,1,483,160,5
synthetic_ungradable/synth_ungradable_00280_dark.jpg,160_no_clahe/synth_ungradable_00280_dark.png,19,19,494,494,0,0,475,160,5
DR_grading/train/007-7596-601.jpg,160_no_clahe/007-7596-601.png,0,0,512,512,0,0,512,160,2
synthetic_ungradable/synth_ungradable_00359_blur.jpg,160_no_clahe/synth_ungradable_00359_blur.png,6,12,502,501,3,0,496,160,5
DR_grading/train/007-1161-000.jpg,160_no_clahe/007-1161-000.png,0,0,506,508,0,1,508,160,0
DR_grading/train/007-4875-300.jpg,160_no_clahe/007-4875-300.png,0,0,512,512,0,0,512,160,2
synthetic_ungradable/synth_ungradable_00847_dark.jpg,160_no_clahe/synth_ungradable_00847_dark.png,20,21,492,492,0,0,472,160,5
DR_grading/train/007-4503-200.jpg,160_no_clahe/007-4503-200.png,2,0,504,512,0,5,512,160,2
synthetic_ungradable/synth_ungradable_00110_blur.jpg,160_no_clahe/synth_ungradable_00110_blur.png,15,15,498,498,0,0,483,160,5
synthetic_ungradable/synth_ungradable_00042_dark.jpg,160_no_clahe/synth_ungradable_00042_dark.png,20,19,494,494,0,0,475,160,5
synthetic_ungradable/synth_ungradable_00125_blur.jpg,160_no_clahe/synth_ungradable_00125_blur.png,16,16,496,498,0,1,482,160,5
synthetic_ungradable/synth_ungradable_00204_bright.jpg,160_no_clahe/synth_ungradable_00204_bright.png,19,20,495,492,2,0,476,160,5
synthetic_ungradable/synth_ungradable_00052_blur.jpg,160_no_clahe/synth_ungradable_00052_blur.png,14,14,504,499,2,0,490,160,5
synthetic_ungradable/synth_ungradable_00545_bright.jpg,160_no_clahe/synth_ungradable_00545_bright.png,16,17,496,495,1,0,480,160,5
synthetic_ungradable/synth_ungradable_00068_bright.jpg,160_no_clahe/synth_ungradable_00068_bright.png,18,16,496,496,0,1,480,160,5
DR_grading/train/20170207144517107.jpg,160_no_clahe/20170207144517107.png,8,6,506,504,0,0,498,160,0
DR_grading/train/007-6936-400.jpg,160_no_clahe/007-6936-400.png,0,0,1936,1296,320,0,1936,160,4
synthetic_ungradable/synth_ungradable_00183_blur.jpg,160_no_clahe/synth_ungradable_00183_blur.png,21,21,491,492,0,0,471,160,5
synthetic_ungradable/synth_ungradable_00137_dark.jpg,160_no_clahe/synth_ungradable_00137_dark.png,20,17,492,493,0,2,476,160,5
synthetic_ungradable/synth_ungradable_00899_bright.jpg,160_no_clahe/synth_ungradable_00899_bright.png,24,24,488,488,0,0,464,160,5
synthetic_ungradable/synth_ungradable_00796_dark.jpg,160_no_clahe/synth_ungradable_00796_dark.png,19,19,494,494,0,0,475,160,5
synthetic_ungradable/synth_ungradable_00132_bright.jpg,160_no_clahe/synth_ungradable_00132_bright.png,16,17,496,495,1,0,480,160,5
synthetic_ungradable/synth_ungradable_00080_blur.jpg,160_no_clahe/synth_ungradable_00080_blur.png,24,24,488,489,0,0,465,160,5
DR_grading/train/20170327111337500.jpg,160_no_clahe/20170327111337500.png,8,8,505,506,0,0,498,160,0
DR_grading/train/007-4587-200.jpg,160_no_clahe/007-4587-200.png,0,0,1444,1444,0,0,1444,160,2
synthetic_ungradable/synth_ungradable_00541_blur.jpg,160_no_clahe/synth_ungradable_00541_blur.png,20,20,492,492,0,0,472,160,5
DR_grading/train/007-6284-400.jpg,160_no_clahe/007-6284-400.png,41,0,1445,1137,133,0,1404,160,4
synthetic_ungradable/synth_ungradable_00983_bright.jpg,160_no_clahe/synth_ungradable_00983_bright.png,16,19,496,496,1,0,480,160,5
synthetic_ungradable/synth_ungradable_00165_bright.jpg,160_no_clahe/synth_ungradable_00165_bright.png,18,16,495,496,0,1,480,160,5
synthetic_ungradable/synth_ungradable_00248_bright.jpg,160_no_clahe/synth_ungradable_00248_bright.png,16,16,495,504,0,4,488,160,5
synthetic_ungradable/synth_ungradable_00446_bright.jpg,160_no_clahe/synth_ungradable_00446_bright.png,16,16,496,496,0,0,480,160,5
DR_grading/train/007-0808-000.jpg,160_no_clahe/007-0808-000.png,0,0,512,512,0,0,512,160,0
synthetic_ungradable/synth_ungradable_00858_blur.jpg,160_no_clahe/synth_ungradable_00858_blur.png,21,21,492,491,0,0,471,160,5
DR_grading/train/007-6509-400.jpg,160_no_clahe/007-6509-400.png,9,8,512,512,0,0,504,160,4
synthetic_ungradable/synth_ungradable_00097_blur.jpg,160_no_clahe/synth_ungradable_00097_blur.png,15,16,498,498,0,0,483,160,5
DR_grading/train/007-6637-400.jpg,160_no_clahe/007-6637-400.png,0,0,512,512,0,0,512,160,4
synthetic_ungradable/synth_ungradable_00737_dark.jpg,160_no_clahe/synth_ungradable_00737_dark.png,20,19,496,494,0,0,476,160,5
DR_grading/train/007-1563-000.jpg,160_no_clahe/007-1563-000.png,0,0,512,512,0,0,512,160,0
synthetic_ungradable/synth_ungradable_00102_blur.jpg,160_no_clahe/synth_ungradable_00102_blur.png,13,13,500,500,0,0,487,160,5
synthetic_ungradable/synth_ungradable_00434_blur.jpg,160_no_clahe/synth_ungradable_00434_blur.png,14,14,499,499,0,0,485,160,5
synthetic_ungradable/synth_ungradable_00074_bright.jpg,160_no_clahe/synth_ungradable_00074_bright.png,21,21,493,490,1,0,472,160,5
DR_grading/train/007-5259-300.jpg,160_no_clahe/007-5259-300.png,0,0,510,512,0,1,512,160,3
DR_grading/train/007-0142-000.jpg,160_no_clahe/007-0142-000.png,6,6,505,510,0,2,504,160,0
synthetic_ungradable/synth_ungradable_00918_blur.jpg,160_no_clahe/synth_ungradable_00918_blur.png,16,16,506,497,4,0,490,160,5
DR_grading/train/20170323085924938.jpg,160_no_clahe/20170323085924938.png,6,1,509,512,0,4,511,160,0
DR_grading/train/007-4715-200.jpg,160_no_clahe/007-4715-200.png,344,0,2644,2000,150,0,2300,160,2
DR_grading/train/007-8566-604.jpg,160_no_clahe/007-8566-604.png,3,0,512,512,0,1,512,160,0
synthetic_ungradable/synth_ungradable_00762_blur.jpg,160_no_clahe/synth_ungradable_00762_blur.png,12,12,506,501,2,0,494,160,5
synthetic_ungradable/synth_ungradable_00989_bright.jpg,160_no_clahe/synth_ungradable_00989_bright.png,16,16,496,496,0,0,480,160,5
synthetic_ungradable/synth_ungradable_00388_bright.jpg,160_no_clahe/synth_ungradable_00388_bright.png,18,17,496,496,0,0,479,160,5
synthetic_ungradable/synth_ungradable_00235_blur.jpg,160_no_clahe/synth_ungradable_00235_blur.png,7,15,498,498,4,0,491,160,5
DR_grading/train/007-4391-200.jpg,160_no_clahe/007-4391-200.png,0,0,506,512,0,3,512,160,2
synthetic_ungradable/synth_ungradable_00267_blur.jpg,160_no_clahe/synth_ungradable_00267_blur.png,11,11,504,501,1,0,493,160,5
DR_grading/train/007-4958-300.jpg,160_no_clahe/007-4958-300.png,3,4,508,510,0,0,506,160,2
synthetic_ungradable/synth_ungradable_00117_blur.jpg,160_no_clahe/synth_ungradable_00117_blur.png,15,15,498,498,0,0,483,160,5
DR_grading/train/20170224114432990.jpg,160_no_clahe/20170224114432990.png,6,0,504,504,0,3,504,160,0
synthetic_ungradable/synth_ungradable_00673_bright.jpg,160_no_clahe/synth_ungradable_00673_bright.png,25,27,488,488,1,0,463,160,5
synthetic_ungradable/synth_ungradable_00249_bright.jpg,160_no_clahe/synth_ungradable_00249_bright.png,12,16,496,496,2,0,484,160,5
DR_grading/train/007-3587-200.jpg,160_no_clahe/007-3587-200.png,62,0,1476,1152,131,0,1414,160,2
DR_grading/train/007-0836-000.jpg,160_no_clahe/007-0836-000.png,0,0,512,512,0,0,512,160,0
synthetic_ungradable/synth_ungradable_00094_blur.jpg,160_no_clahe/synth_ungradable_00094_blur.png,13,12,500,500,0,0,488,160,5
synthetic_ungradable/synth_ungradable_00033_blur.jpg,160_no_clahe/synth_ungradable_00033_blur.png,16,16,497,497,0,0,481,160,5
DR_grading/train/007-6426-400.jpg,160_no_clahe/007-6426-400.png,6,6,504,508,0,2,502,160,4
DR_grading/train/007-3283-200.jpg,160_no_clahe/007-3283-200.png,24,0,1448,1137,143,0,1424,160,2
synthetic_ungradable/synth_ungradable_00448_blur.jpg,160_no_clahe/synth_ungradable_00448_blur.png,11,11,503,502,0,0,492,160,5
synthetic_ungradable/synth_ungradable_00716_blur.jpg,160_no_clahe/synth_ungradable_00716_blur.png,22,22,490,490,0,0,468,160,5
DR_grading/train/007-0945-000.jpg,160_no_clahe/007-0945-000.png,8,3,506,512,0,5,509,160,0
DR_grading/train/007-6483-400.jpg,160_no_clahe/007-6483-400.png,0,22,2960,2935,23,0,2960,160,4
synthetic_ungradable/synth_ungradable_00000_bright.jpg,160_no_clahe/synth_ungradable_00000_bright.png,16,16,496,495,0,0,480,160,5
DR_grading/train/20170215142210754.jpg,160_no_clahe/20170215142210754.png,5,1,511,512,0,2,511,160,0
DR_grading/train/007-7701-601.jpg,160_no_clahe/007-7701-601.png,0,0,512,512,0,0,512,160,2
DR_grading/train/007-2745-100.jpg,160_no_clahe/007-2745-100.png,0,0,512,512,0,0,512,160,0
DR_grading/train/007-7025-400.jpg,160_no_clahe/007-7025-400.png,0,0,512,512,0,0,512,160,4
synthetic_ungradable/synth_ungradable_00082_blur.jpg,160_no_clahe/synth_ungradable_00082_blur.png,11,11,502,501,0,0,491,160,5
DR_grading/train/007-3253-100.jpg,160_no_clahe/007-3253-100.png,0,0,506,508,0,1,508,160,1
synthetic_ungradable/synth_ungradable_00676_bright.jpg,160_no_clahe/synth_ungradable_00676_bright.png,16,16,496,496,0,0,480,160,5
DR_grading/train/007-1433-000.jpg,160_no_clahe/007-1433-000.png,0,0,509,512,0,1,512,160,0
DR_grading/train/007-3110-100.jpg,160_no_clahe/007-3110-100.png,0,0,512,512,0,0,512,160,2
synthetic_ungradable/synth_ungradable_00770_blur.jpg,160_no_clahe/synth_ungradable_00770_blur.png,16,16,497,496,0,0,481,160,5
DR_grading/train/20170224220303302.jpg,160_no_clahe/20170224220303302.png,7,0,504,509,0,6,509,160,0
DR_grading/train/007-1925-100.jpg,160_no_clahe/007-1925-100.png,7,5,507,508,0,1,503,160,1
DR_grading/train/007-6910-400.jpg,160_no_clahe/007-6910-400.png,2,3,507,512,0,2,509,160,4
DR_grading/train/007-6878-400.jpg,160_no_clahe/007-6878-400.png,24,5,1931,1934,0,11,1929,160,4
synthetic_ungradable/synth_ungradable_00404_blur.jpg,160_no_clahe/synth_ungradable_00404_blur.png,14,14,500,499,0,0,486,160,5
DR_grading/train/20170221155007652.jpg,160_no_clahe/20170221155007652.png,0,0,512,512,0,0,512,160,0
DR_grading/train/007-3181-100.jpg,160_no_clahe/007-3181-100.png,6,4,506,505,0,0,501,160,1
DR_grading/train/007-4543-200.jpg,160_no_clahe/007-4543-200.png,1,0,512,512,0,0,512,160,2
synthetic_ungradable/synth_ungradable_00104_dark.jpg,160_no_clahe/synth_ungradable_00104_dark.png,20,20,492,493,0,0,473,160,5
synthetic_ungradable/synth_ungradable_00688_bright.jpg,160_no_clahe/synth_ungradable_00688_bright.png,17,16,496,496,0,0,480,160,5
DR_grading/train/007-7027-400.jpg,160_no_clahe/007-7027-400.png,0,0,512,512,0,0,512,160,4
synthetic_ungradable/synth_ungradable_00826_bright.jpg,160_no_clahe/synth_ungradable_00826_bright.png,18,16,496,496,0,1,480,160,5
synthetic_ungradable/synth_ungradable_00062_blur.jpg,160_no_clahe/synth_ungradable_00062_blur.png,13,13,501,500,0,0,488,160,5
synthetic_ungradable/synth_ungradable_00852_dark.jpg,160_no_clahe/synth_ungradable_00852_dark.png,19,19,494,494,0,0,475,160,5
DR_grading/train/007-1923-100.jpg,160_no_clahe/007-1923-100.png,7,5,505,512,0,4,507,160,2
synthetic_ungradable/synth_ungradable_00223_bright.jpg,160_no_clahe/synth_ungradable_00223_bright.png,24,24,488,488,0,0,464,160,5
synthetic_ungradable/synth_ungradable_00145_blur.jpg,160_no_clahe/synth_ungradable_00145_blur.png,14,14,499,499,0,0,485,160,5
DR_grading/train/007-2660-100.jpg,160_no_clahe/007-2660-100.png,0,0,512,512,0,0,512,160,2
synthetic_ungradable/synth_ungradable_00373_bright.jpg,160_no_clahe/synth_ungradable_00373_bright.png,17,16,496,496,0,0,480,160,5
DR_grading/train/20170223094729353.jpg,160_no_clahe/20170223094729353.png,8,8,505,505,0,0,497,160,0
DR_grading/train/20170407235248562.jpg,160_no_clahe/20170407235248562.png,7,0,504,504,0,3,504,160,0
DR_grading/train/20170323104718939.jpg,160_no_clahe/20170323104718939.png,52,35,1913,1897,0,0,1862,160,0
DR_grading/train/007-3004-100.jpg,160_no_clahe/007-3004-100.png,8,0,505,512,0,7,512,160,2
DR_grading/train/007-5556-300.jpg,160_no_clahe/007-5556-300.png,3,0,512,512,0,1,512,160,3
DR_grading/train/007-3398-200.jpg,160_no_clahe/007-3398-200.png,0,0,512,512,0,0,512,160,2
synthetic_ungradable/synth_ungradable_00009_blur.jpg,160_no_clahe/synth_ungradable_00009_blur.png,22,22,490,490,0,0,468,160,5
synthetic_ungradable/synth_ungradable_00449_blur.jpg,160_no_clahe/synth_ungradable_00449_blur.png,15,15,498,498,0,0,483,160,5
synthetic_ungradable/synth_ungradable_00708_bright.jpg,160_no_clahe/synth_ungradable_00708_bright.png,18,19,496,495,1,0,478,160,5
synthetic_ungradable/synth_ungradable_00255_blur.jpg,160_no_clahe/synth_ungradable_00255_blur.png,13,13,500,500,0,0,487,160,5
synthetic_ungradable/synth_ungradable_00882_blur.jpg,160_no_clahe/synth_ungradable_00882_blur.png,20,20,493,493,0,0,473,160,5
synthetic_ungradable/synth_ungradable_00389_blur.jpg,160_no_clahe/synth_ungradable_00389_blur.png,12,11,502,501,0,0,490,160,5
synthetic_ungradable/synth_ungradable_00908_dark.jpg,160_no_clahe/synth_ungradable_00908_dark.png,20,20,491,492,0,0,472,160,5
synthetic_ungradable/synth_ungradable_00924_dark.jpg,160_no_clahe/synth_ungradable_00924_dark.png,18,19,493,494,0,0,475,160,5
DR_grading/train/007-5828-300.jpg,160_no_clahe/007-5828-300.png,0,0,512,512,0,0,512,160,2
DR_grading/train/007-2158-100.jpg,160_no_clahe/007-2158-100.png,0,0,512,512,0,0,512,160,2
synthetic_ungradable/synth_ungradable_00460_bright.jpg,160_no_clahe/synth_ungradable_00460_bright.png,16,16,496,496,0,0,480,160,5
DR_grading/train/007-4028-200.jpg,160_no_clahe/007-4028-200.png,5,5,506,508,0,1,503,160,2
DR_grading/train/007-2111-100.jpg,160_no_clahe/007-2111-100.png,8,7,504,504,0,0,497,160,2
DR_grading/train/007-2137-100.jpg,160_no_clahe/007-2137-100.png,0,2,512,512,1,0,512,160,0
synthetic_ungradable/synth_ungradable_00958_dark.jpg,160_no_clahe/synth_ungradable_00958_dark.png,20,19,494,494,0,0,475,160,5
synthetic_ungradable/synth_ungradable_00501_dark.jpg,160_no_clahe/synth_ungradable_00501_dark.png,20,19,494,494,0,0,475,160,5
synthetic_ungradable/synth_ungradable_00739_dark.jpg,160_no_clahe/synth_ungradable_00739_dark.png,19,19,494,494,0,0,475,160,5
DR_grading/train/007-5630-300.jpg,160_no_clahe/007-5630-300.png,0,0,1380,1382,0,1,1382,160,2
synthetic_ungradable/synth_ungradable_00868_dark.jpg,160_no_clahe/synth_ungradable_00868_dark.png,19,19,494,494,0,0,475,160,5
synthetic_ungradable/synth_ungradable_00731_dark.jpg,160_no_clahe/synth_ungradable_00731_dark.png,20,20,492,493,0,0,473,160,5
synthetic_ungradable/synth_ungradable_00539_blur.jpg,160_no_clahe/synth_ungradable_00539_blur.png,23,22,490,489,0,0,467,160,5
DR_grading/train/007-0804-000.jpg,160_no_clahe/007-0804-000.png,0,0,512,512,0,0,512,160,0
synthetic_ungradable/synth_ungradable_00697_blur.jpg,160_no_clahe/synth_ungradable_00697_blur.png,14,14,500,500,0,0,486,160,5
DR_grading/train/007-5458-300.jpg,160_no_clahe/007-5458-300.png,8,7,504,507,0,2,500,160,2
DR_grading/train/007-8151-601.jpg,160_no_clahe/007-8151-601.png,6,4,507,506,0,0,502,160,0
DR_grading/train/007-6333-400.jpg,160_no_clahe/007-6333-400.png,4,6,510,506,3,0,506,160,4
DR_grading/train/20170206105408182.jpg,160_no_clahe/20170206105408182.png,141,19,2443,1979,171,0,2302,160,0
synthetic_ungradable/synth_ungradable_00372_blur.jpg,160_no_clahe/synth_ungradable_00372_blur.png,10,12,501,501,1,0,491,160,5
synthetic_ungradable/synth_ungradable_00667_dark.jpg,160_no_clahe/synth_ungradable_00667_dark.png,20,20,493,493,0,0,473,160,5
DR_grading/train/007-7164-400.jpg,160_no_clahe/007-7164-400.png,96,134,2920,2952,3,0,2824,160,4
synthetic_ungradable/synth_ungradable_00357_blur.jpg,160_no_clahe/synth_ungradable_00357_blur.png,22,22,490,490,0,0,468,160,5
synthetic_ungradable/synth_ungradable_00967_blur.jpg,160_no_clahe/synth_ungradable_00967_blur.png,17,16,496,495,0,0,479,160,5
synthetic_ungradable/synth_ungradable_00783_dark.jpg,160_no_clahe/synth_ungradable_00783_dark.png,19,19,494,494,0,0,475,160,5
synthetic_ungradable/synth_ungradable_00735_blur.jpg,160_no_clahe/synth_ungradable_00735_blur.png,14,14,499,499,0,0,485,160,5
DR_grading/train/007-4116-200.jpg,160_no_clahe/007-4116-200.png,4,4,507,511,0,2,507,160,2
synthetic_ungradable/synth_ungradable_00970_dark.jpg,160_no_clahe/synth_ungradable_00970_dark.png,19,19,494,494,0,0,475,160,5
DR_grading/train/007-5237-300.jpg,160_no_clahe/007-5237-300.png,0,8,2960,2935,16,0,2960,160,2
DR_grading/train/007-2860-100.jpg,160_no_clahe/007-2860-100.png,4,4,510,512,0,1,508,160,2
DR_grading/train/20170214101434814.jpg,160_no_clahe/20170214101434814.png,20,0,2104,2056,14,0,2084,160,0
DR_grading/train/007-3870-200.jpg,160_no_clahe/007-3870-200.png,8,9,504,504,0,0,496,160,2
DR_grading/train/007-2934-100.jpg,160_no_clahe/007-2934-100.png,0,0,510,512,0,1,512,160,2
DR_grading/train/007-8171-601.jpg,160_no_clahe/007-8171-601.png,8,0,512,508,0,2,508,160,2
DR_grading/train/20170406082747949.jpg,160_no_clahe/20170406082747949.png,8,8,504,507,0,1,499,160,0
DR_grading/train/007-5553-300.jpg,160_no_clahe/007-5553-300.png,8,0,509,512,0,5,512,160,2
DR_grading/train/007-6354-400.jpg,160_no_clahe/007-6354-400.png,422,97,3081,2239,258,0,2659,160,4
synthetic_ungradable/synth_ungradable_00885_blur.jpg,160_no_clahe/synth_ungradable_00885_blur.png,15,16,498,498,0,0,483,160,5
synthetic_ungradable/synth_ungradable_00079_blur.jpg,160_no_clahe/synth_ungradable_00079_blur.png,16,16,498,498,0,0,482,160,5
DR_grading/train/007-1460-000.jpg,160_no_clahe/007-1460-000.png,0,0,512,512,0,0,512,160,0
synthetic_ungradable/synth_ungradable_00814_blur.jpg,160_no_clahe/synth_ungradable_00814_blur.png,15,15,500,512,0,6,497,160,5
DR_grading/train/20170323093944125.jpg,160_no_clahe/20170323093944125.png,6,0,510,512,0,4,512,160,0
synthetic_ungradable/synth_ungradable_00671_bright.jpg,160_no_clahe/synth_ungradable_00671_bright.png,18,16,492,494,0,2,478,160,5
DR_grading/train/20170408225147906.jpg,160_no_clahe/20170408225147906.png,4,0,505,511,0,5,511,160,0
synthetic_ungradable/synth_ungradable_00057_dark.jpg,160_no_clahe/synth_ungradable_00057_dark.png,27,27,486,485,0,0,459,160,5
synthetic_ungradable/synth_ungradable_00133_blur.jpg,160_no_clahe/synth_ungradable_00133_blur.png,11,12,501,501,0,0,490,160,5
DR_grading/train/20170207174505090.jpg,160_no_clahe/20170207174505090.png,8,8,508,504,2,0,500,160,0
synthetic_ungradable/synth_ungradable_00933_blur.jpg,160_no_clahe/synth_ungradable_00933_blur.png,11,12,502,502,0,0,491,160,5
DR_grading/train/007-6089-300.jpg,160_no_clahe/007-6089-300.png,0,0,512,512,0,0,512,160,2
synthetic_ungradable/synth_ungradable_00823_blur.jpg,160_no_clahe/synth_ungradable_00823_blur.png,11,11,502,502,0,0,491,160,5
DR_grading/train/007-2456-100.jpg,160_no_clahe/007-2456-100.png,251,0,2344,1944,74,0,2093,160,1
synthetic_ungradable/synth_ungradable_00504_blur.jpg,160_no_clahe/synth_ungradable_00504_blur.png,14,14,499,499,0,0,485,160,5
DR_grading/train/20170408213251773.jpg,160_no_clahe/20170408213251773.png,7,0,504,506,0,4,506,160,0
synthetic_ungradable/synth_ungradable_00347_bright.jpg,160_no_clahe/synth_ungradable_00347_bright.png,17,17,496,496,0,0,479,160,5
synthetic_ungradable/synth_ungradable_00386_dark.jpg,160_no_clahe/synth_ungradable_00386_dark.png,19,19,494,494,0,0,475,160,5
DR_grading/train/007-1175-000.jpg,160_no_clahe/007-1175-000.png,4,0,512,512,0,2,512,160,0
synthetic_ungradable/synth_ungradable_00894_dark.jpg,160_no_clahe/synth_ungradable_00894_dark.png,20,19,494,494,0,0,475,160,5
synthetic_ungradable/synth_ungradable_00828_dark.jpg,160_no_clahe/synth_ungradable_00828_dark.png,21,21,491,491,0,0,470,160,5
DR_grading/train/007-5479-300.jpg,160_no_clahe/007-5479-300.png,9,8,504,504,0,0,496,160,2
synthetic_ungradable/synth_ungradable_00475_dark.jpg,160_no_clahe/synth_ungradable_00475_dark.png,19,19,494,494,0,0,475,160,5
DR_grading/train/20170328145703859.jpg,160_no_clahe/20170328145703859.png,8,8,504,504,0,0,496,160,0
DR_grading/train/007-7106-400.jpg,160_no_clahe/007-7106-400.png,8,7,504,505,0,1,498,160,4
DR_grading/train/20170224111214174.jpg,160_no_clahe/20170224111214174.png,8,6,504,504,0,1,498,160,0
synthetic_ungradable/synth_ungradable_00652_bright.jpg,160_no_clahe/synth_ungradable_00652_bright.png,19,16,496,496,0,1,480,160,5
synthetic_ungradable/synth_ungradable_00172_dark.jpg,160_no_clahe/synth_ungradable_00172_dark.png,19,19,494,494,0,0,475,160,5
DR_grading/train/007-4799-300.jpg,160_no_clahe/007-4799-300.png,22,0,1448,1137,144,0,1426,160,2
synthetic_ungradable/synth_ungradable_00038_blur.jpg,160_no_clahe/synth_ungradable_00038_blur.png,14,14,507,499,4,0,493,160,5
synthetic_ungradable/synth_ungradable_00713_blur.jpg,160_no_clahe/synth_ungradable_00713_blur.png,23,23,489,489,0,0,466,160,5
synthetic_ungradable/synth_ungradable_00090_blur.jpg,160_no_clahe/synth_ungradable_00090_blur.png,18,18,494,494,0,0,476,160,5
DR_grading/train/007-8805-605.jpg,160_no_clahe/007-8805-605.png,0,0,510,512,0,1,512,160,4
DR_grading/train/007-3805-200.jpg,160_no_clahe/007-3805-200.png,8,0,505,506,0,4,506,160,2
synthetic_ungradable/synth_ungradable_00875_blur.jpg,160_no_clahe/synth_ungradable_00875_blur.png,18,18,493,494,0,0,476,160,5
DR_grading/train/20170227160255086.jpg,160_no_clahe/20170227160255086.png,8,7,504,505,0,1,498,160,0
DR_grading/train/007-2969-100.jpg,160_no_clahe/007-2969-100.png,0,0,512,512,0,0,512,160,2
DR_grading/train/007-0587-000.jpg,160_no_clahe/007-0587-000.png,0,0,512,512,0,0,512,160,0
DR_grading/train/007-7051-400.jpg,160_no_clahe/007-7051-400.png,5,0,506,512,0,5,512,160,2
DR_grading/train/007-6885-400.jpg,160_no_clahe/007-6885-400.png,0,0,3504,2336,584,0,3504,160,4
DR_grading/train/007-3132-100.jpg,160_no_clahe/007-3132-100.png,0,0,512,512,0,0,512,160,1
synthetic_ungradable/synth_ungradable_00499_blur.jpg,160_no_clahe/synth_ungradable_00499_blur.png,15,15,498,498,0,0,483,160,5
synthetic_ungradable/synth_ungradable_00338_blur.jpg,160_no_clahe/synth_ungradable_00338_blur.png,18,18,494,494,0,0,476,160,5
DR_grading/train/007-7198-400.jpg,160_no_clahe/007-7198-400.png,0,0,512,512,0,0,512,160,4
synthetic_ungradable/synth_ungradable_00028_blur.jpg,160_no_clahe/synth_ungradable_00028_blur.png,13,14,512,512,0,0,499,160,5
DR_grading/train/007-7166-400.jpg,160_no_clahe/007-7166-400.png,47,119,2928,2952,24,0,2881,160,4
DR_grading/train/20170222150401576.jpg,160_no_clahe/20170222150401576.png,8,7,504,504,0,0,497,160,0
DR_grading/train/007-0697-000.jpg,160_no_clahe/007-0697-000.png,8,8,504,504,0,0,496,160,0
synthetic_ungradable/synth_ungradable_00945_blur.jpg,160_no_clahe/synth_ungradable_00945_blur.png,11,11,501,501,0,0,490,160,5
synthetic_ungradable/synth_ungradable_00169_blur.jpg,160_no_clahe/synth_ungradable_00169_blur.png,18,19,493,493,0,0,475,160,5
DR_grading/train/007-4235-200.jpg,160_no_clahe/007-4235-200.png,0,0,512,512,0,0,512,160,2
DR_grading/train/007-0822-000.jpg,160_no_clahe/007-0822-000.png,0,0,512,512,0,0,512,160,0
DR_grading/train/20170226083551331.jpg,160_no_clahe/20170226083551331.png,141,19,2441,1979,170,0,2300,160,0
DR_grading/train/007-2887-100.jpg,160_no_clahe/007-2887-100.png,8,5,504,504,0,1,499,160,2
synthetic_ungradable/synth_ungradable_00912_blur.jpg,160_no_clahe/synth_ungradable_00912_blur.png,16,17,495,496,0,0,479,160,5
synthetic_ungradable/synth_ungradable_00491_dark.jpg,160_no_clahe/synth_ungradable_00491_dark.png,20,19,494,494,0,0,475,160,5
synthetic_ungradable/synth_ungradable_00953_blur.jpg,160_no_clahe/synth_ungradable_00953_blur.png,14,14,498,498,0,0,484,160,5
DR_grading/train/20170324095301169.jpg,160_no_clahe/20170324095301169.png,4,0,510,512,0,3,512,160,0
DR_grading/train/007-4431-200.jpg,160_no_clahe/007-4431-200.png,5,3,505,512,0,4,509,160,2
synthetic_ungradable/synth_ungradable_00587_bright.jpg,160_no_clahe/synth_ungradable_00587_bright.png,16,17,496,496,0,0,480,160,5
synthetic_ungradable/synth_ungradable_00750_blur.jpg,160_no_clahe/synth_ungradable_00750_blur.png,12,13,501,501,0,0,489,160,5
synthetic_ungradable/synth_ungradable_00657_blur.jpg,160_no_clahe/synth_ungradable_00657_blur.png,11,10,502,501,0,0,491,160,5
synthetic_ungradable/synth_ungradable_00234_blur.jpg,160_no_clahe/synth_ungradable_00234_blur.png,22,22,490,490,0,0,468,160,5
synthetic_ungradable/synth_ungradable_00732_blur.jpg,160_no_clahe/synth_ungradable_00732_blur.png,14,14,499,499,0,0,485,160,5
DR_grading/train/007-5602-300.jpg,160_no_clahe/007-5602-300.png,0,0,1380,1382,0,1,1382,160,3
DR_grading/train/007-0123-000.jpg,160_no_clahe/007-0123-000.png,6,4,508,510,0,2,506,160,0
DR_grading/train/20170328101707998.jpg,160_no_clahe/20170328101707998.png,8,0,505,512,0,7,512,160,0
DR_grading/train/007-7901-601.jpg,160_no_clahe/007-7901-601.png,62,0,1480,1152,133,0,1418,160,0
DR_grading/train/007-7263-400.jpg,160_no_clahe/007-7263-400.png,5,0,512,512,0,2,512,160,4
DR_grading/train/007-6977-400.jpg,160_no_clahe/007-6977-400.png,0,0,504,512,0,4,512,160,4
synthetic_ungradable/synth_ungradable_00934_dark.jpg,160_no_clahe/synth_ungradable_00934_dark.png,26,26,487,487,0,0,461,160,5
DR_grading/train/20170324095037893.jpg,160_no_clahe/20170324095037893.png,6,0,504,510,0,6,510,160,0
DR_grading/train/20161118155836727.jpg,160_no_clahe/20161118155836727.png,348,19,2620,1979,156,0,2272,160,0
synthetic_ungradable/synth_ungradable_00108_dark.jpg,160_no_clahe/synth_ungradable_00108_dark.png,19,19,494,494,0,0,475,160,5
DR_grading/train/007-3412-200.jpg,160_no_clahe/007-3412-200.png,6,5,507,512,0,3,507,160,2
synthetic_ungradable/synth_ungradable_00568_dark.jpg,160_no_clahe/synth_ungradable_00568_dark.png,16,19,494,494,1,0,478,160,5
DR_grading/train/007-2039-100.jpg,160_no_clahe/007-2039-100.png,4,6,506,512,0,2,506,160,2
DR_grading/train/007-6750-400.jpg,160_no_clahe/007-6750-400.png,0,0,512,512,0,0,512,160,4
synthetic_ungradable/synth_ungradable_00890_bright.jpg,160_no_clahe/synth_ungradable_00890_bright.png,16,17,496,496,0,0,480,160,5
synthetic_ungradable/synth_ungradable_00947_blur.jpg,160_no_clahe/synth_ungradable_00947_blur.png,14,14,499,505,0,3,491,160,5
DR_grading/train/20170208102039256.jpg,160_no_clahe/20170208102039256.png,0,0,512,512,0,0,512,160,0
DR_grading/train/007-4072-200.jpg,160_no_clahe/007-4072-200.png,0,0,512,512,0,0,512,160,3
DR_grading/train/007-0599-000.jpg,160_no_clahe/007-0599-000.png,0,0,512,512,0,0,512,160,0
DR_grading/train/007-6583-400.jpg,160_no_clahe/007-6583-400.png,8,5,504,504,0,1,499,160,4
synthetic_ungradable/synth_ungradable_00884_blur.jpg,160_no_clahe/synth_ungradable_00884_blur.png,21,20,491,491,0,0,471,160,5
DR_grading/train/007-4970-300.jpg,160_no_clahe/007-4970-300.png,6,1,506,506,0,2,505,160,2
synthetic_ungradable/synth_ungradable_00850_blur.jpg,160_no_clahe/synth_ungradable_00850_blur.png,13,13,500,500,0,0,487,160,5
synthetic_ungradable/synth_ungradable_00734_blur.jpg,160_no_clahe/synth_ungradable_00734_blur.png,18,18,494,494,0,0,476,160,5
synthetic_ungradable/synth_ungradable_00717_blur.jpg,160_no_clahe/synth_ungradable_00717_blur.png,12,3,501,502,0,5,499,160,5
synthetic_ungradable/synth_ungradable_00454_blur.jpg,160_no_clahe/synth_ungradable_00454_blur.png,14,14,499,499,0,0,485,160,5
synthetic_ungradable/synth_ungradable_00264_blur.jpg,160_no_clahe/synth_ungradable_00264_blur.png,19,19,493,494,0,0,475,160,5
synthetic_ungradable/synth_ungradable_00075_blur.jpg,160_no_clahe/synth_ungradable_00075_blur.png,16,16,497,497,0,0,481,160,5
DR_grading/train/20170327173128689.jpg,160_no_clahe/20170327173128689.png,6,5,504,504,0,0,499,160,0
synthetic_ungradable/synth_ungradable_00444_bright.jpg,160_no_clahe/synth_ungradable_00444_bright.png,16,16,496,496,0,0,480,160,5
synthetic_ungradable/synth_ungradable_00395_dark.jpg,160_no_clahe/synth_ungradable_00395_dark.png,20,20,493,493,0,0,473,160,5
synthetic_ungradable/synth_ungradable_00176_bright.jpg,160_no_clahe/synth_ungradable_00176_bright.png,16,16,496,495,0,0,480,160,5
DR_grading/train/20170323085948932.jpg,160_no_clahe/20170323085948932.png,8,8,504,504,0,0,496,160,0
DR_grading/train/20170327100837150.jpg,160_no_clahe/20170327100837150.png,5,1,506,512,0,5,511,160,0
DR_grading/train/007-0640-000.jpg,160_no_clahe/007-0640-000.png,8,9,505,504,1,0,497,160,0
DR_grading/train/007-7006-400.jpg,160_no_clahe/007-7006-400.png,0,0,512,512,0,0,512,160,4
synthetic_ungradable/synth_ungradable_00595_bright.jpg,160_no_clahe/synth_ungradable_00595_bright.png,17,16,495,494,0,0,478,160,5
synthetic_ungradable/synth_ungradable_00061_dark.jpg,160_no_clahe/synth_ungradable_00061_dark.png,28,28,483,484,0,0,456,160,5
DR_grading/train/007-4495-200.jpg,160_no_clahe/007-4495-200.png,3,0,508,512,0,3,512,160,2
synthetic_ungradable/synth_ungradable_00872_blur.jpg,160_no_clahe/synth_ungradable_00872_blur.png,13,12,512,501,5,0,499,160,5
DR_grading/train/007-5142-300.jpg,160_no_clahe/007-5142-300.png,295,5,2010,1722,0,1,1717,160,2
DR_grading/train/20170215091730330.jpg,160_no_clahe/20170215091730330.png,8,7,504,507,0,2,500,160,0
synthetic_ungradable/synth_ungradable_00278_blur.jpg,160_no_clahe/synth_ungradable_00278_blur.png,14,14,499,499,0,0,485,160,5
synthetic_ungradable/synth_ungradable_00036_bright.jpg,160_no_clahe/synth_ungradable_00036_bright.png,16,17,496,494,1,0,480,160,5
DR_grading/train/007-0432-000.jpg,160_no_clahe/007-0432-000.png,38,19,2431,1885,263,0,2393,160,0
synthetic_ungradable/synth_ungradable_00662_blur.jpg,160_no_clahe/synth_ungradable_00662_blur.png,16,16,497,497,0,0,481,160,5
DR_grading/train/007-6767-400.jpg,160_no_clahe/007-6767-400.png,0,0,2270,1920,175,0,2270,160,4
DR_grading/train/20170324083949673.jpg,160_no_clahe/20170324083949673.png,3,1,508,512,0,3,511,160,0
synthetic_ungradable/synth_ungradable_00977_blur.jpg,160_no_clahe/synth_ungradable_00977_blur.png,13,12,500,499,0,0,487,160,5
DR_grading/train/20170227165345933.jpg,160_no_clahe/20170227165345933.png,7,7,505,505,0,0,498,160,0
synthetic_ungradable/synth_ungradable_00738_bright.jpg,160_no_clahe/synth_ungradable_00738_bright.png,16,16,496,496,0,0,480,160,5
synthetic_ungradable/synth_ungradable_00191_blur.jpg,160_no_clahe/synth_ungradable_00191_blur.png,19,19,493,493,0,0,474,160,5
synthetic_ungradable/synth_ungradable_00919_blur.jpg,160_no_clahe/synth_ungradable_00919_blur.png,21,22,491,490,1,0,470,160,5
synthetic_ungradable/synth_ungradable_00456_bright.jpg,160_no_clahe/synth_ungradable_00456_bright.png,6,18,496,494,7,0,490,160,5
synthetic_ungradable/synth_ungradable_00675_bright.jpg,160_no_clahe/synth_ungradable_00675_bright.png,18,16,494,491,0,0,476,160,5
synthetic_ungradable/synth_ungradable_00760_dark.jpg,160_no_clahe/synth_ungradable_00760_dark.png,20,19,494,494,0,0,475,160,5
DR_grading/train/007-2824-100.jpg,160_no_clahe/007-2824-100.png,8,0,512,512,0,4,512,160,1
DR_grading/train/20170227112324405.jpg,160_no_clahe/20170227112324405.png,7,5,506,504,0,0,499,160,0
synthetic_ungradable/synth_ungradable_00728_bright.jpg,160_no_clahe/synth_ungradable_00728_bright.png,16,16,496,496,0,0,480,160,5
synthetic_ungradable/synth_ungradable_00412_dark.jpg,160_no_clahe/synth_ungradable_00412_dark.png,20,20,492,493,0,0,473,160,5
DR_grading/train/007-0940-000.jpg,160_no_clahe/007-0940-000.png,8,1,506,510,0,5,509,160,0
synthetic_ungradable/synth_ungradable_00825_blur.jpg,160_no_clahe/synth_ungradable_00825_blur.png,15,6,498,498,0,4,492,160,5
DR_grading/train/20170221103828836.jpg,160_no_clahe/20170221103828836.png,0,0,512,512,0,0,512,160,0
synthetic_ungradable/synth_ungradable_00616_bright.jpg,160_no_clahe/synth_ungradable_00616_bright.png,16,18,496,495,1,0,480,160,5
synthetic_ungradable/synth_ungradable_00114_blur.jpg,160_no_clahe/synth_ungradable_00114_blur.png,17,16,495,495,0,0,479,160,5
synthetic_ungradable/synth_ungradable_00417_blur.jpg,160_no_clahe/synth_ungradable_00417_blur.png,12,14,499,505,0,2,491,160,5
DR_grading/train/20170120221359397.jpg,160_no_clahe/20170120221359397.png,6,0,505,504,0,2,504,160,0
synthetic_ungradable/synth_ungradable_00969_blur.jpg,160_no_clahe/synth_ungradable_00969_blur.png,22,22,490,490,0,0,468,160,5
synthetic_ungradable/synth_ungradable_00604_dark.jpg,160_no_clahe/synth_ungradable_00604_dark.png,20,21,503,492,6,0,483,160,5
DR_grading/train/007-7152-400.jpg,160_no_clahe/007-7152-400.png,40,32,1921,1928,0,7,1896,160,4
synthetic_ungradable/synth_ungradable_00089_blur.jpg,160_no_clahe/synth_ungradable_00089_blur.png,14,14,498,498,0,0,484,160,5
synthetic_ungradable/synth_ungradable_00848_bright.jpg,160_no_clahe/synth_ungradable_00848_bright.png,16,17,495,496,0,0,479,160,5
DR_grading/train/20170314170514447.jpg,160_no_clahe/20170314170514447.png,8,1,504,504,0,3,503,160,0
DR_grading/train/007-4838-300.jpg,160_no_clahe/007-4838-300.png,8,0,507,508,0,4,508,160,2
synthetic_ungradable/synth_ungradable_00753_blur.jpg,160_no_clahe/synth_ungradable_00753_blur.png,13,12,500,500,0,0,488,160,5
synthetic_ungradable/synth_ungradable_00498_blur.jpg,160_no_clahe/synth_ungradable_00498_blur.png,19,19,493,493,0,0,474,160,5
DR_grading/train/20170406115405680.jpg,160_no_clahe/20170406115405680.png,8,3,505,504,0,2,501,160,0
DR_grading/train/007-5230-300.jpg,160_no_clahe/007-5230-300.png,20,16,2960,2935,10,0,2940,160,2
synthetic_ungradable/synth_ungradable_00011_bright.jpg,160_no_clahe/synth_ungradable_00011_bright.png,17,19,496,496,1,0,479,160,5
synthetic_ungradable/synth_ungradable_00396_blur.jpg,160_no_clahe/synth_ungradable_00396_blur.png,12,12,501,501,0,0,489,160,5
synthetic_ungradable/synth_ungradable_00284_bright.jpg,160_no_clahe/synth_ungradable_00284_bright.png,16,17,495,495,0,0,479,160,5
DR_grading/train/007-3286-200.jpg,160_no_clahe/007-3286-200.png,23,0,1448,1137,144,0,1425,160,3
DR_grading/train/007-2426-100.jpg,160_no_clahe/007-2426-100.png,5,6,504,506,0,0,500,160,2
DR_grading/train/007-6186-300.jpg,160_no_clahe/007-6186-300.png,0,0,512,512,0,0,512,160,2
synthetic_ungradable/synth_ungradable_00690_dark.jpg,160_no_clahe/synth_ungradable_00690_dark.png,20,19,494,494,0,0,475,160,5
DR_grading/train/007-4648-200.jpg,160_no_clahe/007-4648-200.png,6,7,507,505,1,0,501,160,2
DR_grading/train/007-3817-200.jpg,160_no_clahe/007-3817-200.png,464,48,2801,2352,16,0,2337,160,2
synthetic_ungradable/synth_ungradable_00689_blur.jpg,160_no_clahe/synth_ungradable_00689_blur.png,14,11,500,499,0,1,488,160,5
synthetic_ungradable/synth_ungradable_00851_bright.jpg,160_no_clahe/synth_ungradable_00851_bright.png,17,18,496,495,1,0,479,160,5
synthetic_ungradable/synth_ungradable_00159_dark.jpg,160_no_clahe/synth_ungradable_00159_dark.png,26,27,485,485,0,0,459,160,5
synthetic_ungradable/synth_ungradable_00895_blur.jpg,160_no_clahe/synth_ungradable_00895_blur.png,16,16,498,498,0,0,482,160,5
DR_grading/train/007-4759-200.jpg,160_no_clahe/007-4759-200.png,1,0,510,512,0,1,512,160,2
synthetic_ungradable/synth_ungradable_00257_blur.jpg,160_no_clahe/synth_ungradable_00257_blur.png,18,19,493,493,0,0,475,160,5
synthetic_ungradable/synth_ungradable_00335_bright.jpg,160_no_clahe/synth_ungradable_00335_bright.png,16,17,496,496,0,0,480,160,5
DR_grading/train/007-2680-100.jpg,160_no_clahe/007-2680-100.png,0,0,512,512,0,0,512,160,2
DR_grading/train/007-2330-100.jpg,160_no_clahe/007-2330-100.png,6,4,506,512,0,4,508,160,2
synthetic_ungradable/synth_ungradable_00515_bright.jpg,160_no_clahe/synth_ungradable_00515_bright.png,17,17,496,496,0,0,479,160,5
DR_grading/train/20170209134240203.jpg,160_no_clahe/20170209134240203.png,8,8,504,504,0,0,496,160,0
DR_grading/train/007-3531-200.jpg,160_no_clahe/007-3531-200.png,6,6,506,507,0,0,501,160,2
synthetic_ungradable/synth_ungradable_00768_bright.jpg,160_no_clahe/synth_ungradable_00768_bright.png,14,16,496,496,1,0,482,160,5
DR_grading/train/007-7534-601.jpg,160_no_clahe/007-7534-601.png,7,0,512,512,0,3,512,160,2
synthetic_ungradable/synth_ungradable_00761_blur.jpg,160_no_clahe/synth_ungradable_00761_blur.png,17,17,496,495,0,0,479,160,5
DR_grading/train/007-5579-300.jpg,160_no_clahe/007-5579-300.png,0,0,1380,1382,0,1,1382,160,2
DR_grading/train/007-3988-200.jpg,160_no_clahe/007-3988-200.png,0,0,512,512,0,0,512,160,2
DR_grading/train/007-7255-400.jpg,160_no_clahe/007-7255-400.png,0,0,2464,1632,416,0,2464,160,4
DR_grading/train/20170324140245887.jpg,160_no_clahe/20170324140245887.png,9,7,504,504,0,1,497,160,0
synthetic_ungradable/synth_ungradable_00521_blur.jpg,160_no_clahe/synth_ungradable_00521_blur.png,15,15,498,498,0,0,483,160,5
synthetic_ungradable/synth_ungradable_00022_bright.jpg,160_no_clahe/synth_ungradable_00022_bright.png,16,17,496,496,0,0,480,160,5
synthetic_ungradable/synth_ungradable_00356_blur.jpg,160_no_clahe/synth_ungradable_00356_blur.png,11,12,501,502,0,0,490,160,5
DR_grading/train/007-2310-100.jpg,160_no_clahe/007-2310-100.png,4,1,507,511,0,3,510,160,2
DR_grading/train/20170323094905895.jpg,160_no_clahe/20170323094905895.png,4,2,509,511,0,2,509,160,0
DR_grading/train/007-5334-300.jpg,160_no_clahe/007-5334-300.png,8,0,505,506,0,4,506,160,3
synthetic_ungradable/synth_ungradable_00340_bright.jpg,160_no_clahe/synth_ungradable_00340_bright.png,18,19,494,493,1,0,476,160,5
synthetic_ungradable/synth_ungradable_00431_bright.jpg,160_no_clahe/synth_ungradable_00431_bright.png,16,17,496,495,1,0,480,160,5
synthetic_ungradable/synth_ungradable_00473_dark.jpg,160_no_clahe/synth_ungradable_00473_dark.png,20,19,494,494,0,0,475,160,5
synthetic_ungradable/synth_ungradable_00217_dark.jpg,160_no_clahe/synth_ungradable_00217_dark.png,19,19,496,494,1,0,477,160,5
synthetic_ungradable/synth_ungradable_00911_blur.jpg,160_no_clahe/synth_ungradable_00911_blur.png,22,22,490,490,0,0,468,160,5
DR_grading/train/007-2355-100.jpg,160_no_clahe/007-2355-100.png,4,2,508,512,0,3,510,160,2
DR_grading/train/007-6676-400.jpg,160_no_clahe/007-6676-400.png,0,0,1380,1382,0,1,1382,160,4
DR_grading/train/20170228225523381.jpg,160_no_clahe/20170228225523381.png,425,107,3078,2227,266,0,2653,160,0
DR_grading/train/007-5516-300.jpg,160_no_clahe/007-5516-300.png,242,0,2351,1944,82,0,2109,160,2
synthetic_ungradable/synth_ungradable_00093_bright.jpg,160_no_clahe/synth_ungradable_00093_bright.png,17,16,496,496,0,0,480,160,5
DR_grading/train/20170217172406226.jpg,160_no_clahe/20170217172406226.png,4,0,512,510,0,1,510,160,0
DR_grading/train/007-5255-300.jpg,160_no_clahe/007-5255-300.png,6,0,505,504,0,2,504,160,2
DR_grading/train/007-0851-000.jpg,160_no_clahe/007-0851-000.png,0,0,512,512,0,0,512,160,2
DR_grading/train/007-1981-100.jpg,160_no_clahe/007-1981-100.png,7,7,505,504,0,0,498,160,0
DR_grading/train/007-1268-000.jpg,160_no_clahe/007-1268-000.png,0,3,512,512,1,0,512,160,0
synthetic_ungradable/synth_ungradable_00696_blur.jpg,160_no_clahe/synth_ungradable_00696_blur.png,16,16,497,497,0,0,481,160,5
DR_grading/train/007-6255-300.jpg,160_no_clahe/007-6255-300.png,2,0,505,504,0,0,504,160,2
synthetic_ungradable/synth_ungradable_00996_bright.jpg,160_no_clahe/synth_ungradable_00996_bright.png,18,16,496,496,0,1,480,160,5
synthetic_ungradable/synth_ungradable_00153_blur.jpg,160_no_clahe/synth_ungradable_00153_blur.png,14,14,499,499,0,0,485,160,5
DR_grading/train/007-6687-400.jpg,160_no_clahe/007-6687-400.png,0,0,1380,1381,0,0,1381,160,4
DR_grading/train/007-0510-000.jpg,160_no_clahe/007-0510-000.png,8,6,504,504,0,1,498,160,0
DR_grading/train/007-2477-100.jpg,160_no_clahe/007-2477-100.png,250,0,2343,1944,74,0,2093,160,2
synthetic_ungradable/synth_ungradable_00789_dark.jpg,160_no_clahe/synth_ungradable_00789_dark.png,24,24,488,488,0,0,464,160,5
synthetic_ungradable/synth_ungradable_00580_blur.jpg,160_no_clahe/synth_ungradable_00580_blur.png,14,14,498,505,0,3,491,160,5
synthetic_ungradable/synth_ungradable_00703_dark.jpg,160_no_clahe/synth_ungradable_00703_dark.png,19,19,494,494,0,0,475,160,5
DR_grading/train/007-5636-300.jpg,160_no_clahe/007-5636-300.png,0,0,1380,1382,0,1,1382,160,2
DR_grading/train/007-0096-000.jpg,160_no_clahe/007-0096-000.png,2,2,508,512,0,2,510,160,1
DR_grading/train/007-6361-400.jpg,160_no_clahe/007-6361-400.png,5,6,505,506,0,0,500,160,4
DR_grading/train/007-5300-300.jpg,160_no_clahe/007-5300-300.png,8,5,504,504,0,1,499,160,2
synthetic_ungradable/synth_ungradable_00487_dark.jpg,160_no_clahe/synth_ungradable_00487_dark.png,21,21,491,491,0,0,470,160,5
synthetic_ungradable/synth_ungradable_00559_dark.jpg,160_no_clahe/synth_ungradable_00559_dark.png,27,26,486,485,0,0,459,160,5
DR_grading/train/007-4341-200.jpg,160_no_clahe/007-4341-200.png,8,8,504,504,0,0,496,160,2
DR_grading/train/007-4693-200.jpg,160_no_clahe/007-4693-200.png,0,0,512,512,0,0,512,160,2
synthetic_ungradable/synth_ungradable_00801_blur.jpg,160_no_clahe/synth_ungradable_00801_blur.png,14,14,499,499,0,0,485,160,5
synthetic_ungradable/synth_ungradable_00512_blur.jpg,160_no_clahe/synth_ungradable_00512_blur.png,14,14,498,498,0,0,484,160,5
synthetic_ungradable/synth_ungradable_00633_blur.jpg,160_no_clahe/synth_ungradable_00633_blur.png,14,14,499,499,0,0,485,160,5
DR_grading/train/007-2178-100.jpg,160_no_clahe/007-2178-100.png,0,0,512,512,0,0,512,160,2
DR_grading/train/20170221145500161.jpg,160_no_clahe/20170221145500161.png,8,8,504,505,0,0,497,160,0
DR_grading/train/20170226205347603.jpg,160_no_clahe/20170226205347603.png,8,2,504,504,0,3,502,160,0
DR_grading/train/007-2114-100.jpg,160_no_clahe/007-2114-100.png,0,0,508,512,0,2,512,160,2
synthetic_ungradable/synth_ungradable_00790_blur.jpg,160_no_clahe/synth_ungradable_00790_blur.png,12,12,501,501,0,0,489,160,5
synthetic_ungradable/synth_ungradable_00116_dark.jpg,160_no_clahe/synth_ungradable_00116_dark.png,19,19,494,494,0,0,475,160,5
synthetic_ungradable/synth_ungradable_00740_bright.jpg,160_no_clahe/synth_ungradable_00740_bright.png,18,16,496,495,0,0,479,160,5
DR_grading/train/007-4887-300.jpg,160_no_clahe/007-4887-300.png,0,0,512,512,0,0,512,160,2
DR_grading/train/007-0483-000.jpg,160_no_clahe/007-0483-000.png,7,1,504,504,0,3,503,160,0
synthetic_ungradable/synth_ungradable_00830_blur.jpg,160_no_clahe/synth_ungradable_00830_blur.png,18,18,494,495,0,0,477,160,5
synthetic_ungradable/synth_ungradable_00119_blur.jpg,160_no_clahe/synth_ungradable_00119_blur.png,16,16,497,496,0,0,481,160,5
synthetic_ungradable/synth_ungradable_00656_dark.jpg,160_no_clahe/synth_ungradable_00656_dark.png,22,22,492,490,1,0,470,160,5
DR_grading/train/007-1497-000.jpg,160_no_clahe/007-1497-000.png,0,0,512,512,0,0,512,160,0
synthetic_ungradable/synth_ungradable_00635_blur.jpg,160_no_clahe/synth_ungradable_00635_blur.png,12,11,501,501,0,0,490,160,5
synthetic_ungradable/synth_ungradable_00369_blur.jpg,160_no_clahe/synth_ungradable_00369_blur.png,0,14,499,499,7,0,499,160,5
synthetic_ungradable/synth_ungradable_00268_dark.jpg,160_no_clahe/synth_ungradable_00268_dark.png,20,19,493,494,0,1,475,160,5
synthetic_ungradable/synth_ungradable_00655_blur.jpg,160_no_clahe/synth_ungradable_00655_blur.png,20,20,492,492,0,0,472,160,5
synthetic_ungradable/synth_ungradable_00935_dark.jpg,160_no_clahe/synth_ungradable_00935_dark.png,19,19,494,494,0,0,475,160,5
synthetic_ungradable/synth_ungradable_00822_dark.jpg,160_no_clahe/synth_ungradable_00822_dark.png,19,19,494,494,0,0,475,160,5
synthetic_ungradable/synth_ungradable_00866_blur.jpg,160_no_clahe/synth_ungradable_00866_blur.png,13,13,503,501,1,0,490,160,5
synthetic_ungradable/synth_ungradable_00046_blur.jpg,160_no_clahe/synth_ungradable_00046_blur.png,14,14,499,499,0,0,485,160,5
DR_grading/train/007-6997-400.jpg,160_no_clahe/007-6997-400.png,335,96,1697,1461,0,1,1365,160,4
DR_grading/train/007-5943-300.jpg,160_no_clahe/007-5943-300.png,8,5,504,504,0,1,499,160,2
synthetic_ungradable/synth_ungradable_00991_dark.jpg,160_no_clahe/synth_ungradable_00991_dark.png,19,9,494,494,0,5,485,160,5
synthetic_ungradable/synth_ungradable_00876_blur.jpg,160_no_clahe/synth_ungradable_00876_blur.png,20,20,492,492,0,0,472,160,5
synthetic_ungradable/synth_ungradable_00773_blur.jpg,160_no_clahe/synth_ungradable_00773_blur.png,13,13,500,500,0,0,487,160,5
DR_grading/train/007-2367-100.jpg,160_no_clahe/007-2367-100.png,8,8,506,505,0,0,498,160,1
DR_grading/train/007-6016-300.jpg,160_no_clahe/007-6016-300.png,4,6,510,512,0,0,506,160,2
synthetic_ungradable/synth_ungradable_00004_dark.jpg,160_no_clahe/synth_ungradable_00004_dark.png,22,22,490,491,0,0,469,160,5
DR_grading/train/007-2451-100.jpg,160_no_clahe/007-2451-100.png,251,0,2342,1944,73,0,2091,160,1
DR_grading/train/20170227083936461.jpg,160_no_clahe/20170227083936461.png,8,8,504,504,0,0,496,160,0
synthetic_ungradable/synth_ungradable_00263_blur.jpg,160_no_clahe/synth_ungradable_00263_blur.png,15,15,509,498,5,0,494,160,5
DR_grading/train/007-3893-200.jpg,160_no_clahe/007-3893-200.png,250,0,2343,1944,74,0,2093,160,2
DR_grading/train/007-4085-200.jpg,160_no_clahe/007-4085-200.png,3,4,507,512,0,2,508,160,2
synthetic_ungradable/synth_ungradable_00443_blur.jpg,160_no_clahe/synth_ungradable_00443_blur.png,18,17,495,494,0,0,477,160,5
DR_grading/train/007-4788-300.jpg,160_no_clahe/007-4788-300.png,62,9,1474,1142,139,0,1412,160,2
DR_grading/train/007-1104-000.jpg,160_no_clahe/007-1104-000.png,141,19,2442,1979,170,0,2301,160,0
synthetic_ungradable/synth_ungradable_00837_bright.jpg,160_no_clahe/synth_ungradable_00837_bright.png,16,17,496,495,1,0,480,160,5
DR_grading/train/007-4178-200.jpg,160_no_clahe/007-4178-200.png,0,0,512,512,0,0,512,160,2
synthetic_ungradable/synth_ungradable_00304_blur.jpg,160_no_clahe/synth_ungradable_00304_blur.png,14,14,498,498,0,0,484,160,5
DR_grading/train/007-5989-300.jpg,160_no_clahe/007-5989-300.png,6,2,508,510,0,3,508,160,2
DR_grading/train/007-5171-300.jpg,160_no_clahe/007-5171-300.png,0,0,512,512,0,0,512,160,2
synthetic_ungradable/synth_ungradable_00313_blur.jpg,160_no_clahe/synth_ungradable_00313_blur.png,14,14,498,498,0,0,484,160,5
synthetic_ungradable/synth_ungradable_00149_blur.jpg,160_no_clahe/synth_ungradable_00149_blur.png,20,19,493,493,0,0,474,160,5
DR_grading/train/007-5626-300.jpg,160_no_clahe/007-5626-300.png,0,0,1380,1382,0,1,1382,160,2
DR_grading/train/007-5821-300.jpg,160_no_clahe/007-5821-300.png,0,0,512,512,0,0,512,160,2
synthetic_ungradable/synth_ungradable_00574_blur.jpg,160_no_clahe/synth_ungradable_00574_blur.png,14,14,499,499,0,0,485,160,5
synthetic_ungradable/synth_ungradable_00050_bright.jpg,160_no_clahe/synth_ungradable_00050_bright.png,16,16,496,496,0,0,480,160,5
DR_grading/train/007-2995-100.jpg,160_no_clahe/007-2995-100.png,0,0,512,512,0,0,512,160,0
synthetic_ungradable/synth_ungradable_00726_blur.jpg,160_no_clahe/synth_ungradable_00726_blur.png,12,13,501,501,0,0,489,160,5
synthetic_ungradable/synth_ungradable_00833_dark.jpg,160_no_clahe/synth_ungradable_00833_dark.png,19,19,494,494,0,0,475,160,5
DR_grading/train/20170331094112192.jpg,160_no_clahe/20170331094112192.png,4,0,512,512,0,2,512,160,0
DR_grading/train/20170323085657869.jpg,160_no_clahe/20170323085657869.png,7,0,512,512,0,3,512,160,0
DR_grading/train/007-0069-000.jpg,160_no_clahe/007-0069-000.png,8,0,504,512,0,8,512,160,0
synthetic_ungradable/synth_ungradable_00470_blur.jpg,160_no_clahe/synth_ungradable_00470_blur.png,19,21,491,493,0,0,472,160,5
synthetic_ungradable/synth_ungradable_00971_bright.jpg,160_no_clahe/synth_ungradable_00971_bright.png,16,16,496,496,0,0,480,160,5
synthetic_ungradable/synth_ungradable_00653_dark.jpg,160_no_clahe/synth_ungradable_00653_dark.png,21,20,491,491,0,0,471,160,5
synthetic_ungradable/synth_ungradable_00399_blur.jpg,160_no_clahe/synth_ungradable_00399_blur.png,16,9,508,497,2,0,492,160,5
synthetic_ungradable/synth_ungradable_00511_dark.jpg,160_no_clahe/synth_ungradable_00511_dark.png,19,19,494,494,0,0,475,160,5
synthetic_ungradable/synth_ungradable_00320_bright.jpg,160_no_clahe/synth_ungradable_00320_bright.png,19,19,492,492,0,0,473,160,5
synthetic_ungradable/synth_ungradable_00019_blur.jpg,160_no_clahe/synth_ungradable_00019_blur.png,14,14,504,500,2,0,490,160,5
synthetic_ungradable/synth_ungradable_00684_blur.jpg,160_no_clahe/synth_ungradable_00684_blur.png,15,15,497,497,0,0,482,160,5
synthetic_ungradable/synth_ungradable_00035_blur.jpg,160_no_clahe/synth_ungradable_00035_blur.png,15,15,497,497,0,0,482,160,5
synthetic_ungradable/synth_ungradable_00902_bright.jpg,160_no_clahe/synth_ungradable_00902_bright.png,21,21,491,493,0,1,472,160,5
DR_grading/train/007-0552-000.jpg,160_no_clahe/007-0552-000.png,0,0,512,512,0,0,512,160,0
synthetic_ungradable/synth_ungradable_00827_bright.jpg,160_no_clahe/synth_ungradable_00827_bright.png,17,16,493,496,0,2,480,160,5
DR_grading/train/007-4680-200.jpg,160_no_clahe/007-4680-200.png,7,6,509,508,0,0,502,160,2
synthetic_ungradable/synth_ungradable_00407_blur.jpg,160_no_clahe/synth_ungradable_00407_blur.png,14,0,499,499,0,7,499,160,5
synthetic_ungradable/synth_ungradable_00920_blur.jpg,160_no_clahe/synth_ungradable_00920_blur.png,14,14,512,505,3,0,498,160,5
synthetic_ungradable/synth_ungradable_00537_dark.jpg,160_no_clahe/synth_ungradable_00537_dark.png,19,19,492,492,0,0,473,160,5
synthetic_ungradable/synth_ungradable_00758_dark.jpg,160_no_clahe/synth_ungradable_00758_dark.png,23,23,490,489,0,0,467,160,5
DR_grading/train/20170329093954690.jpg,160_no_clahe/20170329093954690.png,6,0,508,511,0,4,511,160,0
DR_grading/train/20170331090026449.jpg,160_no_clahe/20170331090026449.png,8,8,504,504,0,0,496,160,0
DR_grading/train/007-1382-000.jpg,160_no_clahe/007-1382-000.png,6,5,507,512,0,3,507,160,0
synthetic_ungradable/synth_ungradable_00245_blur.jpg,160_no_clahe/synth_ungradable_00245_blur.png,16,7,497,497,0,4,490,160,5
DR_grading/train/007-6190-300.jpg,160_no_clahe/007-6190-300.png,0,0,512,512,0,0,512,160,2
DR_grading/train/007-0633-000.jpg,160_no_clahe/007-0633-000.png,0,0,512,512,0,0,512,160,0
synthetic_ungradable/synth_ungradable_00784_bright.jpg,160_no_clahe/synth_ungradable_00784_bright.png,16,16,493,494,0,0,478,160,5
DR_grading/train/007-4574-200.jpg,160_no_clahe/007-4574-200.png,0,6,506,508,2,0,506,160,2
synthetic_ungradable/synth_ungradable_00489_blur.jpg,160_no_clahe/synth_ungradable_00489_blur.png,13,6,500,500,0,3,494,160,5
synthetic_ungradable/synth_ungradable_00154_blur.jpg,160_no_clahe/synth_ungradable_00154_blur.png,22,22,490,491,0,0,469,160,5
synthetic_ungradable/synth_ungradable_00961_bright.jpg,160_no_clahe/synth_ungradable_00961_bright.png,25,24,487,488,0,1,464,160,5
synthetic_ungradable/synth_ungradable_00853_bright.jpg,160_no_clahe/synth_ungradable_00853_bright.png,24,24,488,488,0,0,464,160,5
DR_grading/train/007-4446-200.jpg,160_no_clahe/007-4446-200.png,135,19,2344,1899,164,0,2209,160,2
synthetic_ungradable/synth_ungradable_00625_blur.jpg,160_no_clahe/synth_ungradable_00625_blur.png,14,8,499,499,0,3,491,160,5
synthetic_ungradable/synth_ungradable_00685_blur.jpg,160_no_clahe/synth_ungradable_00685_blur.png,21,20,491,491,0,0,471,160,5
DR_grading/train/007-7517-601.jpg,160_no_clahe/007-7517-601.png,141,19,2441,1979,170,0,2300,160,0
synthetic_ungradable/synth_ungradable_00569_bright.jpg,160_no_clahe/synth_ungradable_00569_bright.png,16,16,495,496,0,0,480,160,5
DR_grading/train/007-4830-300.jpg,160_no_clahe/007-4830-300.png,0,0,512,512,0,0,512,160,2
synthetic_ungradable/synth_ungradable_00017_bright.jpg,160_no_clahe/synth_ungradable_00017_bright.png,17,16,502,503,0,1,487,160,5
synthetic_ungradable/synth_ungradable_00127_dark.jpg,160_no_clahe/synth_ungradable_00127_dark.png,20,19,494,494,0,0,475,160,5
DR_grading/train/20170209151045082.jpg,160_no_clahe/20170209151045082.png,0,0,512,512,0,0,512,160,0
DR_grading/train/007-4259-200.jpg,160_no_clahe/007-4259-200.png,0,0,512,512,0,0,512,160,2
DR_grading/train/20170328105401273.jpg,160_no_clahe/20170328105401273.png,137,19,2343,1899,163,0,2206,160,0
synthetic_ungradable/synth_ungradable_00927_dark.jpg,160_no_clahe/synth_ungradable_00927_dark.png,20,19,507,494,6,0,487,160,5
synthetic_ungradable/synth_ungradable_00980_blur.jpg,160_no_clahe/synth_ungradable_00980_blur.png,16,16,496,497,0,0,481,160,5
DR_grading/train/007-5665-300.jpg,160_no_clahe/007-5665-300.png,0,0,512,512,0,0,512,160,2
synthetic_ungradable/synth_ungradable_00190_blur.jpg,160_no_clahe/synth_ungradable_00190_blur.png,14,9,500,499,0,2,490,160,5
DR_grading/train/007-6091-300.jpg,160_no_clahe/007-6091-300.png,0,0,512,512,0,0,512,160,2
synthetic_ungradable/synth_ungradable_00992_blur.jpg,160_no_clahe/synth_ungradable_00992_blur.png,12,13,512,500,6,0,500,160,5
DR_grading/train/007-2115-100.jpg,160_no_clahe/007-2115-100.png,0,0,504,512,0,4,512,160,2
DR_grading/train/007-0236-000.jpg,160_no_clahe/007-0236-000.png,0,0,512,512,0,0,512,160,0
synthetic_ungradable/synth_ungradable_00606_bright.jpg,160_no_clahe/synth_ungradable_00606_bright.png,27,26,486,488,0,1,462,160,5
synthetic_ungradable/synth_ungradable_00180_bright.jpg,160_no_clahe/synth_ungradable_00180_bright.png,17,17,496,496,0,0,479,160,5
synthetic_ungradable/synth_ungradable_00301_blur.jpg,160_no_clahe/synth_ungradable_00301_blur.png,16,16,498,498,0,0,482,160,5
synthetic_ungradable/synth_ungradable_00496_bright.jpg,160_no_clahe/synth_ungradable_00496_bright.png,16,17,496,496,0,0,480,160,5
DR_grading/train/007-4608-200.jpg,160_no_clahe/007-4608-200.png,240,0,2347,1944,81,0,2107,160,2
DR_grading/train/20170327091025156.jpg,160_no_clahe/20170327091025156.png,4,1,508,512,0,3,511,160,0
DR_grading/train/20170401095655999.jpg,160_no_clahe/20170401095655999.png,0,0,504,512,0,4,512,160,0
DR_grading/train/007-3069-100.jpg,160_no_clahe/007-3069-100.png,4,0,509,512,0,3,512,160,1
synthetic_ungradable/synth_ungradable_00517_bright.jpg,160_no_clahe/synth_ungradable_00517_bright.png,24,24,488,488,0,0,464,160,5
DR_grading/train/007-2725-100.jpg,160_no_clahe/007-2725-100.png,0,0,1936,1934,1,0,1936,160,1
DR_grading/train/007-2258-100.jpg,160_no_clahe/007-2258-100.png,3,0,505,504,0,1,504,160,2
synthetic_ungradable/synth_ungradable_00476_blur.jpg,160_no_clahe/synth_ungradable_00476_blur.png,14,14,498,498,0,0,484,160,5
synthetic_ungradable/synth_ungradable_00157_blur.jpg,160_no_clahe/synth_ungradable_00157_blur.png,19,20,493,493,0,0,474,160,5
DR_grading/train/007-6569-400.jpg,160_no_clahe/007-6569-400.png,8,8,504,504,0,0,496,160,4
DR_grading/train/007-5335-300.jpg,160_no_clahe/007-5335-300.png,8,7,505,504,0,0,497,160,2
synthetic_ungradable/synth_ungradable_00016_bright.jpg,160_no_clahe/synth_ungradable_00016_bright.png,25,26,488,488,0,0,463,160,5
DR_grading/train/20170224220806889.jpg,160_no_clahe/20170224220806889.png,8,4,504,506,0,3,502,160,0
DR_grading/train/007-1073-000.jpg,160_no_clahe/007-1073-000.png,8,8,512,512,0,0,504,160,0
DR_grading/train/007-6298-400.jpg,160_no_clahe/007-6298-400.png,8,8,504,504,0,0,496,160,4
synthetic_ungradable/synth_ungradable_00546_blur.jpg,160_no_clahe/synth_ungradable_00546_blur.png,12,12,500,509,0,4,497,160,5
DR_grading/train/20170224105612339.jpg,160_no_clahe/20170224105612339.png,136,19,2343,1899,163,0,2207,160,0
synthetic_ungradable/synth_ungradable_00658_dark.jpg,160_no_clahe/synth_ungradable_00658_dark.png,20,20,492,493,0,0,473,160,5
DR_grading/train/007-0550-000.jpg,160_no_clahe/007-0550-000.png,0,0,512,512,0,0,512,160,0
DR_grading/train/20170209140451728.jpg,160_no_clahe/20170209140451728.png,0,0,504,504,0,0,504,160,0
DR_grading/train/20170405092854949.jpg,160_no_clahe/20170405092854949.png,4,0,505,512,0,5,512,160,0
DR_grading/train/007-2573-100.jpg,160_no_clahe/007-2573-100.png,3,3,512,512,0,0,509,160,0
synthetic_ungradable/synth_ungradable_00959_blur.jpg,160_no_clahe/synth_ungradable_00959_blur.png,16,5,498,497,0,5,492,160,5
DR_grading/train/007-2053-100.jpg,160_no_clahe/007-2053-100.png,6,0,506,509,0,4,509,160,1
synthetic_ungradable/synth_ungradable_00283_blur.jpg,160_no_clahe/synth_ungradable_00283_blur.png,14,11,499,498,0,1,487,160,5
synthetic_ungradable/synth_ungradable_00797_blur.jpg,160_no_clahe/synth_ungradable_00797_blur.png,15,0,498,498,0,7,498,160,5
DR_grading/train/007-3037-100.jpg,160_no_clahe/007-3037-100.png,0,0,512,512,0,0,512,160,0
synthetic_ungradable/synth_ungradable_00225_dark.jpg,160_no_clahe/synth_ungradable_00225_dark.png,13,20,492,493,3,0,479,160,5
synthetic_ungradable/synth_ungradable_00026_blur.jpg,160_no_clahe/synth_ungradable_00026_blur.png,17,17,496,497,0,0,480,160,5
DR_grading/train/007-4241-200.jpg,160_no_clahe/007-4241-200.png,0,0,512,512,0,0,512,160,2
synthetic_ungradable/synth_ungradable_00437_blur.jpg,160_no_clahe/synth_ungradable_00437_blur.png,14,14,499,499,0,0,485,160,5
DR_grading/train/007-6573-400.jpg,160_no_clahe/007-6573-400.png,8,8,504,507,0,1,499,160,4
DR_grading/train/20170217100112164.jpg,160_no_clahe/20170217100112164.png,8,8,504,504,0,0,496,160,0
synthetic_ungradable/synth_ungradable_00229_blur.jpg,160_no_clahe/synth_ungradable_00229_blur.png,14,4,499,499,0,5,495,160,5
synthetic_ungradable/synth_ungradable_00037_bright.jpg,160_no_clahe/synth_ungradable_00037_bright.png,16,17,496,496,0,0,480,160,5
synthetic_ungradable/synth_ungradable_00749_blur.jpg,160_no_clahe/synth_ungradable_00749_blur.png,14,0,499,499,0,7,499,160,5
DR_grading/train/20170327103629372.jpg,160_no_clahe/20170327103629372.png,7,2,508,507,0,2,505,160,0
DR_grading/train/007-0314-000.jpg,160_no_clahe/007-0314-000.png,6,5,505,505,0,0,500,160,0
synthetic_ungradable/synth_ungradable_00469_dark.jpg,160_no_clahe/synth_ungradable_00469_dark.png,20,20,496,492,2,0,476,160,5
DR_grading/train/007-3224-100.jpg,160_no_clahe/007-3224-100.png,0,0,510,512,0,1,512,160,2
DR_grading/train/20170408212538144.jpg,160_no_clahe/20170408212538144.png,5,0,512,508,0,0,508,160,0
synthetic_ungradable/synth_ungradable_00687_bright.jpg,160_no_clahe/synth_ungradable_00687_bright.png,16,17,496,496,0,0,480,160,5
DR_grading/train/007-5467-300.jpg,160_no_clahe/007-5467-300.png,8,7,504,506,0,1,499,160,2
synthetic_ungradable/synth_ungradable_00639_dark.jpg,160_no_clahe/synth_ungradable_00639_dark.png,28,28,484,486,0,1,458,160,5
DR_grading/train/20170220151908278.jpg,160_no_clahe/20170220151908278.png,8,8,504,504,0,0,496,160,0
DR_grading/train/20170227234712975.jpg,160_no_clahe/20170227234712975.png,0,0,512,512,0,0,512,160,0
DR_grading/train/007-4903-300.jpg,160_no_clahe/007-4903-300.png,5,4,507,506,0,0,502,160,3
DR_grading/train/007-0824-000.jpg,160_no_clahe/007-0824-000.png,0,0,512,512,0,0,512,160,0
DR_grading/train/007-5703-300.jpg,160_no_clahe/007-5703-300.png,0,0,512,512,0,0,512,160,3
DR_grading/train/007-5026-300.jpg,160_no_clahe/007-5026-300.png,6,0,504,512,0,7,512,160,2
DR_grading/train/007-6093-300.jpg,160_no_clahe/007-6093-300.png,1,0,511,512,0,1,512,160,3
DR_grading/train/007-3806-200.jpg,160_no_clahe/007-3806-200.png,8,3,504,506,0,3,503,160,2
synthetic_ungradable/synth_ungradable_00800_dark.jpg,160_no_clahe/synth_ungradable_00800_dark.png,18,19,493,494,0,0,475,160,5
DR_grading/train/007-4841-300.jpg,160_no_clahe/007-4841-300.png,7,0,507,508,0,4,508,160,2
synthetic_ungradable/synth_ungradable_00160_blur.jpg,160_no_clahe/synth_ungradable_00160_blur.png,14,14,498,498,0,0,484,160,5
synthetic_ungradable/synth_ungradable_00956_blur.jpg,160_no_clahe/synth_ungradable_00956_blur.png,12,13,501,501,0,0,489,160,5
DR_grading/train/007-1042-000.jpg,160_no_clahe/007-1042-000.png,8,8,504,507,0,1,499,160,0
synthetic_ungradable/synth_ungradable_00821_dark.jpg,160_no_clahe/synth_ungradable_00821_dark.png,20,20,493,493,0,0,473,160,5
DR_grading/train/007-4893-300.jpg,160_no_clahe/007-4893-300.png,5,6,508,506,1,0,503,160,2
synthetic_ungradable/synth_ungradable_00877_dark.jpg,160_no_clahe/synth_ungradable_00877_dark.png,20,20,492,493,0,0,473,160,5
synthetic_ungradable/synth_ungradable_00913_blur.jpg,160_no_clahe/synth_ungradable_00913_blur.png,23,23,489,489,0,0,466,160,5
synthetic_ungradable/synth_ungradable_00152_blur.jpg,160_no_clahe/synth_ungradable_00152_blur.png,4,14,498,498,5,0,494,160,5
DR_grading/train/20170323141155955.jpg,160_no_clahe/20170323141155955.png,8,8,504,504,0,0,496,160,0
DR_grading/train/007-8317-602.jpg,160_no_clahe/007-8317-602.png,4,4,508,512,0,2,508,160,0
synthetic_ungradable/synth_ungradable_00509_dark.jpg,160_no_clahe/synth_ungradable_00509_dark.png,19,19,494,494,0,0,475,160,5
DR_grading/train/20170106170829250.jpg,160_no_clahe/20170106170829250.png,8,7,505,506,0,1,499,160,0
DR_grading/train/007-2921-100.jpg,160_no_clahe/007-2921-100.png,6,0,512,512,0,3,512,160,2
DR_grading/train/007-6548-400.jpg,160_no_clahe/007-6548-400.png,0,0,510,512,0,1,512,160,4
synthetic_ungradable/synth_ungradable_00103_blur.jpg,160_no_clahe/synth_ungradable_00103_blur.png,16,16,497,497,0,0,481,160,5
DR_grading/train/007-2737-100.jpg,160_no_clahe/007-2737-100.png,0,0,512,512,0,0,512,160,2
DR_grading/train/20170330153216510.jpg,160_no_clahe/20170330153216510.png,8,8,504,504,0,0,496,160,0
synthetic_ungradable/synth_ungradable_00586_dark.jpg,160_no_clahe/synth_ungradable_00586_dark.png,20,19,494,494,0,0,475,160,5
DR_grading/train/20170215165117445.jpg,160_no_clahe/20170215165117445.png,8,8,505,504,0,0,497,160,0
DR_grading/train/20170216090543323.jpg,160_no_clahe/20170216090543323.png,8,7,504,505,0,1,498,160,0
synthetic_ungradable/synth_ungradable_00053_bright.jpg,160_no_clahe/synth_ungradable_00053_bright.png,17,17,495,495,0,0,478,160,5
synthetic_ungradable/synth_ungradable_00151_blur.jpg,160_no_clahe/synth_ungradable_00151_blur.png,12,11,501,501,0,0,490,160,5
synthetic_ungradable/synth_ungradable_00403_blur.jpg,160_no_clahe/synth_ungradable_00403_blur.png,7,14,498,499,3,0,491,160,5
DR_grading/train/007-1770-100.jpg,160_no_clahe/007-1770-100.png,23,0,1448,1137,144,0,1425,160,2
synthetic_ungradable/synth_ungradable_00207_blur.jpg,160_no_clahe/synth_ungradable_00207_blur.png,14,14,500,500,0,0,486,160,5
DR_grading/train/007-3875-200.jpg,160_no_clahe/007-3875-200.png,9,8,504,504,0,0,496,160,2
DR_grading/train/007-5029-300.jpg,160_no_clahe/007-5029-300.png,4,0,511,512,0,2,512,160,2
DR_grading/train/007-5329-300.jpg,160_no_clahe/007-5329-300.png,7,0,504,508,0,5,508,160,2
synthetic_ungradable/synth_ungradable_00008_bright.jpg,160_no_clahe/synth_ungradable_00008_bright.png,16,16,496,496,0,0,480,160,5
DR_grading/train/007-0521-000.jpg,160_no_clahe/007-0521-000.png,8,5,505,505,0,1,500,160,0
DR_grading/train/007-1978-100.jpg,160_no_clahe/007-1978-100.png,7,6,506,507,0,1,501,160,1
DR_grading/train/007-2227-100.jpg,160_no_clahe/007-2227-100.png,0,0,512,512,0,0,512,160,1
synthetic_ungradable/synth_ungradable_00452_bright.jpg,160_no_clahe/synth_ungradable_00452_bright.png,16,16,496,496,0,0,480,160,5
synthetic_ungradable/synth_ungradable_00253_blur.jpg,160_no_clahe/synth_ungradable_00253_blur.png,0,0,500,500,0,0,500,160,5
DR_grading/train/007-3804-200.jpg,160_no_clahe/007-3804-200.png,6,0,505,506,0,3,506,160,2
synthetic_ungradable/synth_ungradable_00896_bright.jpg,160_no_clahe/synth_ungradable_00896_bright.png,17,19,496,495,1,0,479,160,5
DR_grading/train/20170224104635817.jpg,160_no_clahe/20170224104635817.png,8,8,504,504,0,0,496,160,0
synthetic_ungradable/synth_ungradable_00880_bright.jpg,160_no_clahe/synth_ungradable_00880_bright.png,16,17,495,495,0,0,479,160,5
DR_grading/train/007-7124-400.jpg,160_no_clahe/007-7124-400.png,0,0,1515,1275,120,0,1515,160,4
DR_grading/train/20170221093313426.jpg,160_no_clahe/20170221093313426.png,8,8,505,505,0,0,497,160,0
synthetic_ungradable/synth_ungradable_00623_dark.jpg,160_no_clahe/synth_ungradable_00623_dark.png,24,24,487,487,0,0,463,160,5
synthetic_ungradable/synth_ungradable_00345_blur.jpg,160_no_clahe/synth_ungradable_00345_blur.png,18,18,495,494,0,0,477,160,5
DR_grading/train/007-6678-400.jpg,160_no_clahe/007-6678-400.png,0,0,1380,1382,0,1,1382,160,4
synthetic_ungradable/synth_ungradable_00262_blur.jpg,160_no_clahe/synth_ungradable_00262_blur.png,16,16,497,497,0,0,481,160,5
DR_grading/train/007-3455-200.jpg,160_no_clahe/007-3455-200.png,7,4,506,510,0,3,506,160,2
DR_grading/train/007-1684-000.jpg,160_no_clahe/007-1684-000.png,6,7,505,507,0,0,500,160,0
DR_grading/train/20170223151510068.jpg,160_no_clahe/20170223151510068.png,9,8,504,504,0,0,496,160,0
synthetic_ungradable/synth_ungradable_00150_dark.jpg,160_no_clahe/synth_ungradable_00150_dark.png,16,19,494,494,1,0,478,160,5
synthetic_ungradable/synth_ungradable_00472_bright.jpg,160_no_clahe/synth_ungradable_00472_bright.png,24,24,488,488,0,0,464,160,5
synthetic_ungradable/synth_ungradable_00640_blur.jpg,160_no_clahe/synth_ungradable_00640_blur.png,13,12,501,500,0,0,488,160,5
DR_grading/train/20170407221420858.jpg,160_no_clahe/20170407221420858.png,0,0,505,512,0,3,512,160,0
DR_grading/train/007-5690-300.jpg,160_no_clahe/007-5690-300.png,0,0,512,512,0,0,512,160,2
synthetic_ungradable/synth_ungradable_00550_bright.jpg,160_no_clahe/synth_ungradable_00550_bright.png,16,17,496,496,0,0,480,160,5
DR_grading/train/20170323093821503.jpg,160_no_clahe/20170323093821503.png,5,3,508,512,0,3,509,160,0
synthetic_ungradable/synth_ungradable_00928_dark.jpg,160_no_clahe/synth_ungradable_00928_dark.png,26,27,485,485,0,0,459,160,5
synthetic_ungradable/synth_ungradable_00488_blur.jpg,160_no_clahe/synth_ungradable_00488_blur.png,5,14,499,499,4,0,494,160,5
DR_grading/train/007-4211-200.jpg,160_no_clahe/007-4211-200.png,0,0,512,512,0,0,512,160,2
DR_grading/train/007-8428-603.jpg,160_no_clahe/007-8428-603.png,375,41,1380,1047,0,0,1006,160,2
synthetic_ungradable/synth_ungradable_00146_dark.jpg,160_no_clahe/synth_ungradable_00146_dark.png,20,20,493,493,0,0,473,160,5
DR_grading/train/007-1904-100.jpg,160_no_clahe/007-1904-100.png,6,3,507,506,0,1,503,160,1
DR_grading/train/007-5037-300.jpg,160_no_clahe/007-5037-300.png,62,9,1474,1143,139,0,1412,160,2
synthetic_ungradable/synth_ungradable_00402_bright.jpg,160_no_clahe/synth_ungradable_00402_bright.png,24,24,488,488,0,0,464,160,5
synthetic_ungradable/synth_ungradable_00954_dark.jpg,160_no_clahe/synth_ungradable_00954_dark.png,19,19,494,494,0,0,475,160,5
DR_grading/train/007-6591-400.jpg,160_no_clahe/007-6591-400.png,8,8,504,505,0,0,497,160,4
synthetic_ungradable/synth_ungradable_00659_blur.jpg,160_no_clahe/synth_ungradable_00659_blur.png,19,19,493,493,0,0,474,160,5
DR_grading/train/007-0129-000.jpg,160_no_clahe/007-0129-000.png,6,3,506,507,0,2,504,160,0
synthetic_ungradable/synth_ungradable_00463_bright.jpg,160_no_clahe/synth_ungradable_00463_bright.png,18,18,496,495,0,0,478,160,5
DR_grading/train/007-5494-300.jpg,160_no_clahe/007-5494-300.png,5,4,505,510,0,3,506,160,2
synthetic_ungradable/synth_ungradable_00186_blur.jpg,160_no_clahe/synth_ungradable_00186_blur.png,14,14,500,499,0,0,486,160,5
DR_grading/train/007-3416-200.jpg,160_no_clahe/007-3416-200.png,6,4,512,512,0,1,508,160,2
DR_grading/train/007-6356-400.jpg,160_no_clahe/007-6356-400.png,423,97,3081,2239,258,0,2658,160,4
synthetic_ungradable/synth_ungradable_00608_blur.jpg,160_no_clahe/synth_ungradable_00608_blur.png,11,12,501,502,0,0,490,160,5
synthetic_ungradable/synth_ungradable_00143_blur.jpg,160_no_clahe/synth_ungradable_00143_blur.png,12,12,502,501,0,0,490,160,5
synthetic_ungradable/synth_ungradable_00751_bright.jpg,160_no_clahe/synth_ungradable_00751_bright.png,16,17,496,496,0,0,480,160,5
DR_grading/train/20170330151213043.jpg,160_no_clahe/20170330151213043.png,6,0,506,511,0,5,511,160,0
synthetic_ungradable/synth_ungradable_00981_blur.jpg,160_no_clahe/synth_ungradable_00981_blur.png,16,16,496,496,0,0,480,160,5
synthetic_ungradable/synth_ungradable_00197_blur.jpg,160_no_clahe/synth_ungradable_00197_blur.png,16,16,496,496,0,0,480,160,5
DR_grading/train/20170225195614603.jpg,160_no_clahe/20170225195614603.png,7,4,504,509,0,4,505,160,0
synthetic_ungradable/synth_ungradable_00883_dark.jpg,160_no_clahe/synth_ungradable_00883_dark.png,20,20,491,492,0,0,472,160,5
synthetic_ungradable/synth_ungradable_00279_bright.jpg,160_no_clahe/synth_ungradable_00279_bright.png,16,16,496,496,0,0,480,160,5
synthetic_ungradable/synth_ungradable_00293_dark.jpg,160_no_clahe/synth_ungradable_00293_dark.png,22,22,490,492,0,1,470,160,5
DR_grading/train/007-2206-100.jpg,160_no_clahe/007-2206-100.png,0,0,512,512,0,0,512,160,0
synthetic_ungradable/synth_ungradable_00400_bright.jpg,160_no_clahe/synth_ungradable_00400_bright.png,16,16,496,496,0,0,480,160,5
synthetic_ungradable/synth_ungradable_00122_bright.jpg,160_no_clahe/synth_ungradable_00122_bright.png,17,18,496,496,0,0,479,160,5
DR_grading/train/20170227225502933.jpg,160_no_clahe/20170227225502933.png,3,0,505,511,0,4,511,160,0
synthetic_ungradable/synth_ungradable_00202_blur.jpg,160_no_clahe/synth_ungradable_00202_blur.png,13,14,499,498,1,0,486,160,5
DR_grading/train/007-4188-200.jpg,160_no_clahe/007-4188-200.png,0,0,512,512,0,0,512,160,2
synthetic_ungradable/synth_ungradable_00835_blur.jpg,160_no_clahe/synth_ungradable_00835_blur.png,15,15,504,498,3,0,489,160,5
synthetic_ungradable/synth_ungradable_00246_blur.jpg,160_no_clahe/synth_ungradable_00246_blur.png,11,11,500,501,0,0,490,160,5
DR_grading/train/007-0275-000.jpg,160_no_clahe/007-0275-000.png,6,3,505,505,0,1,502,160,0
DR_grading/train/007-7148-400.jpg,160_no_clahe/007-7148-400.png,0,0,1515,1275,120,0,1515,160,4
DR_grading/train/007-3278-100.jpg,160_no_clahe/007-3278-100.png,6,0,509,508,0,2,508,160,1
DR_grading/train/007-7729-601.jpg,160_no_clahe/007-7729-601.png,0,0,512,511,0,0,512,160,2
DR_grading/train/20170207175645289.jpg,160_no_clahe/20170207175645289.png,8,8,505,504,0,0,497,160,0
DR_grading/train/007-0806-000.jpg,160_no_clahe/007-0806-000.png,0,0,512,512,0,0,512,160,0
DR_grading/train/007-3868-200.jpg,160_no_clahe/007-3868-200.png,8,8,504,504,0,0,496,160,2
DR_grading/train/007-1912-100.jpg,160_no_clahe/007-1912-100.png,4,2,506,512,0,4,510,160,1
synthetic_ungradable/synth_ungradable_00384_bright.jpg,160_no_clahe/synth_ungradable_00384_bright.png,25,26,487,485,1,0,462,160,5
DR_grading/train/007-6428-400.jpg,160_no_clahe/007-6428-400.png,9,8,504,506,0,1,498,160,4
synthetic_ungradable/synth_ungradable_00854_blur.jpg,160_no_clahe/synth_ungradable_00854_blur.png,13,13,512,501,5,0,499,160,5
DR_grading/train/007-6842-400.jpg,160_no_clahe/007-6842-400.png,0,0,512,512,0,0,512,160,4
synthetic_ungradable/synth_ungradable_00219_blur.jpg,160_no_clahe/synth_ungradable_00219_blur.png,16,16,497,497,0,0,481,160,5
synthetic_ungradable/synth_ungradable_00641_dark.jpg,160_no_clahe/synth_ungradable_00641_dark.png,20,21,492,492,0,0,472,160,5
synthetic_ungradable/synth_ungradable_00001_bright.jpg,160_no_clahe/synth_ungradable_00001_bright.png,17,16,495,496,0,1,480,160,5
synthetic_ungradable/synth_ungradable_00112_bright.jpg,160_no_clahe/synth_ungradable_00112_bright.png,16,16,496,495,0,0,480,160,5
synthetic_ungradable/synth_ungradable_00698_dark.jpg,160_no_clahe/synth_ungradable_00698_dark.png,19,19,494,494,0,0,475,160,5
DR_grading/train/007-2929-100.jpg,160_no_clahe/007-2929-100.png,6,2,505,512,0,5,510,160,2
synthetic_ungradable/synth_ungradable_00951_bright.jpg,160_no_clahe/synth_ungradable_00951_bright.png,16,17,496,494,1,0,480,160,5
DR_grading/train/007-3795-200.jpg,160_no_clahe/007-3795-200.png,8,7,504,504,0,0,497,160,2
DR_grading/train/007-3377-200.jpg,160_no_clahe/007-3377-200.png,0,0,512,512,0,0,512,160,2
DR_grading/train/007-2577-100.jpg,160_no_clahe/007-2577-100.png,5,0,508,512,0,4,512,160,0
DR_grading/train/007-2234-100.jpg,160_no_clahe/007-2234-100.png,8,0,504,508,0,6,508,160,1
DR_grading/train/007-4244-200.jpg,160_no_clahe/007-4244-200.png,0,0,512,512,0,0,512,160,2
DR_grading/train/007-2076-100.jpg,160_no_clahe/007-2076-100.png,7,5,504,507,0,2,502,160,2
DR_grading/train/007-4383-200.jpg,160_no_clahe/007-4383-200.png,2,0,512,512,0,1,512,160,2
DR_grading/train/007-5541-300.jpg,160_no_clahe/007-5541-300.png,63,9,1474,1143,138,0,1411,160,2
synthetic_ungradable/synth_ungradable_00441_blur.jpg,160_no_clahe/synth_ungradable_00441_blur.png,14,14,500,499,0,0,486,160,5
DR_grading/train/007-5039-300.jpg,160_no_clahe/007-5039-300.png,61,9,1474,1142,140,0,1413,160,2
DR_grading/train/007-1783-100.jpg,160_no_clahe/007-1783-100.png,0,0,2560,1920,320,0,2560,160,0
DR_grading/train/007-8207-601.jpg,160_no_clahe/007-8207-601.png,375,43,1377,1048,0,1,1005,160,0
DR_grading/train/20170223094629597.jpg,160_no_clahe/20170223094629597.png,8,8,504,504,0,0,496,160,0
DR_grading/train/20170407130352565.jpg,160_no_clahe/20170407130352565.png,7,6,504,504,0,0,498,160,0
DR_grading/train/007-2744-100.jpg,160_no_clahe/007-2744-100.png,0,0,2912,2920,0,4,2920,160,1
DR_grading/train/007-4062-200.jpg,160_no_clahe/007-4062-200.png,0,0,512,512,0,0,512,160,3
DR_grading/train/20170120223140633.jpg,160_no_clahe/20170120223140633.png,4,0,506,511,0,4,511,160,0
synthetic_ungradable/synth_ungradable_00663_dark.jpg,160_no_clahe/synth_ungradable_00663_dark.png,22,22,489,490,0,0,468,160,5
DR_grading/train/20170330085440333.jpg,160_no_clahe/20170330085440333.png,8,8,504,504,0,0,496,160,0
DR_grading/train/007-3341-200.jpg,160_no_clahe/007-3341-200.png,0,6,505,505,3,0,505,160,2
DR_grading/train/007-4105-200.jpg,160_no_clahe/007-4105-200.png,5,4,512,509,1,0,507,160,2
DR_grading/train/20170330085537655.jpg,160_no_clahe/20170330085537655.png,5,0,508,511,0,4,511,160,0
synthetic_ungradable/synth_ungradable_00317_dark.jpg,160_no_clahe/synth_ungradable_00317_dark.png,24,24,487,487,0,0,463,160,5
synthetic_ungradable/synth_ungradable_00648_bright.jpg,160_no_clahe/synth_ungradable_00648_bright.png,24,24,488,488,0,0,464,160,5
DR_grading/train/007-1741-000.jpg,160_no_clahe/007-1741-000.png,1,0,512,512,0,0,512,160,0
DR_grading/train/007-3012-100.jpg,160_no_clahe/007-3012-100.png,0,0,512,512,0,0,512,160,2
synthetic_ungradable/synth_ungradable_00709_blur.jpg,160_no_clahe/synth_ungradable_00709_blur.png,14,14,499,501,0,1,487,160,5
DR_grading/train/007-2837-100.jpg,160_no_clahe/007-2837-100.png,8,8,504,504,0,0,496,160,1
DR_grading/train/007-1438-000.jpg,160_no_clahe/007-1438-000.png,6,4,505,509,0,3,505,160,0
synthetic_ungradable/synth_ungradable_00972_dark.jpg,160_no_clahe/synth_ungradable_00972_dark.png,20,20,493,493,0,0,473,160,5
synthetic_ungradable/synth_ungradable_00627_dark.jpg,160_no_clahe/synth_ungradable_00627_dark.png,20,20,492,493,0,0,473,160,5
synthetic_ungradable/synth_ungradable_00632_dark.jpg,160_no_clahe/synth_ungradable_00632_dark.png,20,20,492,493,0,0,473,160,5
DR_grading/train/007-1643-000.jpg,160_no_clahe/007-1643-000.png,4,0,507,512,0,4,512,160,0
DR_grading/train/007-1044-000.jpg,160_no_clahe/007-1044-000.png,8,1,512,512,0,3,511,160,0
DR_grading/train/007-5586-300.jpg,160_no_clahe/007-5586-300.png,0,0,1380,1382,0,1,1382,160,2
DR_grading/train/007-0108-000.jpg,160_no_clahe/007-0108-000.png,6,5,512,508,1,0,506,160,0
DR_grading/train/007-8485-604.jpg,160_no_clahe/007-8485-604.png,7,1,504,512,0,7,511,160,2
DR_grading/train/007-4202-200.jpg,160_no_clahe/007-4202-200.png,0,0,512,512,0,0,512,160,2
DR_grading/train/007-4652-200.jpg,160_no_clahe/007-4652-200.png,6,5,506,509,0,2,504,160,2
DR_grading/train/007-5962-300.jpg,160_no_clahe/007-5962-300.png,8,3,506,507,0,3,504,160,2
DR_grading/train/20170408224549139.jpg,160_no_clahe/20170408224549139.png,3,0,505,512,0,5,512,160,0
DR_grading/train/007-3540-200.jpg,160_no_clahe/007-3540-200.png,0,0,512,512,0,0,512,160,2
DR_grading/train/20170406082540787.jpg,160_no_clahe/20170406082540787.png,8,5,504,508,0,3,503,160,0
DR_grading/train/007-1534-000.jpg,160_no_clahe/007-1534-000.png,0,0,512,512,0,0,512,160,0
DR_grading/train/007-8560-604.jpg,160_no_clahe/007-8560-604.png,0,0,511,512,0,0,512,160,0
DR_grading/train/20170407105555914.jpg,160_no_clahe/20170407105555914.png,8,8,504,506,0,1,498,160,0
DR_grading/train/007-6895-400.jpg,160_no_clahe/007-6895-400.png,8,0,505,508,0,5,508,160,4
synthetic_ungradable/synth_ungradable_00795_blur.jpg,160_no_clahe/synth_ungradable_00795_blur.png,13,12,501,501,0,0,489,160,5
synthetic_ungradable/synth_ungradable_00645_blur.jpg,160_no_clahe/synth_ungradable_00645_blur.png,18,18,494,494,0,0,476,160,5
DR_grading/train/007-8259-602.jpg,160_no_clahe/007-8259-602.png,8,8,504,504,0,0,496,160,2
DR_grading/train/007-7114-400.jpg,160_no_clahe/007-7114-400.png,0,0,512,512,0,0,512,160,4
synthetic_ungradable/synth_ungradable_00556_blur.jpg,160_no_clahe/synth_ungradable_00556_blur.png,16,16,498,498,0,0,482,160,5
synthetic_ungradable/synth_ungradable_00681_dark.jpg,160_no_clahe/synth_ungradable_00681_dark.png,19,19,494,494,0,0,475,160,5
synthetic_ungradable/synth_ungradable_00577_blur.jpg,160_no_clahe/synth_ungradable_00577_blur.png,14,14,500,500,0,0,486,160,5
DR_grading/train/007-6320-400.jpg,160_no_clahe/007-6320-400.png,1,0,512,512,0,0,512,160,4
DR_grading/train/007-3597-200.jpg,160_no_clahe/007-3597-200.png,7,6,506,509,0,2,503,160,2
DR_grading/train/007-1710-000.jpg,160_no_clahe/007-1710-000.png,0,0,512,512,0,0,512,160,0
DR_grading/train/007-7501-601.jpg,160_no_clahe/007-7501-601.png,539,83,2198,1742,0,0,1659,160,0
synthetic_ungradable/synth_ungradable_00524_dark.jpg,160_no_clahe/synth_ungradable_00524_dark.png,20,19,494,494,0,0,475,160,5
DR_grading/train/007-5790-300.jpg,160_no_clahe/007-5790-300.png,0,0,512,512,0,0,512,160,2
synthetic_ungradable/synth_ungradable_00540_blur.jpg,160_no_clahe/synth_ungradable_00540_blur.png,22,22,491,490,0,0,469,160,5
DR_grading/train/007-4482-200.jpg,160_no_clahe/007-4482-200.png,0,0,511,512,0,0,512,160,2
DR_grading/train/007-1876-100.jpg,160_no_clahe/007-1876-100.png,8,8,511,508,1,0,503,160,2
synthetic_ungradable/synth_ungradable_00748_blur.jpg,160_no_clahe/synth_ungradable_00748_blur.png,14,14,499,499,0,0,485,160,5
DR_grading/train/007-4288-200.jpg,160_no_clahe/007-4288-200.png,0,0,512,512,0,0,512,160,2
DR_grading/train/007-6716-400.jpg,160_no_clahe/007-6716-400.png,0,0,1380,1382,0,1,1382,160,4
synthetic_ungradable/synth_ungradable_00484_blur.jpg,160_no_clahe/synth_ungradable_00484_blur.png,15,16,498,498,0,0,483,160,5
DR_grading/train/007-3551-200.jpg,160_no_clahe/007-3551-200.png,6,6,505,512,0,3,506,160,2
synthetic_ungradable/synth_ungradable_00095_blur.jpg,160_no_clahe/synth_ungradable_00095_blur.png,19,21,491,491,1,0,472,160,5
DR_grading/train/20170329084401502.jpg,160_no_clahe/20170329084401502.png,7,1,506,512,0,6,511,160,0
synthetic_ungradable/synth_ungradable_00563_dark.jpg,160_no_clahe/synth_ungradable_00563_dark.png,20,19,498,494,1,0,478,160,5
DR_grading/train/007-0539-000.jpg,160_no_clahe/007-0539-000.png,8,3,504,504,0,2,501,160,0
synthetic_ungradable/synth_ungradable_00742_blur.jpg,160_no_clahe/synth_ungradable_00742_blur.png,12,12,504,502,1,0,492,160,5
synthetic_ungradable/synth_ungradable_00863_blur.jpg,160_no_clahe/synth_ungradable_00863_blur.png,20,20,491,491,0,0,471,160,5
DR_grading/train/007-6182-300.jpg,160_no_clahe/007-6182-300.png,0,0,512,512,0,0,512,160,2
DR_grading/train/007-0383-000.jpg,160_no_clahe/007-0383-000.png,141,19,2442,1979,170,0,2301,160,0
DR_grading/train/007-6626-400.jpg,160_no_clahe/007-6626-400.png,0,0,1624,1232,196,0,1624,160,4
synthetic_ungradable/synth_ungradable_00891_bright.jpg,160_no_clahe/synth_ungradable_00891_bright.png,24,24,488,488,0,0,464,160,5
DR_grading/train/007-4355-200.jpg,160_no_clahe/007-4355-200.png,62,9,1475,1143,139,0,1413,160,2
DR_grading/train/007-6376-400.jpg,160_no_clahe/007-6376-400.png,7,0,512,512,0,3,512,160,4
synthetic_ungradable/synth_ungradable_00206_dark.jpg,160_no_clahe/synth_ungradable_00206_dark.png,19,19,494,494,0,0,475,160,5
synthetic_ungradable/synth_ungradable_00392_dark.jpg,160_no_clahe/synth_ungradable_00392_dark.png,29,29,483,483,0,0,454,160,5
synthetic_ungradable/synth_ungradable_00794_bright.jpg,160_no_clahe/synth_ungradable_00794_bright.png,16,17,496,496,0,0,480,160,5
synthetic_ungradable/synth_ungradable_00870_blur.jpg,160_no_clahe/synth_ungradable_00870_blur.png,16,16,496,496,0,0,480,160,5
synthetic_ungradable/synth_ungradable_00397_blur.jpg,160_no_clahe/synth_ungradable_00397_blur.png,20,20,492,492,0,0,472,160,5
synthetic_ungradable/synth_ungradable_00766_blur.jpg,160_no_clahe/synth_ungradable_00766_blur.png,11,11,501,501,0,0,490,160,5
DR_grading/train/007-4926-300.jpg,160_no_clahe/007-4926-300.png,7,6,507,512,0,3,506,160,2
DR_grading/train/007-0609-000.jpg,160_no_clahe/007-0609-000.png,0,0,512,512,0,0,512,160,0
DR_grading/train/007-0452-000.jpg,160_no_clahe/007-0452-000.png,7,8,504,504,0,0,497,160,0
DR_grading/train/007-3424-200.jpg,160_no_clahe/007-3424-200.png,7,0,506,511,0,6,511,160,2
synthetic_ungradable/synth_ungradable_00642_blur.jpg,160_no_clahe/synth_ungradable_00642_blur.png,16,16,497,497,0,0,481,160,5
DR_grading/train/007-1944-100.jpg,160_no_clahe/007-1944-100.png,7,6,507,508,0,1,502,160,0
synthetic_ungradable/synth_ungradable_00612_dark.jpg,160_no_clahe/synth_ungradable_00612_dark.png,22,21,490,491,0,1,470,160,5
DR_grading/train/20170207103824784.jpg,160_no_clahe/20170207103824784.png,8,8,504,505,0,0,497,160,0
synthetic_ungradable/synth_ungradable_00960_blur.jpg,160_no_clahe/synth_ungradable_00960_blur.png,12,12,500,512,0,6,500,160,5
DR_grading/train/007-1037-000.jpg,160_no_clahe/007-1037-000.png,8,6,505,512,0,4,506,160,0
synthetic_ungradable/synth_ungradable_00725_dark.jpg,160_no_clahe/synth_ungradable_00725_dark.png,20,20,493,493,0,0,473,160,5
synthetic_ungradable/synth_ungradable_00683_dark.jpg,160_no_clahe/synth_ungradable_00683_dark.png,22,23,490,490,0,0,468,160,5
synthetic_ungradable/synth_ungradable_00098_dark.jpg,160_no_clahe/synth_ungradable_00098_dark.png,20,21,492,492,0,0,472,160,5
synthetic_ungradable/synth_ungradable_00804_blur.jpg,160_no_clahe/synth_ungradable_00804_blur.png,14,14,499,499,0,0,485,160,5
DR_grading/train/007-3413-200.jpg,160_no_clahe/007-3413-200.png,6,5,509,508,0,0,503,160,2
DR_grading/train/007-2640-100.jpg,160_no_clahe/007-2640-100.png,5,3,506,512,0,4,509,160,2
synthetic_ungradable/synth_ungradable_00406_dark.jpg,160_no_clahe/synth_ungradable_00406_dark.png,20,21,492,492,0,0,472,160,5
synthetic_ungradable/synth_ungradable_00502_blur.jpg,160_no_clahe/synth_ungradable_00502_blur.png,13,13,501,501,0,0,488,160,5
DR_grading/train/007-4217-200.jpg,160_no_clahe/007-4217-200.png,0,0,512,512,0,0,512,160,2
DR_grading/train/007-1734-000.jpg,160_no_clahe/007-1734-000.png,0,0,512,512,0,0,512,160,0
synthetic_ungradable/synth_ungradable_00929_blur.jpg,160_no_clahe/synth_ungradable_00929_blur.png,22,22,490,490,0,0,468,160,5
synthetic_ungradable/synth_ungradable_00779_blur.jpg,160_no_clahe/synth_ungradable_00779_blur.png,19,19,493,493,0,0,474,160,5
synthetic_ungradable/synth_ungradable_00200_dark.jpg,160_no_clahe/synth_ungradable_00200_dark.png,22,22,490,490,0,0,468,160,5
synthetic_ungradable/synth_ungradable_00134_bright.jpg,160_no_clahe/synth_ungradable_00134_bright.png,18,17,496,496,0,0,479,160,5
DR_grading/train/20170224105714794.jpg,160_no_clahe/20170224105714794.png,7,5,505,504,0,0,499,160,0
synthetic_ungradable/synth_ungradable_00040_blur.jpg,160_no_clahe/synth_ungradable_00040_blur.png,19,18,493,493,0,0,475,160,5
DR_grading/train/007-1277-000.jpg,160_no_clahe/007-1277-000.png,0,0,512,512,0,0,512,160,0
synthetic_ungradable/synth_ungradable_00230_blur.jpg,160_no_clahe/synth_ungradable_00230_blur.png,16,16,496,496,0,0,480,160,5
DR_grading/train/007-6214-300.jpg,160_no_clahe/007-6214-300.png,348,0,2645,2000,148,0,2297,160,3
DR_grading/train/007-2341-100.jpg,160_no_clahe/007-2341-100.png,6,3,511,512,0,2,509,160,1
synthetic_ungradable/synth_ungradable_00378_bright.jpg,160_no_clahe/synth_ungradable_00378_bright.png,24,24,488,488,0,0,464,160,5
synthetic_ungradable/synth_ungradable_00288_blur.jpg,160_no_clahe/synth_ungradable_00288_blur.png,14,14,500,499,0,0,486,160,5
synthetic_ungradable/synth_ungradable_00418_blur.jpg,160_no_clahe/synth_ungradable_00418_blur.png,4,16,497,507,1,0,493,160,5
DR_grading/train/007-5381-300.jpg,160_no_clahe/007-5381-300.png,4,2,508,512,0,3,510,160,2
synthetic_ungradable/synth_ungradable_00391_dark.jpg,160_no_clahe/synth_ungradable_00391_dark.png,20,19,493,494,0,1,475,160,5
synthetic_ungradable/synth_ungradable_00592_bright.jpg,160_no_clahe/synth_ungradable_00592_bright.png,24,25,488,487,1,0,464,160,5
DR_grading/train/007-6066-300.jpg,160_no_clahe/007-6066-300.png,0,0,512,512,0,0,512,160,2
DR_grading/train/20170208174537830.jpg,160_no_clahe/20170208174537830.png,8,8,505,504,0,0,497,160,0
DR_grading/train/20170208101614671.jpg,160_no_clahe/20170208101614671.png,0,0,512,512,0,0,512,160,0
DR_grading/train/007-6261-300.jpg,160_no_clahe/007-6261-300.png,538,82,2198,1742,0,0,1660,160,2
synthetic_ungradable/synth_ungradable_00647_blur.jpg,160_no_clahe/synth_ungradable_00647_blur.png,13,14,499,499,0,0,486,160,5
DR_grading/train/007-1971-100.jpg,160_no_clahe/007-1971-100.png,6,5,506,510,0,2,505,160,1
DR_grading/train/007-5223-300.jpg,160_no_clahe/007-5223-300.png,0,0,512,512,0,0,512,160,3
synthetic_ungradable/synth_ungradable_00520_bright.jpg,160_no_clahe/synth_ungradable_00520_bright.png,16,16,496,496,0,0,480,160,5
DR_grading/train/20170324093304975.jpg,160_no_clahe/20170324093304975.png,5,1,508,511,0,3,510,160,0
synthetic_ungradable/synth_ungradable_00064_blur.jpg,160_no_clahe/synth_ungradable_00064_blur.png,7,13,500,500,3,0,493,160,5
DR_grading/train/007-1509-000.jpg,160_no_clahe/007-1509-000.png,0,1,512,512,0,0,512,160,0
synthetic_ungradable/synth_ungradable_00014_dark.jpg,160_no_clahe/synth_ungradable_00014_dark.png,27,27,484,484,0,0,457,160,5
DR_grading/train/007-1240-000.jpg,160_no_clahe/007-1240-000.png,4,6,510,512,0,0,506,160,0
DR_grading/train/007-0347-000.jpg,160_no_clahe/007-0347-000.png,141,19,2442,1979,170,0,2301,160,1
synthetic_ungradable/synth_ungradable_00492_blur.jpg,160_no_clahe/synth_ungradable_00492_blur.png,12,11,502,501,0,0,490,160,5
synthetic_ungradable/synth_ungradable_00379_dark.jpg,160_no_clahe/synth_ungradable_00379_dark.png,19,19,494,494,0,0,475,160,5
synthetic_ungradable/synth_ungradable_00187_bright.jpg,160_no_clahe/synth_ungradable_00187_bright.png,16,17,495,496,0,0,479,160,5
synthetic_ungradable/synth_ungradable_00763_bright.jpg,160_no_clahe/synth_ungradable_00763_bright.png,16,16,496,496,0,0,480,160,5
synthetic_ungradable/synth_ungradable_00216_dark.jpg,160_no_clahe/synth_ungradable_00216_dark.png,24,24,487,488,0,0,464,160,5
synthetic_ungradable/synth_ungradable_00791_blur.jpg,160_no_clahe/synth_ungradable_00791_blur.png,16,17,496,496,0,0,480,160,5
DR_grading/train/007-5797-300.jpg,160_no_clahe/007-5797-300.png,0,0,512,512,0,0,512,160,2
synthetic_ungradable/synth_ungradable_00878_bright.jpg,160_no_clahe/synth_ungradable_00878_bright.png,18,19,496,496,0,0,478,160,5
synthetic_ungradable/synth_ungradable_00337_blur.jpg,160_no_clahe/synth_ungradable_00337_blur.png,13,13,499,499,0,0,486,160,5
DR_grading/train/007-3312-200.jpg,160_no_clahe/007-3312-200.png,24,0,1448,1137,143,0,1424,160,2
synthetic_ungradable/synth_ungradable_00719_dark.jpg,160_no_clahe/synth_ungradable_00719_dark.png,24,24,487,487,0,0,463,160,5
DR_grading/train/007-1178-000.jpg,160_no_clahe/007-1178-000.png,0,0,512,512,0,0,512,160,0
synthetic_ungradable/synth_ungradable_00295_bright.jpg,160_no_clahe/synth_ungradable_00295_bright.png,17,16,496,496,0,0,480,160,5
DR_grading/train/007-2945-100.jpg,160_no_clahe/007-2945-100.png,119,19,2074,1679,147,0,1955,160,1
DR_grading/train/007-5527-300.jpg,160_no_clahe/007-5527-300.png,8,8,504,505,0,0,497,160,3
DR_grading/train/007-0996-000.jpg,160_no_clahe/007-0996-000.png,8,8,505,512,0,3,504,160,0
DR_grading/train/20170326080816565.jpg,160_no_clahe/20170326080816565.png,142,19,2442,1979,170,0,2300,160,0
DR_grading/train/007-1689-000.jpg,160_no_clahe/007-1689-000.png,4,4,509,508,0,0,505,160,2
synthetic_ungradable/synth_ungradable_00455_blur.jpg,160_no_clahe/synth_ungradable_00455_blur.png,12,13,500,500,0,0,488,160,5
DR_grading/train/007-0333-000.jpg,160_no_clahe/007-0333-000.png,141,19,2442,1979,170,0,2301,160,0
synthetic_ungradable/synth_ungradable_00815_dark.jpg,160_no_clahe/synth_ungradable_00815_dark.png,20,20,492,492,0,0,472,160,5
DR_grading/train/007-0827-000.jpg,160_no_clahe/007-0827-000.png,0,0,512,512,0,0,512,160,0
synthetic_ungradable/synth_ungradable_00269_bright.jpg,160_no_clahe/synth_ungradable_00269_bright.png,17,18,496,494,1,0,479,160,5
synthetic_ungradable/synth_ungradable_00995_bright.jpg,160_no_clahe/synth_ungradable_00995_bright.png,17,17,496,496,0,0,479,160,5
synthetic_ungradable/synth_ungradable_00201_bright.jpg,160_no_clahe/synth_ungradable_00201_bright.png,16,16,496,496,0,0,480,160,5
synthetic_ungradable/synth_ungradable_00161_dark.jpg,160_no_clahe/synth_ungradable_00161_dark.png,17,19,494,494,1,0,477,160,5
DR_grading/train/007-4132-200.jpg,160_no_clahe/007-4132-200.png,0,0,4288,2848,720,0,4288,160,2
synthetic_ungradable/synth_ungradable_00729_dark.jpg,160_no_clahe/synth_ungradable_00729_dark.png,20,20,493,493,0,0,473,160,5
synthetic_ungradable/synth_ungradable_00401_bright.jpg,160_no_clahe/synth_ungradable_00401_bright.png,16,17,496,496,0,0,480,160,5
synthetic_ungradable/synth_ungradable_00702_blur.jpg,160_no_clahe/synth_ungradable_00702_blur.png,12,6,501,501,0,3,495,160,5
DR_grading/train/007-3747-200.jpg,160_no_clahe/007-3747-200.png,6,0,505,506,0,3,506,160,2
DR_grading/train/007-6821-400.jpg,160_no_clahe/007-6821-400.png,8,8,504,504,0,0,496,160,4
DR_grading/train/007-2992-100.jpg,160_no_clahe/007-2992-100.png,4,4,508,509,0,0,505,160,2
DR_grading/train/20170120215156264.jpg,160_no_clahe/20170120215156264.png,6,0,504,505,0,3,505,160,0
synthetic_ungradable/synth_ungradable_00565_dark.jpg,160_no_clahe/synth_ungradable_00565_dark.png,24,24,488,488,0,0,464,160,5
DR_grading/train/007-2820-100.jpg,160_no_clahe/007-2820-100.png,1,1,512,511,0,0,511,160,2
DR_grading/train/007-1780-100.jpg,160_no_clahe/007-1780-100.png,8,6,504,504,0,1,498,160,1
DR_grading/train/007-5137-300.jpg,160_no_clahe/007-5137-300.png,7,4,504,507,0,3,503,160,2
DR_grading/train/20170406085447924.jpg,160_no_clahe/20170406085447924.png,7,1,508,511,0,4,510,160,0
DR_grading/train/007-3733-200.jpg,160_no_clahe/007-3733-200.png,0,0,512,512,0,0,512,160,2
DR_grading/train/007-1869-100.jpg,160_no_clahe/007-1869-100.png,0,0,512,512,0,0,512,160,1
DR_grading/train/007-4233-200.jpg,160_no_clahe/007-4233-200.png,0,0,512,512,0,0,512,160,2
synthetic_ungradable/synth_ungradable_00205_dark.jpg,160_no_clahe/synth_ungradable_00205_dark.png,19,19,494,494,0,0,475,160,5
synthetic_ungradable/synth_ungradable_00034_blur.jpg,160_no_clahe/synth_ungradable_00034_blur.png,14,14,498,498,0,0,484,160,5
synthetic_ungradable/synth_ungradable_00775_bright.jpg,160_no_clahe/synth_ungradable_00775_bright.png,23,23,489,489,0,0,466,160,5
synthetic_ungradable/synth_ungradable_00508_dark.jpg,160_no_clahe/synth_ungradable_00508_dark.png,20,20,493,493,0,0,473,160,5
DR_grading/train/007-0673-000.jpg,160_no_clahe/007-0673-000.png,8,8,504,504,0,0,496,160,0
DR_grading/train/007-0036-000.jpg,160_no_clahe/007-0036-000.png,0,0,512,512,0,0,512,160,0
DR_grading/train/007-6658-400.jpg,160_no_clahe/007-6658-400.png,0,0,512,512,0,0,512,160,4
DR_grading/train/20170215102114029.jpg,160_no_clahe/20170215102114029.png,7,8,504,504,0,0,497,160,0
synthetic_ungradable/synth_ungradable_00091_blur.jpg,160_no_clahe/synth_ungradable_00091_blur.png,14,16,498,498,1,0,484,160,5
DR_grading/train/007-1700-000.jpg,160_no_clahe/007-1700-000.png,8,8,505,511,0,3,503,160,0
synthetic_ungradable/synth_ungradable_00897_bright.jpg,160_no_clahe/synth_ungradable_00897_bright.png,17,16,496,496,0,0,480,160,5
synthetic_ungradable/synth_ungradable_00564_blur.jpg,160_no_clahe/synth_ungradable_00564_blur.png,13,13,500,500,0,0,487,160,5
DR_grading/train/007-4279-200.jpg,160_no_clahe/007-4279-200.png,0,0,512,512,0,0,512,160,2
synthetic_ungradable/synth_ungradable_00776_blur.jpg,160_no_clahe/synth_ungradable_00776_blur.png,10,12,501,501,1,0,491,160,5
synthetic_ungradable/synth_ungradable_00241_bright.jpg,160_no_clahe/synth_ungradable_00241_bright.png,17,18,492,491,1,0,475,160,5
synthetic_ungradable/synth_ungradable_00013_dark.jpg,160_no_clahe/synth_ungradable_00013_dark.png,20,20,493,493,0,0,473,160,5
synthetic_ungradable/synth_ungradable_00315_dark.jpg,160_no_clahe/synth_ungradable_00315_dark.png,18,19,493,494,0,0,475,160,5
synthetic_ungradable/synth_ungradable_00600_bright.jpg,160_no_clahe/synth_ungradable_00600_bright.png,16,17,495,496,0,0,479,160,5
synthetic_ungradable/synth_ungradable_00387_blur.jpg,160_no_clahe/synth_ungradable_00387_blur.png,13,12,500,500,0,0,488,160,5
DR_grading/train/007-4161-200.jpg,160_no_clahe/007-4161-200.png,0,0,512,512,0,0,512,160,2
synthetic_ungradable/synth_ungradable_00166_blur.jpg,160_no_clahe/synth_ungradable_00166_blur.png,14,14,499,499,0,0,485,160,5
synthetic_ungradable/synth_ungradable_00840_bright.jpg,160_no_clahe/synth_ungradable_00840_bright.png,20,21,492,492,0,0,472,160,5
synthetic_ungradable/synth_ungradable_00020_bright.jpg,160_no_clahe/synth_ungradable_00020_bright.png,16,16,496,496,0,0,480,160,5
synthetic_ungradable/synth_ungradable_00646_blur.jpg,160_no_clahe/synth_ungradable_00646_blur.png,20,20,491,491,0,0,471,160,5
DR_grading/train/007-5257-300.jpg,160_no_clahe/007-5257-300.png,5,8,504,509,0,1,501,160,2
DR_grading/train/007-2418-100.jpg,160_no_clahe/007-2418-100.png,7,4,504,507,0,3,503,160,2
DR_grading/train/007-5042-300.jpg,160_no_clahe/007-5042-300.png,62,9,1474,1142,139,0,1412,160,2
DR_grading/train/007-0629-000.jpg,160_no_clahe/007-0629-000.png,0,0,512,512,0,0,512,160,1
synthetic_ungradable/synth_ungradable_00831_dark.jpg,160_no_clahe/synth_ungradable_00831_dark.png,19,19,494,495,0,0,476,160,5
DR_grading/train/007-2223-100.jpg,160_no_clahe/007-2223-100.png,0,0,512,512,0,0,512,160,0
DR_grading/train/007-0687-000.jpg,160_no_clahe/007-0687-000.png,8,8,504,504,0,0,496,160,0
DR_grading/train/20170331085540124.jpg,160_no_clahe/20170331085540124.png,6,0,509,511,0,4,511,160,0
synthetic_ungradable/synth_ungradable_00562_bright.jpg,160_no_clahe/synth_ungradable_00562_bright.png,16,16,496,495,0,0,480,160,5
DR_grading/train/007-0759-000.jpg,160_no_clahe/007-0759-000.png,2,0,512,512,0,1,512,160,0
synthetic_ungradable/synth_ungradable_00686_bright.jpg,160_no_clahe/synth_ungradable_00686_bright.png,17,18,496,494,1,0,479,160,5
synthetic_ungradable/synth_ungradable_00957_blur.jpg,160_no_clahe/synth_ungradable_00957_blur.png,13,13,500,501,0,0,488,160,5
synthetic_ungradable/synth_ungradable_00189_dark.jpg,160_no_clahe/synth_ungradable_00189_dark.png,16,16,494,496,0,1,480,160,5
DR_grading/train/20170216104034957.jpg,160_no_clahe/20170216104034957.png,9,8,504,504,0,0,496,160,0
synthetic_ungradable/synth_ungradable_00975_bright.jpg,160_no_clahe/synth_ungradable_00975_bright.png,17,16,495,495,0,0,479,160,5
synthetic_ungradable/synth_ungradable_00699_blur.jpg,160_no_clahe/synth_ungradable_00699_blur.png,0,12,501,502,5,0,501,160,5
DR_grading/train/007-7831-601.jpg,160_no_clahe/007-7831-601.png,8,8,504,504,0,0,496,160,4
DR_grading/train/007-6000-300.jpg,160_no_clahe/007-6000-300.png,62,9,1475,1143,139,0,1413,160,3
synthetic_ungradable/synth_ungradable_00510_dark.jpg,160_no_clahe/synth_ungradable_00510_dark.png,20,19,494,494,0,0,475,160,5
DR_grading/train/007-1627-000.jpg,160_no_clahe/007-1627-000.png,5,2,508,507,0,1,505,160,0
synthetic_ungradable/synth_ungradable_00474_blur.jpg,160_no_clahe/synth_ungradable_00474_blur.png,14,14,499,499,0,0,485,160,5
DR_grading/train/20170211092207309.jpg,160_no_clahe/20170211092207309.png,141,19,2442,1979,170,0,2301,160,0
synthetic_ungradable/synth_ungradable_00856_blur.jpg,160_no_clahe/synth_ungradable_00856_blur.png,16,16,497,497,0,0,481,160,5
synthetic_ungradable/synth_ungradable_00747_bright.jpg,160_no_clahe/synth_ungradable_00747_bright.png,24,24,488,488,0,0,464,160,5
synthetic_ungradable/synth_ungradable_00252_bright.jpg,160_no_clahe/synth_ungradable_00252_bright.png,17,16,495,496,0,1,480,160,5
synthetic_ungradable/synth_ungradable_00021_blur.jpg,160_no_clahe/synth_ungradable_00021_blur.png,18,19,493,493,0,0,475,160,5
DR_grading/train/007-2689-100.jpg,160_no_clahe/007-2689-100.png,0,0,512,512,0,0,512,160,1
synthetic_ungradable/synth_ungradable_00459_bright.jpg,160_no_clahe/synth_ungradable_00459_bright.png,18,19,493,495,0,0,476,160,5
DR_grading/train/007-0128-000.jpg,160_no_clahe/007-0128-000.png,7,5,505,508,0,2,503,160,0
synthetic_ungradable/synth_ungradable_00276_blur.jpg,160_no_clahe/synth_ungradable_00276_blur.png,23,23,490,490,0,0,467,160,5
synthetic_ungradable/synth_ungradable_00955_blur.jpg,160_no_clahe/synth_ungradable_00955_blur.png,14,14,499,500,0,0,486,160,5
DR_grading/train/20170331144918556.jpg,160_no_clahe/20170331144918556.png,141,19,2443,1979,171,0,2302,160,0
synthetic_ungradable/synth_ungradable_00385_bright.jpg,160_no_clahe/synth_ungradable_00385_bright.png,16,16,496,496,0,0,480,160,5
synthetic_ungradable/synth_ungradable_00805_blur.jpg,160_no_clahe/synth_ungradable_00805_blur.png,10,10,499,499,0,0,489,160,5
DR_grading/train/007-0793-000.jpg,160_no_clahe/007-0793-000.png,0,0,512,512,0,0,512,160,0
DR_grading/train/20170124162232665.jpg,160_no_clahe/20170124162232665.png,115,151,2869,2907,0,1,2756,160,0
synthetic_ungradable/synth_ungradable_00343_blur.jpg,160_no_clahe/synth_ungradable_00343_blur.png,19,19,493,493,0,0,474,160,5
synthetic_ungradable/synth_ungradable_00769_bright.jpg,160_no_clahe/synth_ungradable_00769_bright.png,26,25,488,488,0,0,463,160,5
DR_grading/train/007-5931-300.jpg,160_no_clahe/007-5931-300.png,8,8,504,504,0,0,496,160,2
DR_grading/train/007-0265-000.jpg,160_no_clahe/007-0265-000.png,5,5,505,505,0,0,500,160,0
synthetic_ungradable/synth_ungradable_00130_blur.jpg,160_no_clahe/synth_ungradable_00130_blur.png,15,16,498,498,0,0,483,160,5
DR_grading/train/007-4519-200.jpg,160_no_clahe/007-4519-200.png,0,0,512,512,0,0,512,160,4
synthetic_ungradable/synth_ungradable_00871_blur.jpg,160_no_clahe/synth_ungradable_00871_blur.png,16,16,497,497,0,0,481,160,5
DR_grading/train/007-6831-400.jpg,160_no_clahe/007-6831-400.png,0,0,512,512,0,0,512,160,4
DR_grading/train/20170407234957611.jpg,160_no_clahe/20170407234957611.png,7,0,504,509,0,6,509,160,0
synthetic_ungradable/synth_ungradable_00087_blur.jpg,160_no_clahe/synth_ungradable_00087_blur.png,13,0,499,499,0,6,499,160,5
DR_grading/train/007-3819-200.jpg,160_no_clahe/007-3819-200.png,7,7,503,507,0,2,500,160,2
synthetic_ungradable/synth_ungradable_00330_blur.jpg,160_no_clahe/synth_ungradable_00330_blur.png,16,16,497,497,0,0,481,160,5
DR_grading/train/20170313172947430.jpg,160_no_clahe/20170313172947430.png,8,6,504,505,0,1,499,160,0
synthetic_ungradable/synth_ungradable_00466_blur.jpg,160_no_clahe/synth_ungradable_00466_blur.png,13,12,500,500,0,0,488,160,5
synthetic_ungradable/synth_ungradable_00121_dark.jpg,160_no_clahe/synth_ungradable_00121_dark.png,20,19,493,494,0,1,475,160,5
DR_grading/train/007-5997-300.jpg,160_no_clahe/007-5997-300.png,62,9,1475,1142,140,0,1413,160,2
DR_grading/train/007-6848-400.jpg,160_no_clahe/007-6848-400.png,0,0,512,512,0,0,512,160,4
DR_grading/train/007-4154-200.jpg,160_no_clahe/007-4154-200.png,9,8,504,504,0,0,496,160,3
DR_grading/train/007-6777-400.jpg,160_no_clahe/007-6777-400.png,0,0,4288,2848,720,0,4288,160,4
DR_grading/train/007-1204-000.jpg,160_no_clahe/007-1204-000.png,6,4,506,508,0,2,504,160,0
DR_grading/train/007-2028-100.jpg,160_no_clahe/007-2028-100.png,62,9,1474,1143,139,0,1412,160,2
synthetic_ungradable/synth_ungradable_00860_blur.jpg,160_no_clahe/synth_ungradable_00860_blur.png,21,21,491,491,0,0,470,160,5
DR_grading/train/007-1556-000.jpg,160_no_clahe/007-1556-000.png,0,0,512,512,0,0,512,160,2
DR_grading/train/007-1181-000.jpg,160_no_clahe/007-1181-000.png,8,4,504,504,0,2,500,160,1
